<?xml version="1.0" encoding="ISO-8859-1"?> 
<?xml-stylesheet href="latest_ob.xsl" type="text/xsl"?>
<current_observation version="1.0"
	 xmlns:xsd="http://www.w3.org/2001/XMLSchema"
	 xmlns:xsi="http://www.w3.org/2001/XMLSchema-instance"
	 xsi:noNamespaceSchemaLocation="http://www.weather.gov/view/current_observation.xsd">
	<credit>NOAA's National Weather Service</credit>
	<credit_URL>http://weather.gov/</credit_URL>
	<image>
		<url>http://weather.gov/images/xml_logo.gif</url>
		<title>NOAA's National Weather Service</title>
		<link>http://weather.gov</link>
	</image>
	<suggested_pickup>15 minutes after the hour</suggested_pickup>
	<suggested_pickup_period>60</suggested_pickup_period>
	<location>HARRINGTON CDA CS, PE</location>
	<station_id>CAHR</station_id>
	<latitude>46.35</latitude>
	<longitude>-63.17</longitude>
	<observation_time>Last Updated on Feb 22 2018, 6:00 pm AST</observation_time>
        <observation_time_rfc822>Thu, 22 Feb 2018 18:00:00 -0400</observation_time_rfc822>
	<temperature_string>44.0 F (6.8 C)</temperature_string>
	<temp_f>44.0</temp_f>
	<temp_c>6.8</temp_c>
	<relative_humidity>95</relative_humidity>
	<wind_string>from the Southwest at 11.5 gusting to 17.3 MPH (10 gusting to 15 KT)</wind_string>
	<wind_dir>Southwest</wind_dir>
	<wind_degrees>210</wind_degrees>
	<wind_mph>11.5</wind_mph>
	<wind_gust_mph>17.3</wind_gust_mph>
	<wind_kt>10</wind_kt>
	<wind_gust_kt>15</wind_gust_kt>
	<pressure_string>1010.9 mb</pressure_string>
	<pressure_mb>1010.9</pressure_mb>
	<dewpoint_string>43.0 F (6.1 C)</dewpoint_string>
	<dewpoint_f>43.0</dewpoint_f>
	<dewpoint_c>6.1</dewpoint_c>
	<windchill_string>38 F (3 C)</windchill_string>
      	<windchill_f>38</windchill_f>
      	<windchill_c>3</windchill_c>
	<two_day_history_url>http://www.weather.gov/data/obhistory/CAHR.html</two_day_history_url>
	<ob_url>http://www.weather.gov/data/METAR/CAHR.1.txt</ob_url>
	<disclaimer_url>http://weather.gov/disclaimer.html</disclaimer_url>
	<copyright_url>http://weather.gov/disclaimer.html</copyright_url>
	<privacy_policy_url>http://weather.gov/notice.html</privacy_policy_url>
</current_observation>
