<?xml version="1.0" encoding="ISO-8859-1"?> 
<?xml-stylesheet href="latest_ob.xsl" type="text/xsl"?>
<current_observation version="1.0"
	 xmlns:xsd="http://www.w3.org/2001/XMLSchema"
	 xmlns:xsi="http://www.w3.org/2001/XMLSchema-instance"
	 xsi:noNamespaceSchemaLocation="http://www.weather.gov/view/current_observation.xsd">
	<credit>NOAA's National Weather Service</credit>
	<credit_URL>http://weather.gov/</credit_URL>
	<image>
		<url>http://weather.gov/images/xml_logo.gif</url>
		<title>NOAA's National Weather Service</title>
		<link>http://weather.gov</link>
	</image>
	<suggested_pickup>15 minutes after the hour</suggested_pickup>
	<suggested_pickup_period>60</suggested_pickup_period>
	<location>Enchant, AB</location>
	<station_id>CPEH</station_id>
	<latitude>50.1833</latitude>
	<longitude>-112.433</longitude>
	<observation_time>Last Updated on Feb 22 2018, 2:00 pm MST</observation_time>
        <observation_time_rfc822>Thu, 22 Feb 2018 14:00:00 -0700</observation_time_rfc822>
	<temperature_string>19.0 F (-7.4 C)</temperature_string>
	<temp_f>19.0</temp_f>
	<temp_c>-7.4</temp_c>
	<relative_humidity>82</relative_humidity>
	<wind_string>North at 8.1 MPH (7 KT)</wind_string>
	<wind_dir>North</wind_dir>
	<wind_degrees>350</wind_degrees>
	<wind_mph>8.1</wind_mph>
	<wind_kt>7</wind_kt>
	<dewpoint_string>14.0 F (-10.0 C)</dewpoint_string>
	<dewpoint_f>14.0</dewpoint_f>
	<dewpoint_c>-10.0</dewpoint_c>
	<windchill_string>9 F (-13 C)</windchill_string>
      	<windchill_f>9</windchill_f>
      	<windchill_c>-13</windchill_c>
	<two_day_history_url>http://www.weather.gov/data/obhistory/CPEH.html</two_day_history_url>
	<ob_url>http://www.weather.gov/data/METAR/CPEH.1.txt</ob_url>
	<disclaimer_url>http://weather.gov/disclaimer.html</disclaimer_url>
	<copyright_url>http://weather.gov/disclaimer.html</copyright_url>
	<privacy_policy_url>http://weather.gov/notice.html</privacy_policy_url>
</current_observation>
