<?xml version="1.0" encoding="ISO-8859-1"?> 
<?xml-stylesheet href="latest_ob.xsl" type="text/xsl"?>
<current_observation version="1.0"
	 xmlns:xsd="http://www.w3.org/2001/XMLSchema"
	 xmlns:xsi="http://www.w3.org/2001/XMLSchema-instance"
	 xsi:noNamespaceSchemaLocation="http://www.weather.gov/view/current_observation.xsd">
	<credit>NOAA's National Weather Service</credit>
	<credit_URL>http://weather.gov/</credit_URL>
	<image>
		<url>http://weather.gov/images/xml_logo.gif</url>
		<title>NOAA's National Weather Service</title>
		<link>http://weather.gov</link>
	</image>
	<suggested_pickup>15 minutes after the hour</suggested_pickup>
	<suggested_pickup_period>60</suggested_pickup_period>
	<location>Algonquin Park East Gate, ON</location>
	<station_id>CTNK</station_id>
	<latitude>45.5333</latitude>
	<longitude>-78.2667</longitude>
	<observation_time>Last Updated on Oct 17 2017, 1:00 pm EDT</observation_time>
        <observation_time_rfc822>Tue, 17 Oct 2017 13:00:00 -0400</observation_time_rfc822>
	<temperature_string>57.0 F (14.1 C)</temperature_string>
	<temp_f>57.0</temp_f>
	<temp_c>14.1</temp_c>
	<relative_humidity>50</relative_humidity>
	<wind_string>from the Southwest at 6.9 gusting to 17.3 MPH (6 gusting to 15 KT)</wind_string>
	<wind_dir>Southwest</wind_dir>
	<wind_degrees>220</wind_degrees>
	<wind_mph>6.9</wind_mph>
	<wind_gust_mph>17.3</wind_gust_mph>
	<wind_kt>6</wind_kt>
	<wind_gust_kt>15</wind_gust_kt>
	<dewpoint_string>38.8 F (3.8 C)</dewpoint_string>
	<dewpoint_f>38.8</dewpoint_f>
	<dewpoint_c>3.8</dewpoint_c>
	<windchill_string>56 F (13 C)</windchill_string>
      	<windchill_f>56</windchill_f>
      	<windchill_c>13</windchill_c>
	<two_day_history_url>http://www.weather.gov/data/obhistory/CTNK.html</two_day_history_url>
	<ob_url>http://www.weather.gov/data/METAR/CTNK.1.txt</ob_url>
	<disclaimer_url>http://weather.gov/disclaimer.html</disclaimer_url>
	<copyright_url>http://weather.gov/disclaimer.html</copyright_url>
	<privacy_policy_url>http://weather.gov/notice.html</privacy_policy_url>
</current_observation>
