<?xml version="1.0" encoding="ISO-8859-1"?> 
<?xml-stylesheet href="latest_ob.xsl" type="text/xsl"?>
<current_observation version="1.0"
	 xmlns:xsd="http://www.w3.org/2001/XMLSchema"
	 xmlns:xsi="http://www.w3.org/2001/XMLSchema-instance"
	 xsi:noNamespaceSchemaLocation="http://www.weather.gov/view/current_observation.xsd">
	<credit>NOAA's National Weather Service</credit>
	<credit_URL>http://weather.gov/</credit_URL>
	<image>
		<url>http://weather.gov/images/xml_logo.gif</url>
		<title>NOAA's National Weather Service</title>
		<link>http://weather.gov</link>
	</image>
	<suggested_pickup>15 minutes after the hour</suggested_pickup>
	<suggested_pickup_period>60</suggested_pickup_period>
	<location>Rawson Lake, ON</location>
	<station_id>CTRA</station_id>
	<latitude>49.6642</latitude>
	<longitude>-93.7328</longitude>
	<observation_time>Last Updated on Oct 17 2017, 12:00 pm CDT</observation_time>
        <observation_time_rfc822>Tue, 17 Oct 2017 12:00:00 -0500</observation_time_rfc822>
	<temperature_string>58.0 F (14.4 C)</temperature_string>
	<temp_f>58.0</temp_f>
	<temp_c>14.4</temp_c>
	<relative_humidity>46</relative_humidity>
	<wind_string>South at 8.1 MPH (7 KT)</wind_string>
	<wind_dir>South</wind_dir>
	<wind_degrees>190</wind_degrees>
	<wind_mph>8.1</wind_mph>
	<wind_kt>7</wind_kt>
	<pressure_string>1010.0 mb</pressure_string>
	<pressure_mb>1010.0</pressure_mb>
	<dewpoint_string>36.9 F (2.7 C)</dewpoint_string>
	<dewpoint_f>36.9</dewpoint_f>
	<dewpoint_c>2.7</dewpoint_c>
	<windchill_string>56 F (13 C)</windchill_string>
      	<windchill_f>56</windchill_f>
      	<windchill_c>13</windchill_c>
	<two_day_history_url>http://www.weather.gov/data/obhistory/CTRA.html</two_day_history_url>
	<ob_url>http://www.weather.gov/data/METAR/CTRA.1.txt</ob_url>
	<disclaimer_url>http://weather.gov/disclaimer.html</disclaimer_url>
	<copyright_url>http://weather.gov/disclaimer.html</copyright_url>
	<privacy_policy_url>http://weather.gov/notice.html</privacy_policy_url>
</current_observation>
