<?xml version="1.0" encoding="ISO-8859-1"?> 
<?xml-stylesheet href="latest_ob.xsl" type="text/xsl"?>
<current_observation version="1.0"
	 xmlns:xsd="http://www.w3.org/2001/XMLSchema"
	 xmlns:xsi="http://www.w3.org/2001/XMLSchema-instance"
	 xsi:noNamespaceSchemaLocation="http://www.weather.gov/view/current_observation.xsd">
	<credit>NOAA's National Weather Service</credit>
	<credit_URL>http://weather.gov/</credit_URL>
	<image>
		<url>http://weather.gov/images/xml_logo.gif</url>
		<title>NOAA's National Weather Service</title>
		<link>http://weather.gov</link>
	</image>
	<suggested_pickup>15 minutes after the hour</suggested_pickup>
	<suggested_pickup_period>60</suggested_pickup_period>
	<location>Ile Rouge Meteorological Aeronautical Presentation System, QC</location>
	<station_id>CWAF</station_id>
	<latitude>48.08333</latitude>
	<longitude>-69.55</longitude>
	<observation_time>Last Updated on Oct 17 2017, 1:00 pm EDT</observation_time>
        <observation_time_rfc822>Tue, 17 Oct 2017 13:00:00 -0400</observation_time_rfc822>
	<weather>Breezy</weather>
	<temperature_string>43.0 F (6.3 C)</temperature_string>
	<temp_f>43.0</temp_f>
	<temp_c>6.3</temp_c>
	<relative_humidity>72</relative_humidity>
	<wind_string>South at 25.3 MPH (22 KT)</wind_string>
	<wind_dir>South</wind_dir>
	<wind_degrees>200</wind_degrees>
	<wind_mph>25.3</wind_mph>
	<wind_kt>22</wind_kt>
	<dewpoint_string>34.7 F (1.5 C)</dewpoint_string>
	<dewpoint_f>34.7</dewpoint_f>
	<dewpoint_c>1.5</dewpoint_c>
	<windchill_string>33 F (1 C)</windchill_string>
      	<windchill_f>33</windchill_f>
      	<windchill_c>1</windchill_c>
 	<icon_url_base>http://forecast.weather.gov/images/wtf/small/</icon_url_base>
	<two_day_history_url>http://www.weather.gov/data/obhistory/CWAF.html</two_day_history_url>
	<icon_url_name>wind.png</icon_url_name>
	<ob_url>http://www.weather.gov/data/METAR/CWAF.1.txt</ob_url>
	<disclaimer_url>http://weather.gov/disclaimer.html</disclaimer_url>
	<copyright_url>http://weather.gov/disclaimer.html</copyright_url>
	<privacy_policy_url>http://weather.gov/notice.html</privacy_policy_url>
</current_observation>
