<?xml version="1.0" encoding="ISO-8859-1"?> 
<?xml-stylesheet href="latest_ob.xsl" type="text/xsl"?>
<current_observation version="1.0"
	 xmlns:xsd="http://www.w3.org/2001/XMLSchema"
	 xmlns:xsi="http://www.w3.org/2001/XMLSchema-instance"
	 xsi:noNamespaceSchemaLocation="http://www.weather.gov/view/current_observation.xsd">
	<credit>NOAA's National Weather Service</credit>
	<credit_URL>http://weather.gov/</credit_URL>
	<image>
		<url>http://weather.gov/images/xml_logo.gif</url>
		<title>NOAA's National Weather Service</title>
		<link>http://weather.gov</link>
	</image>
	<suggested_pickup>15 minutes after the hour</suggested_pickup>
	<suggested_pickup_period>60</suggested_pickup_period>
	<location>Argentia, Nfld, NF</location>
	<station_id>CWAR</station_id>
	<latitude>47.3</latitude>
	<longitude>-54</longitude>
	<observation_time>Last Updated on Aug 3 2017, 1:00 pm ZDT</observation_time>
        <observation_time_rfc822>Thu, 03 Aug 2017 13:00:00 +0100</observation_time_rfc822>
	<temperature_string>59.0 F (15.2 C)</temperature_string>
	<temp_f>59.0</temp_f>
	<temp_c>15.2</temp_c>
	<relative_humidity>71</relative_humidity>
	<wind_string>South at 5.8 MPH (5 KT)</wind_string>
	<wind_dir>South</wind_dir>
	<wind_degrees>160</wind_degrees>
	<wind_mph>5.8</wind_mph>
	<wind_kt>5</wind_kt>
	<pressure_string>1027.1 mb</pressure_string>
	<pressure_mb>1027.1</pressure_mb>
	<dewpoint_string>49.8 F (9.9 C)</dewpoint_string>
	<dewpoint_f>49.8</dewpoint_f>
	<dewpoint_c>9.9</dewpoint_c>
	<windchill_string>58 F (14 C)</windchill_string>
      	<windchill_f>58</windchill_f>
      	<windchill_c>14</windchill_c>
	<two_day_history_url>http://www.weather.gov/data/obhistory/CWAR.html</two_day_history_url>
	<ob_url>http://www.weather.gov/data/METAR/CWAR.1.txt</ob_url>
	<disclaimer_url>http://weather.gov/disclaimer.html</disclaimer_url>
	<copyright_url>http://weather.gov/disclaimer.html</copyright_url>
	<privacy_policy_url>http://weather.gov/notice.html</privacy_policy_url>
</current_observation>
