<?xml version="1.0" encoding="ISO-8859-1"?> 
<?xml-stylesheet href="latest_ob.xsl" type="text/xsl"?>
<current_observation version="1.0"
	 xmlns:xsd="http://www.w3.org/2001/XMLSchema"
	 xmlns:xsi="http://www.w3.org/2001/XMLSchema-instance"
	 xsi:noNamespaceSchemaLocation="http://www.weather.gov/view/current_observation.xsd">
	<credit>NOAA's National Weather Service</credit>
	<credit_URL>http://weather.gov/</credit_URL>
	<image>
		<url>http://weather.gov/images/xml_logo.gif</url>
		<title>NOAA's National Weather Service</title>
		<link>http://weather.gov</link>
	</image>
	<suggested_pickup>15 minutes after the hour</suggested_pickup>
	<suggested_pickup_period>60</suggested_pickup_period>
	<location>Barrage Temiscamingue, QC</location>
	<station_id>CWBA</station_id>
	<latitude>46.7167</latitude>
	<longitude>-79.1</longitude>
	<observation_time>Last Updated on Oct 17 2017, 1:00 pm EDT</observation_time>
        <observation_time_rfc822>Tue, 17 Oct 2017 13:00:00 -0400</observation_time_rfc822>
	<temperature_string>56.0 F (13.5 C)</temperature_string>
	<temp_f>56.0</temp_f>
	<temp_c>13.5</temp_c>
	<relative_humidity>73</relative_humidity>
	<wind_string>from the South at 10.4 gusting to 21.9 MPH (9 gusting to 19 KT)</wind_string>
	<wind_dir>South</wind_dir>
	<wind_degrees>190</wind_degrees>
	<wind_mph>10.4</wind_mph>
	<wind_gust_mph>21.9</wind_gust_mph>
	<wind_kt>9</wind_kt>
	<wind_gust_kt>19</wind_gust_kt>
	<dewpoint_string>47.7 F (8.7 C)</dewpoint_string>
	<dewpoint_f>47.7</dewpoint_f>
	<dewpoint_c>8.7</dewpoint_c>
	<windchill_string>53 F (12 C)</windchill_string>
      	<windchill_f>53</windchill_f>
      	<windchill_c>12</windchill_c>
	<two_day_history_url>http://www.weather.gov/data/obhistory/CWBA.html</two_day_history_url>
	<ob_url>http://www.weather.gov/data/METAR/CWBA.1.txt</ob_url>
	<disclaimer_url>http://weather.gov/disclaimer.html</disclaimer_url>
	<copyright_url>http://weather.gov/disclaimer.html</copyright_url>
	<privacy_policy_url>http://weather.gov/notice.html</privacy_policy_url>
</current_observation>
