<?xml version="1.0" encoding="ISO-8859-1"?> 
<?xml-stylesheet href="latest_ob.xsl" type="text/xsl"?>
<current_observation version="1.0"
	 xmlns:xsd="http://www.w3.org/2001/XMLSchema"
	 xmlns:xsi="http://www.w3.org/2001/XMLSchema-instance"
	 xsi:noNamespaceSchemaLocation="http://www.weather.gov/view/current_observation.xsd">
	<credit>NOAA's National Weather Service</credit>
	<credit_URL>http://weather.gov/</credit_URL>
	<image>
		<url>http://weather.gov/images/xml_logo.gif</url>
		<title>NOAA's National Weather Service</title>
		<link>http://weather.gov</link>
	</image>
	<suggested_pickup>15 minutes after the hour</suggested_pickup>
	<suggested_pickup_period>60</suggested_pickup_period>
	<location>Caribou Point Meteorological Aeronautical Presentation System, NS</location>
	<station_id>CWBK</station_id>
	<latitude>45.7667</latitude>
	<longitude>-62.6833</longitude>
	<observation_time>Last Updated on Feb 22 2018, 5:00 pm AST</observation_time>
        <observation_time_rfc822>Thu, 22 Feb 2018 17:00:00 -0400</observation_time_rfc822>
	<temperature_string>23.0 F (-5.2 C)</temperature_string>
	<temp_f>23.0</temp_f>
	<temp_c>-5.2</temp_c>
	<relative_humidity>74</relative_humidity>
	<wind_string>Northwest at 11.5 MPH (10 KT)</wind_string>
	<wind_dir>Northwest</wind_dir>
	<wind_degrees>300</wind_degrees>
	<wind_mph>11.5</wind_mph>
	<wind_kt>10</wind_kt>
	<pressure_string>1034.7 mb</pressure_string>
	<pressure_mb>1034.7</pressure_mb>
	<dewpoint_string>15.4 F (-9.2 C)</dewpoint_string>
	<dewpoint_f>15.4</dewpoint_f>
	<dewpoint_c>-9.2</dewpoint_c>
	<windchill_string>12 F (-11 C)</windchill_string>
      	<windchill_f>12</windchill_f>
      	<windchill_c>-11</windchill_c>
	<two_day_history_url>http://www.weather.gov/data/obhistory/CWBK.html</two_day_history_url>
	<ob_url>http://www.weather.gov/data/METAR/CWBK.1.txt</ob_url>
	<disclaimer_url>http://weather.gov/disclaimer.html</disclaimer_url>
	<copyright_url>http://weather.gov/disclaimer.html</copyright_url>
	<privacy_policy_url>http://weather.gov/notice.html</privacy_policy_url>
</current_observation>
