<?xml version="1.0" encoding="ISO-8859-1"?> 
<?xml-stylesheet href="latest_ob.xsl" type="text/xsl"?>
<current_observation version="1.0"
	 xmlns:xsd="http://www.w3.org/2001/XMLSchema"
	 xmlns:xsi="http://www.w3.org/2001/XMLSchema-instance"
	 xsi:noNamespaceSchemaLocation="http://www.weather.gov/view/current_observation.xsd">
	<credit>NOAA's National Weather Service</credit>
	<credit_URL>http://weather.gov/</credit_URL>
	<image>
		<url>http://weather.gov/images/xml_logo.gif</url>
		<title>NOAA's National Weather Service</title>
		<link>http://weather.gov</link>
	</image>
	<suggested_pickup>15 minutes after the hour</suggested_pickup>
	<suggested_pickup_period>60</suggested_pickup_period>
	<location>Longue Point De Mingan, Que., QC</location>
	<station_id>CWBT</station_id>
	<latitude>50.2667</latitude>
	<longitude>-64.2333</longitude>
	<observation_time>Last Updated on Feb 22 2018, 4:00 pm EST</observation_time>
        <observation_time_rfc822>Thu, 22 Feb 2018 16:00:00 -0500</observation_time_rfc822>
	<temperature_string>15.0 F (-9.6 C)</temperature_string>
	<temp_f>15.0</temp_f>
	<temp_c>-9.6</temp_c>
	<relative_humidity>81</relative_humidity>
	<wind_string>from the West at 10.4 gusting to 23.0 MPH (9 gusting to 20 KT)</wind_string>
	<wind_dir>West</wind_dir>
	<wind_degrees>270</wind_degrees>
	<wind_mph>10.4</wind_mph>
	<wind_gust_mph>23.0</wind_gust_mph>
	<wind_kt>9</wind_kt>
	<wind_gust_kt>20</wind_gust_kt>
	<dewpoint_string>9.9 F (-12.3 C)</dewpoint_string>
	<dewpoint_f>9.9</dewpoint_f>
	<dewpoint_c>-12.3</dewpoint_c>
	<windchill_string>2 F (-17 C)</windchill_string>
      	<windchill_f>2</windchill_f>
      	<windchill_c>-17</windchill_c>
	<two_day_history_url>http://www.weather.gov/data/obhistory/CWBT.html</two_day_history_url>
	<ob_url>http://www.weather.gov/data/METAR/CWBT.1.txt</ob_url>
	<disclaimer_url>http://weather.gov/disclaimer.html</disclaimer_url>
	<copyright_url>http://weather.gov/disclaimer.html</copyright_url>
	<privacy_policy_url>http://weather.gov/notice.html</privacy_policy_url>
</current_observation>
