<?xml version="1.0" encoding="ISO-8859-1"?> 
<?xml-stylesheet href="latest_ob.xsl" type="text/xsl"?>
<current_observation version="1.0"
	 xmlns:xsd="http://www.w3.org/2001/XMLSchema"
	 xmlns:xsi="http://www.w3.org/2001/XMLSchema-instance"
	 xsi:noNamespaceSchemaLocation="http://www.weather.gov/view/current_observation.xsd">
	<credit>NOAA's National Weather Service</credit>
	<credit_URL>http://weather.gov/</credit_URL>
	<image>
		<url>http://weather.gov/images/xml_logo.gif</url>
		<title>NOAA's National Weather Service</title>
		<link>http://weather.gov</link>
	</image>
	<suggested_pickup>15 minutes after the hour</suggested_pickup>
	<suggested_pickup_period>60</suggested_pickup_period>
	<location>Beaven Island, NS</location>
	<station_id>CWBV</station_id>
	<latitude>44.82487</latitude>
	<longitude>-62.33772</longitude>
	<observation_time>Last Updated on Oct 17 2017, 1:00 pm EDT</observation_time>
        <observation_time_rfc822>Tue, 17 Oct 2017 13:00:00 -0400</observation_time_rfc822>
	<weather>Breezy</weather>
	<temperature_string>48.0 F (9.0 C)</temperature_string>
	<temp_f>48.0</temp_f>
	<temp_c>9.0</temp_c>
	<wind_string>from the North at 24.2 gusting to 29.9 MPH (21 gusting to 26 KT)</wind_string>
	<wind_dir>North</wind_dir>
	<wind_degrees>360</wind_degrees>
	<wind_mph>24.2</wind_mph>
	<wind_gust_mph>29.9</wind_gust_mph>
	<wind_kt>21</wind_kt>
	<wind_gust_kt>26</wind_gust_kt>
	<pressure_string>1017.0 mb</pressure_string>
	<pressure_mb>1017.0</pressure_mb>
	<windchill_string>40 F (4 C)</windchill_string>
      	<windchill_f>40</windchill_f>
      	<windchill_c>4</windchill_c>
 	<icon_url_base>http://forecast.weather.gov/images/wtf/small/</icon_url_base>
	<two_day_history_url>http://www.weather.gov/data/obhistory/CWBV.html</two_day_history_url>
	<icon_url_name>wind.png</icon_url_name>
	<ob_url>http://www.weather.gov/data/METAR/CWBV.1.txt</ob_url>
	<disclaimer_url>http://weather.gov/disclaimer.html</disclaimer_url>
	<copyright_url>http://weather.gov/disclaimer.html</copyright_url>
	<privacy_policy_url>http://weather.gov/notice.html</privacy_policy_url>
</current_observation>
