<?xml version="1.0" encoding="ISO-8859-1"?> 
<?xml-stylesheet href="latest_ob.xsl" type="text/xsl"?>
<current_observation version="1.0"
	 xmlns:xsd="http://www.w3.org/2001/XMLSchema"
	 xmlns:xsi="http://www.w3.org/2001/XMLSchema-instance"
	 xsi:noNamespaceSchemaLocation="http://www.weather.gov/view/current_observation.xsd">
	<credit>NOAA's National Weather Service</credit>
	<credit_URL>http://weather.gov/</credit_URL>
	<image>
		<url>http://weather.gov/images/xml_logo.gif</url>
		<title>NOAA's National Weather Service</title>
		<link>http://weather.gov</link>
	</image>
	<suggested_pickup>15 minutes after the hour</suggested_pickup>
	<suggested_pickup_period>60</suggested_pickup_period>
	<location>St Anicet, QC</location>
	<station_id>CWBZ</station_id>
	<latitude>45.11667</latitude>
	<longitude>-74.28333</longitude>
	<observation_time>Last Updated on Oct 17 2017, 1:00 pm EDT</observation_time>
        <observation_time_rfc822>Tue, 17 Oct 2017 13:00:00 -0400</observation_time_rfc822>
	<temperature_string>56.0 F (13.5 C)</temperature_string>
	<temp_f>56.0</temp_f>
	<temp_c>13.5</temp_c>
	<relative_humidity>49</relative_humidity>
	<wind_string>Southwest at 9.2 MPH (8 KT)</wind_string>
	<wind_dir>Southwest</wind_dir>
	<wind_degrees>220</wind_degrees>
	<wind_mph>9.2</wind_mph>
	<wind_kt>8</wind_kt>
	<pressure_string>1020.4 mb</pressure_string>
	<pressure_mb>1020.4</pressure_mb>
	<dewpoint_string>37.2 F (2.9 C)</dewpoint_string>
	<dewpoint_f>37.2</dewpoint_f>
	<dewpoint_c>2.9</dewpoint_c>
	<windchill_string>54 F (12 C)</windchill_string>
      	<windchill_f>54</windchill_f>
      	<windchill_c>12</windchill_c>
	<two_day_history_url>http://www.weather.gov/data/obhistory/CWBZ.html</two_day_history_url>
	<ob_url>http://www.weather.gov/data/METAR/CWBZ.1.txt</ob_url>
	<disclaimer_url>http://weather.gov/disclaimer.html</disclaimer_url>
	<copyright_url>http://weather.gov/disclaimer.html</copyright_url>
	<privacy_policy_url>http://weather.gov/notice.html</privacy_policy_url>
</current_observation>
