<?xml version="1.0" encoding="ISO-8859-1"?> 
<?xml-stylesheet href="latest_ob.xsl" type="text/xsl"?>
<current_observation version="1.0"
	 xmlns:xsd="http://www.w3.org/2001/XMLSchema"
	 xmlns:xsi="http://www.w3.org/2001/XMLSchema-instance"
	 xsi:noNamespaceSchemaLocation="http://www.weather.gov/view/current_observation.xsd">
	<credit>NOAA's National Weather Service</credit>
	<credit_URL>http://weather.gov/</credit_URL>
	<image>
		<url>http://weather.gov/images/xml_logo.gif</url>
		<title>NOAA's National Weather Service</title>
		<link>http://weather.gov</link>
	</image>
	<suggested_pickup>15 minutes after the hour</suggested_pickup>
	<suggested_pickup_period>60</suggested_pickup_period>
	<location>Collingwood Automatic Weather Reporting System, ON</location>
	<station_id>CWCO</station_id>
	<latitude>44.5</latitude>
	<longitude>-80.2167</longitude>
	<observation_time>Last Updated on Feb 22 2018, 4:00 pm EST</observation_time>
        <observation_time_rfc822>Thu, 22 Feb 2018 16:00:00 -0500</observation_time_rfc822>
	<temperature_string>34.0 F (1.1 C)</temperature_string>
	<temp_f>34.0</temp_f>
	<temp_c>1.1</temp_c>
	<relative_humidity>65</relative_humidity>
	<wind_string>East at 3.5 MPH (3 KT)</wind_string>
	<wind_dir>East</wind_dir>
	<wind_degrees>70</wind_degrees>
	<wind_mph>3.5</wind_mph>
	<wind_kt>3</wind_kt>
	<pressure_string>1037.7 mb</pressure_string>
	<pressure_mb>1037.7</pressure_mb>
	<dewpoint_string>23.4 F (-4.8 C)</dewpoint_string>
	<dewpoint_f>23.4</dewpoint_f>
	<dewpoint_c>-4.8</dewpoint_c>
	<two_day_history_url>http://www.weather.gov/data/obhistory/CWCO.html</two_day_history_url>
	<ob_url>http://www.weather.gov/data/METAR/CWCO.1.txt</ob_url>
	<disclaimer_url>http://weather.gov/disclaimer.html</disclaimer_url>
	<copyright_url>http://weather.gov/disclaimer.html</copyright_url>
	<privacy_policy_url>http://weather.gov/notice.html</privacy_policy_url>
</current_observation>
