<?xml version="1.0" encoding="ISO-8859-1"?> 
<?xml-stylesheet href="latest_ob.xsl" type="text/xsl"?>
<current_observation version="1.0"
	 xmlns:xsd="http://www.w3.org/2001/XMLSchema"
	 xmlns:xsi="http://www.w3.org/2001/XMLSchema-instance"
	 xsi:noNamespaceSchemaLocation="http://www.weather.gov/view/current_observation.xsd">
	<credit>NOAA's National Weather Service</credit>
	<credit_URL>http://weather.gov/</credit_URL>
	<image>
		<url>http://weather.gov/images/xml_logo.gif</url>
		<title>NOAA's National Weather Service</title>
		<link>http://weather.gov</link>
	</image>
	<suggested_pickup>15 minutes after the hour</suggested_pickup>
	<suggested_pickup_period>60</suggested_pickup_period>
	<location>Englee Meteorological Aeronautical Presentation System, NF</location>
	<station_id>CWDA</station_id>
	<latitude>50.7167</latitude>
	<longitude>-56.1167</longitude>
	<observation_time>Last Updated on Feb 22 2018, 9:00 pm ZST</observation_time>
        <observation_time_rfc822>Thu, 22 Feb 2018 21:00:00 +0000</observation_time_rfc822>
	<weather>Windy</weather>
	<temperature_string>12.0 F (-11.0 C)</temperature_string>
	<temp_f>12.0</temp_f>
	<temp_c>-11.0</temp_c>
	<relative_humidity>77</relative_humidity>
	<wind_string>from the Northwest at 26.5 gusting to 34.5 MPH (23 gusting to 30 KT)</wind_string>
	<wind_dir>Northwest</wind_dir>
	<wind_degrees>300</wind_degrees>
	<wind_mph>26.5</wind_mph>
	<wind_gust_mph>34.5</wind_gust_mph>
	<wind_kt>23</wind_kt>
	<wind_gust_kt>30</wind_gust_kt>
	<dewpoint_string>6.3 F (-14.3 C)</dewpoint_string>
	<dewpoint_f>6.3</dewpoint_f>
	<dewpoint_c>-14.3</dewpoint_c>
	<windchill_string>-9 F (-23 C)</windchill_string>
      	<windchill_f>-9</windchill_f>
      	<windchill_c>-23</windchill_c>
 	<icon_url_base>http://forecast.weather.gov/images/wtf/small/</icon_url_base>
	<two_day_history_url>http://www.weather.gov/data/obhistory/CWDA.html</two_day_history_url>
	<icon_url_name>nwind.png</icon_url_name>
	<ob_url>http://www.weather.gov/data/METAR/CWDA.1.txt</ob_url>
	<disclaimer_url>http://weather.gov/disclaimer.html</disclaimer_url>
	<copyright_url>http://weather.gov/disclaimer.html</copyright_url>
	<privacy_policy_url>http://weather.gov/notice.html</privacy_policy_url>
</current_observation>
