<?xml version="1.0" encoding="ISO-8859-1"?> 
<?xml-stylesheet href="latest_ob.xsl" type="text/xsl"?>
<current_observation version="1.0"
	 xmlns:xsd="http://www.w3.org/2001/XMLSchema"
	 xmlns:xsi="http://www.w3.org/2001/XMLSchema-instance"
	 xsi:noNamespaceSchemaLocation="http://www.weather.gov/view/current_observation.xsd">
	<credit>NOAA's National Weather Service</credit>
	<credit_URL>http://weather.gov/</credit_URL>
	<image>
		<url>http://weather.gov/images/xml_logo.gif</url>
		<title>NOAA's National Weather Service</title>
		<link>http://weather.gov</link>
	</image>
	<suggested_pickup>15 minutes after the hour</suggested_pickup>
	<suggested_pickup_period>60</suggested_pickup_period>
	<location>Englee Meteorological Aeronautical Presentation System, NF</location>
	<station_id>CWDA</station_id>
	<latitude>50.71667</latitude>
	<longitude>-56.11667</longitude>
	<observation_time>Last Updated on Oct 17 2017, 12:00 pm EDT</observation_time>
        <observation_time_rfc822>Tue, 17 Oct 2017 12:00:00 -0400</observation_time_rfc822>
	<temperature_string>41.0 F (4.8 C)</temperature_string>
	<temp_f>41.0</temp_f>
	<temp_c>4.8</temp_c>
	<relative_humidity>87</relative_humidity>
	<wind_string>Calm</wind_string>
	<wind_dir>North</wind_dir>
	<wind_degrees>0</wind_degrees>
	<wind_mph>0.0</wind_mph>
	<wind_kt>0</wind_kt>
	<pressure_string>1011.5 mb</pressure_string>
	<pressure_mb>1011.5</pressure_mb>
	<dewpoint_string>37.0 F (2.8 C)</dewpoint_string>
	<dewpoint_f>37.0</dewpoint_f>
	<dewpoint_c>2.8</dewpoint_c>
	<two_day_history_url>http://www.weather.gov/data/obhistory/CWDA.html</two_day_history_url>
	<ob_url>http://www.weather.gov/data/METAR/CWDA.1.txt</ob_url>
	<disclaimer_url>http://weather.gov/disclaimer.html</disclaimer_url>
	<copyright_url>http://weather.gov/disclaimer.html</copyright_url>
	<privacy_policy_url>http://weather.gov/notice.html</privacy_policy_url>
</current_observation>
