<?xml version="1.0" encoding="ISO-8859-1"?> 
<?xml-stylesheet href="latest_ob.xsl" type="text/xsl"?>
<current_observation version="1.0"
	 xmlns:xsd="http://www.w3.org/2001/XMLSchema"
	 xmlns:xsi="http://www.w3.org/2001/XMLSchema-instance"
	 xsi:noNamespaceSchemaLocation="http://www.weather.gov/view/current_observation.xsd">
	<credit>NOAA's National Weather Service</credit>
	<credit_URL>http://weather.gov/</credit_URL>
	<image>
		<url>http://weather.gov/images/xml_logo.gif</url>
		<title>NOAA's National Weather Service</title>
		<link>http://weather.gov</link>
	</image>
	<suggested_pickup>15 minutes after the hour</suggested_pickup>
	<suggested_pickup_period>60</suggested_pickup_period>
	<location>Chevery, Que., QC</location>
	<station_id>CWDM</station_id>
	<latitude>50.4667</latitude>
	<longitude>-59.6333</longitude>
	<observation_time>Last Updated on Feb 22 2018, 5:00 pm AST</observation_time>
        <observation_time_rfc822>Thu, 22 Feb 2018 17:00:00 -0400</observation_time_rfc822>
	<temperature_string>12.0 F (-11.3 C)</temperature_string>
	<temp_f>12.0</temp_f>
	<temp_c>-11.3</temp_c>
	<relative_humidity>45</relative_humidity>
	<wind_string>West at 10.4 MPH (9 KT)</wind_string>
	<wind_dir>West</wind_dir>
	<wind_degrees>270</wind_degrees>
	<wind_mph>10.4</wind_mph>
	<wind_kt>9</wind_kt>
	<dewpoint_string>-6.0 F (-21.1 C)</dewpoint_string>
	<dewpoint_f>-6.0</dewpoint_f>
	<dewpoint_c>-21.1</dewpoint_c>
	<windchill_string>-1 F (-18 C)</windchill_string>
      	<windchill_f>-1</windchill_f>
      	<windchill_c>-18</windchill_c>
	<two_day_history_url>http://www.weather.gov/data/obhistory/CWDM.html</two_day_history_url>
	<ob_url>http://www.weather.gov/data/METAR/CWDM.1.txt</ob_url>
	<disclaimer_url>http://weather.gov/disclaimer.html</disclaimer_url>
	<copyright_url>http://weather.gov/disclaimer.html</copyright_url>
	<privacy_policy_url>http://weather.gov/notice.html</privacy_policy_url>
</current_observation>
