<?xml version="1.0" encoding="ISO-8859-1"?> 
<?xml-stylesheet href="latest_ob.xsl" type="text/xsl"?>
<current_observation version="1.0"
	 xmlns:xsd="http://www.w3.org/2001/XMLSchema"
	 xmlns:xsi="http://www.w3.org/2001/XMLSchema-instance"
	 xsi:noNamespaceSchemaLocation="http://www.weather.gov/view/current_observation.xsd">
	<credit>NOAA's National Weather Service</credit>
	<credit_URL>http://weather.gov/</credit_URL>
	<image>
		<url>http://weather.gov/images/xml_logo.gif</url>
		<title>NOAA's National Weather Service</title>
		<link>http://weather.gov</link>
	</image>
	<suggested_pickup>15 minutes after the hour</suggested_pickup>
	<suggested_pickup_period>60</suggested_pickup_period>
	<location>Twillingate Meteorological Aeronautical Presentation System, NF</location>
	<station_id>CWDO</station_id>
	<latitude>49.6877</latitude>
	<longitude>-54.8</longitude>
	<observation_time>Last Updated on Feb 22 2018, 11:00 pm ZST</observation_time>
        <observation_time_rfc822>Thu, 22 Feb 2018 23:00:00 +0000</observation_time_rfc822>
	<temperature_string>25.0 F (-4.1 C)</temperature_string>
	<temp_f>25.0</temp_f>
	<temp_c>-4.1</temp_c>
	<relative_humidity>93</relative_humidity>
	<wind_string>from the South at 12.7 gusting to 21.9 MPH (11 gusting to 19 KT)</wind_string>
	<wind_dir>South</wind_dir>
	<wind_degrees>190</wind_degrees>
	<wind_mph>12.7</wind_mph>
	<wind_gust_mph>21.9</wind_gust_mph>
	<wind_kt>11</wind_kt>
	<wind_gust_kt>19</wind_gust_kt>
	<pressure_string>1003.7 mb</pressure_string>
	<pressure_mb>1003.7</pressure_mb>
	<dewpoint_string>22.8 F (-5.1 C)</dewpoint_string>
	<dewpoint_f>22.8</dewpoint_f>
	<dewpoint_c>-5.1</dewpoint_c>
	<windchill_string>14 F (-10 C)</windchill_string>
      	<windchill_f>14</windchill_f>
      	<windchill_c>-10</windchill_c>
	<two_day_history_url>http://www.weather.gov/data/obhistory/CWDO.html</two_day_history_url>
	<ob_url>http://www.weather.gov/data/METAR/CWDO.1.txt</ob_url>
	<disclaimer_url>http://weather.gov/disclaimer.html</disclaimer_url>
	<copyright_url>http://weather.gov/disclaimer.html</copyright_url>
	<privacy_policy_url>http://weather.gov/notice.html</privacy_policy_url>
</current_observation>
