<?xml version="1.0" encoding="ISO-8859-1"?> 
<?xml-stylesheet href="latest_ob.xsl" type="text/xsl"?>
<current_observation version="1.0"
	 xmlns:xsd="http://www.w3.org/2001/XMLSchema"
	 xmlns:xsi="http://www.w3.org/2001/XMLSchema-instance"
	 xsi:noNamespaceSchemaLocation="http://www.weather.gov/view/current_observation.xsd">
	<credit>NOAA's National Weather Service</credit>
	<credit_URL>http://weather.gov/</credit_URL>
	<image>
		<url>http://weather.gov/images/xml_logo.gif</url>
		<title>NOAA's National Weather Service</title>
		<link>http://weather.gov</link>
	</image>
	<suggested_pickup>15 minutes after the hour</suggested_pickup>
	<suggested_pickup_period>60</suggested_pickup_period>
	<location>Drumheller East, AB</location>
	<station_id>CWDZ</station_id>
	<latitude>51.445</latitude>
	<longitude>-112.677</longitude>
	<observation_time>Last Updated on Feb 22 2018, 2:00 pm MST</observation_time>
        <observation_time_rfc822>Thu, 22 Feb 2018 14:00:00 -0700</observation_time_rfc822>
	<temperature_string>24.0 F (-4.2 C)</temperature_string>
	<temp_f>24.0</temp_f>
	<temp_c>-4.2</temp_c>
	<relative_humidity>51</relative_humidity>
	<wind_string>Southeast at 1.2 MPH (1 KT)</wind_string>
	<wind_dir>Southeast</wind_dir>
	<wind_degrees>130</wind_degrees>
	<wind_mph>1.2</wind_mph>
	<wind_kt>1</wind_kt>
	<dewpoint_string>8.8 F (-12.9 C)</dewpoint_string>
	<dewpoint_f>8.8</dewpoint_f>
	<dewpoint_c>-12.9</dewpoint_c>
	<two_day_history_url>http://www.weather.gov/data/obhistory/CWDZ.html</two_day_history_url>
	<ob_url>http://www.weather.gov/data/METAR/CWDZ.1.txt</ob_url>
	<disclaimer_url>http://weather.gov/disclaimer.html</disclaimer_url>
	<copyright_url>http://weather.gov/disclaimer.html</copyright_url>
	<privacy_policy_url>http://weather.gov/notice.html</privacy_policy_url>
</current_observation>
