<?xml version="1.0" encoding="ISO-8859-1"?> 
<?xml-stylesheet href="latest_ob.xsl" type="text/xsl"?>
<current_observation version="1.0"
	 xmlns:xsd="http://www.w3.org/2001/XMLSchema"
	 xmlns:xsi="http://www.w3.org/2001/XMLSchema-instance"
	 xsi:noNamespaceSchemaLocation="http://www.weather.gov/view/current_observation.xsd">
	<credit>NOAA's National Weather Service</credit>
	<credit_URL>http://weather.gov/</credit_URL>
	<image>
		<url>http://weather.gov/images/xml_logo.gif</url>
		<title>NOAA's National Weather Service</title>
		<link>http://weather.gov</link>
	</image>
	<suggested_pickup>15 minutes after the hour</suggested_pickup>
	<suggested_pickup_period>60</suggested_pickup_period>
	<location>Drumheller East, AB</location>
	<station_id>CWDZ</station_id>
	<latitude>51.44504</latitude>
	<longitude>-112.67654</longitude>
	<observation_time>Last Updated on Oct 17 2017, 11:00 am MDT</observation_time>
        <observation_time_rfc822>Tue, 17 Oct 2017 11:00:00 -0600</observation_time_rfc822>
	<temperature_string>64.0 F (17.9 C)</temperature_string>
	<temp_f>64.0</temp_f>
	<temp_c>17.9</temp_c>
	<relative_humidity>34</relative_humidity>
	<wind_string>Southwest at 16.1 MPH (14 KT)</wind_string>
	<wind_dir>Southwest</wind_dir>
	<wind_degrees>210</wind_degrees>
	<wind_mph>16.1</wind_mph>
	<wind_kt>14</wind_kt>
	<dewpoint_string>35.4 F (1.9 C)</dewpoint_string>
	<dewpoint_f>35.4</dewpoint_f>
	<dewpoint_c>1.9</dewpoint_c>
	<two_day_history_url>http://www.weather.gov/data/obhistory/CWDZ.html</two_day_history_url>
	<ob_url>http://www.weather.gov/data/METAR/CWDZ.1.txt</ob_url>
	<disclaimer_url>http://weather.gov/disclaimer.html</disclaimer_url>
	<copyright_url>http://weather.gov/disclaimer.html</copyright_url>
	<privacy_policy_url>http://weather.gov/notice.html</privacy_policy_url>
</current_observation>
