<?xml version="1.0" encoding="ISO-8859-1"?> 
<?xml-stylesheet href="latest_ob.xsl" type="text/xsl"?>
<current_observation version="1.0"
	 xmlns:xsd="http://www.w3.org/2001/XMLSchema"
	 xmlns:xsi="http://www.w3.org/2001/XMLSchema-instance"
	 xsi:noNamespaceSchemaLocation="http://www.weather.gov/view/current_observation.xsd">
	<credit>NOAA's National Weather Service</credit>
	<credit_URL>http://weather.gov/</credit_URL>
	<image>
		<url>http://weather.gov/images/xml_logo.gif</url>
		<title>NOAA's National Weather Service</title>
		<link>http://weather.gov</link>
	</image>
	<suggested_pickup>15 minutes after the hour</suggested_pickup>
	<suggested_pickup_period>60</suggested_pickup_period>
	<location>Saint Paul Island Meteorological Aeronautical Presentation System, NS</location>
	<station_id>CWEF</station_id>
	<latitude>47.22642</latitude>
	<longitude>-60.14053</longitude>
	<observation_time>Last Updated on Oct 17 2017, 1:00 pm EDT</observation_time>
        <observation_time_rfc822>Tue, 17 Oct 2017 13:00:00 -0400</observation_time_rfc822>
	<weather>Breezy</weather>
	<temperature_string>45.0 F (7.2 C)</temperature_string>
	<temp_f>45.0</temp_f>
	<temp_c>7.2</temp_c>
	<relative_humidity>74</relative_humidity>
	<wind_string>Northwest at 23.0 MPH (20 KT)</wind_string>
	<wind_dir>Northwest</wind_dir>
	<wind_degrees>320</wind_degrees>
	<wind_mph>23.0</wind_mph>
	<wind_kt>20</wind_kt>
	<pressure_string>1013.9 mb</pressure_string>
	<pressure_mb>1013.9</pressure_mb>
	<dewpoint_string>37.0 F (2.8 C)</dewpoint_string>
	<dewpoint_f>37.0</dewpoint_f>
	<dewpoint_c>2.8</dewpoint_c>
	<windchill_string>36 F (2 C)</windchill_string>
      	<windchill_f>36</windchill_f>
      	<windchill_c>2</windchill_c>
 	<icon_url_base>http://forecast.weather.gov/images/wtf/small/</icon_url_base>
	<two_day_history_url>http://www.weather.gov/data/obhistory/CWEF.html</two_day_history_url>
	<icon_url_name>wind.png</icon_url_name>
	<ob_url>http://www.weather.gov/data/METAR/CWEF.1.txt</ob_url>
	<disclaimer_url>http://weather.gov/disclaimer.html</disclaimer_url>
	<copyright_url>http://weather.gov/disclaimer.html</copyright_url>
	<privacy_policy_url>http://weather.gov/notice.html</privacy_policy_url>
</current_observation>
