<?xml version="1.0" encoding="ISO-8859-1"?> 
<?xml-stylesheet href="latest_ob.xsl" type="text/xsl"?>
<current_observation version="1.0"
	 xmlns:xsd="http://www.w3.org/2001/XMLSchema"
	 xmlns:xsi="http://www.w3.org/2001/XMLSchema-instance"
	 xsi:noNamespaceSchemaLocation="http://www.weather.gov/view/current_observation.xsd">
	<credit>NOAA's National Weather Service</credit>
	<credit_URL>http://weather.gov/</credit_URL>
	<image>
		<url>http://weather.gov/images/xml_logo.gif</url>
		<title>NOAA's National Weather Service</title>
		<link>http://weather.gov</link>
	</image>
	<suggested_pickup>15 minutes after the hour</suggested_pickup>
	<suggested_pickup_period>60</suggested_pickup_period>
	<location>Eastend Cypress, Sask, SK</location>
	<station_id>CWEH</station_id>
	<latitude>49.4333</latitude>
	<longitude>-108.983</longitude>
	<observation_time>Last Updated on Feb 22 2018, 3:00 pm CST</observation_time>
        <observation_time_rfc822>Thu, 22 Feb 2018 15:00:00 -0600</observation_time_rfc822>
	<temperature_string>9.0 F (-12.8 C)</temperature_string>
	<temp_f>9.0</temp_f>
	<temp_c>-12.8</temp_c>
	<relative_humidity>81</relative_humidity>
	<wind_string>West at 11.5 MPH (10 KT)</wind_string>
	<wind_dir>West</wind_dir>
	<wind_degrees>290</wind_degrees>
	<wind_mph>11.5</wind_mph>
	<wind_kt>10</wind_kt>
	<dewpoint_string>4.3 F (-15.4 C)</dewpoint_string>
	<dewpoint_f>4.3</dewpoint_f>
	<dewpoint_c>-15.4</dewpoint_c>
	<windchill_string>-6 F (-21 C)</windchill_string>
      	<windchill_f>-6</windchill_f>
      	<windchill_c>-21</windchill_c>
	<two_day_history_url>http://www.weather.gov/data/obhistory/CWEH.html</two_day_history_url>
	<ob_url>http://www.weather.gov/data/METAR/CWEH.1.txt</ob_url>
	<disclaimer_url>http://weather.gov/disclaimer.html</disclaimer_url>
	<copyright_url>http://weather.gov/disclaimer.html</copyright_url>
	<privacy_policy_url>http://weather.gov/notice.html</privacy_policy_url>
</current_observation>
