<?xml version="1.0" encoding="ISO-8859-1"?> 
<?xml-stylesheet href="latest_ob.xsl" type="text/xsl"?>
<current_observation version="1.0"
	 xmlns:xsd="http://www.w3.org/2001/XMLSchema"
	 xmlns:xsi="http://www.w3.org/2001/XMLSchema-instance"
	 xsi:noNamespaceSchemaLocation="http://www.weather.gov/view/current_observation.xsd">
	<credit>NOAA's National Weather Service</credit>
	<credit_URL>http://weather.gov/</credit_URL>
	<image>
		<url>http://weather.gov/images/xml_logo.gif</url>
		<title>NOAA's National Weather Service</title>
		<link>http://weather.gov</link>
	</image>
	<suggested_pickup>15 minutes after the hour</suggested_pickup>
	<suggested_pickup_period>60</suggested_pickup_period>
	<location>East Point, P. E. I, PE</location>
	<station_id>CWEP</station_id>
	<latitude>46.45</latitude>
	<longitude>-61.9667</longitude>
	<observation_time>Last Updated on Feb 22 2018, 7:00 pm AST</observation_time>
        <observation_time_rfc822>Thu, 22 Feb 2018 19:00:00 -0400</observation_time_rfc822>
	<weather>Breezy</weather>
	<temperature_string>31.0 F (-0.8 C)</temperature_string>
	<temp_f>31.0</temp_f>
	<temp_c>-0.8</temp_c>
	<relative_humidity>92</relative_humidity>
	<wind_string>Northeast at 25.3 MPH (22 KT)</wind_string>
	<wind_dir>Northeast</wind_dir>
	<wind_degrees>40</wind_degrees>
	<wind_mph>25.3</wind_mph>
	<wind_kt>22</wind_kt>
	<pressure_string>1030.2 mb</pressure_string>
	<pressure_mb>1030.2</pressure_mb>
	<dewpoint_string>28.6 F (-1.9 C)</dewpoint_string>
	<dewpoint_f>28.6</dewpoint_f>
	<dewpoint_c>-1.9</dewpoint_c>
	<windchill_string>17 F (-8 C)</windchill_string>
      	<windchill_f>17</windchill_f>
      	<windchill_c>-8</windchill_c>
 	<icon_url_base>http://forecast.weather.gov/images/wtf/small/</icon_url_base>
	<two_day_history_url>http://www.weather.gov/data/obhistory/CWEP.html</two_day_history_url>
	<icon_url_name>nwind.png</icon_url_name>
	<ob_url>http://www.weather.gov/data/METAR/CWEP.1.txt</ob_url>
	<disclaimer_url>http://weather.gov/disclaimer.html</disclaimer_url>
	<copyright_url>http://weather.gov/disclaimer.html</copyright_url>
	<privacy_policy_url>http://weather.gov/notice.html</privacy_policy_url>
</current_observation>
