<?xml version="1.0" encoding="ISO-8859-1"?> 
<?xml-stylesheet href="latest_ob.xsl" type="text/xsl"?>
<current_observation version="1.0"
	 xmlns:xsd="http://www.w3.org/2001/XMLSchema"
	 xmlns:xsi="http://www.w3.org/2001/XMLSchema-instance"
	 xsi:noNamespaceSchemaLocation="http://www.weather.gov/view/current_observation.xsd">
	<credit>NOAA's National Weather Service</credit>
	<credit_URL>http://weather.gov/</credit_URL>
	<image>
		<url>http://weather.gov/images/xml_logo.gif</url>
		<title>NOAA's National Weather Service</title>
		<link>http://weather.gov</link>
	</image>
	<suggested_pickup>15 minutes after the hour</suggested_pickup>
	<suggested_pickup_period>60</suggested_pickup_period>
	<location>Swan River, Man., MB</location>
	<station_id>CWEQ</station_id>
	<latitude>52.1167</latitude>
	<longitude>-101.233</longitude>
	<observation_time>Last Updated on Feb 22 2018, 3:00 pm CST</observation_time>
        <observation_time_rfc822>Thu, 22 Feb 2018 15:00:00 -0600</observation_time_rfc822>
	<temperature_string>8.0 F (-13.3 C)</temperature_string>
	<temp_f>8.0</temp_f>
	<temp_c>-13.3</temp_c>
	<relative_humidity>56</relative_humidity>
	<wind_string>from the Southwest at 18.4 gusting to 25.3 MPH (16 gusting to 22 KT)</wind_string>
	<wind_dir>Southwest</wind_dir>
	<wind_degrees>230</wind_degrees>
	<wind_mph>18.4</wind_mph>
	<wind_gust_mph>25.3</wind_gust_mph>
	<wind_kt>16</wind_kt>
	<wind_gust_kt>22</wind_gust_kt>
	<pressure_string>1024.4 mb</pressure_string>
	<pressure_mb>1024.4</pressure_mb>
	<dewpoint_string>-4.4 F (-20.2 C)</dewpoint_string>
	<dewpoint_f>-4.4</dewpoint_f>
	<dewpoint_c>-20.2</dewpoint_c>
	<windchill_string>-11 F (-24 C)</windchill_string>
      	<windchill_f>-11</windchill_f>
      	<windchill_c>-24</windchill_c>
	<two_day_history_url>http://www.weather.gov/data/obhistory/CWEQ.html</two_day_history_url>
	<ob_url>http://www.weather.gov/data/METAR/CWEQ.1.txt</ob_url>
	<disclaimer_url>http://weather.gov/disclaimer.html</disclaimer_url>
	<copyright_url>http://weather.gov/disclaimer.html</copyright_url>
	<privacy_policy_url>http://weather.gov/notice.html</privacy_policy_url>
</current_observation>
