<?xml version="1.0" encoding="ISO-8859-1"?> 
<?xml-stylesheet href="latest_ob.xsl" type="text/xsl"?>
<current_observation version="1.0"
	 xmlns:xsd="http://www.w3.org/2001/XMLSchema"
	 xmlns:xsi="http://www.w3.org/2001/XMLSchema-instance"
	 xsi:noNamespaceSchemaLocation="http://www.weather.gov/view/current_observation.xsd">
	<credit>NOAA's National Weather Service</credit>
	<credit_URL>http://weather.gov/</credit_URL>
	<image>
		<url>http://weather.gov/images/xml_logo.gif</url>
		<title>NOAA's National Weather Service</title>
		<link>http://weather.gov</link>
	</image>
	<suggested_pickup>15 minutes after the hour</suggested_pickup>
	<suggested_pickup_period>60</suggested_pickup_period>
	<location>Saturna Island Meteorological Aeronautical Presentation System, BC</location>
	<station_id>CWEZ</station_id>
	<latitude>48.7833</latitude>
	<longitude>-123.05</longitude>
	<observation_time>Last Updated on Feb 22 2018, 3:00 pm PST</observation_time>
        <observation_time_rfc822>Thu, 22 Feb 2018 15:00:00 -0800</observation_time_rfc822>
	<temperature_string>36.0 F (2.2 C)</temperature_string>
	<temp_f>36.0</temp_f>
	<temp_c>2.2</temp_c>
	<relative_humidity>48</relative_humidity>
	<wind_string>North at 5.8 MPH (5 KT)</wind_string>
	<wind_dir>North</wind_dir>
	<wind_degrees>360</wind_degrees>
	<wind_mph>5.8</wind_mph>
	<wind_kt>5</wind_kt>
	<pressure_string>1023.3 mb</pressure_string>
	<pressure_mb>1023.3</pressure_mb>
	<dewpoint_string>18.0 F (-7.8 C)</dewpoint_string>
	<dewpoint_f>18.0</dewpoint_f>
	<dewpoint_c>-7.8</dewpoint_c>
	<windchill_string>31 F (-1 C)</windchill_string>
      	<windchill_f>31</windchill_f>
      	<windchill_c>-1</windchill_c>
	<two_day_history_url>http://www.weather.gov/data/obhistory/CWEZ.html</two_day_history_url>
	<ob_url>http://www.weather.gov/data/METAR/CWEZ.1.txt</ob_url>
	<disclaimer_url>http://weather.gov/disclaimer.html</disclaimer_url>
	<copyright_url>http://weather.gov/disclaimer.html</copyright_url>
	<privacy_policy_url>http://weather.gov/notice.html</privacy_policy_url>
</current_observation>
