<?xml version="1.0" encoding="ISO-8859-1"?> 
<?xml-stylesheet href="latest_ob.xsl" type="text/xsl"?>
<current_observation version="1.0"
	 xmlns:xsd="http://www.w3.org/2001/XMLSchema"
	 xmlns:xsi="http://www.w3.org/2001/XMLSchema-instance"
	 xsi:noNamespaceSchemaLocation="http://www.weather.gov/view/current_observation.xsd">
	<credit>NOAA's National Weather Service</credit>
	<credit_URL>http://weather.gov/</credit_URL>
	<image>
		<url>http://weather.gov/images/xml_logo.gif</url>
		<title>NOAA's National Weather Service</title>
		<link>http://weather.gov</link>
	</image>
	<suggested_pickup>15 minutes after the hour</suggested_pickup>
	<suggested_pickup_period>60</suggested_pickup_period>
	<location>Cardston Automated Reporting Station, AB</location>
	<station_id>CWFJ</station_id>
	<latitude>49.2</latitude>
	<longitude>-113.283</longitude>
	<observation_time>Last Updated on Feb 22 2018, 4:00 pm MST</observation_time>
        <observation_time_rfc822>Thu, 22 Feb 2018 16:00:00 -0700</observation_time_rfc822>
	<temperature_string>12.0 F (-11.1 C)</temperature_string>
	<temp_f>12.0</temp_f>
	<temp_c>-11.1</temp_c>
	<relative_humidity>70</relative_humidity>
	<wind_string>North at 3.5 MPH (3 KT)</wind_string>
	<wind_dir>North</wind_dir>
	<wind_degrees>360</wind_degrees>
	<wind_mph>3.5</wind_mph>
	<wind_kt>3</wind_kt>
	<dewpoint_string>4.1 F (-15.5 C)</dewpoint_string>
	<dewpoint_f>4.1</dewpoint_f>
	<dewpoint_c>-15.5</dewpoint_c>
	<two_day_history_url>http://www.weather.gov/data/obhistory/CWFJ.html</two_day_history_url>
	<ob_url>http://www.weather.gov/data/METAR/CWFJ.1.txt</ob_url>
	<disclaimer_url>http://weather.gov/disclaimer.html</disclaimer_url>
	<copyright_url>http://weather.gov/disclaimer.html</copyright_url>
	<privacy_policy_url>http://weather.gov/notice.html</privacy_policy_url>
</current_observation>
