<?xml version="1.0" encoding="ISO-8859-1"?> 
<?xml-stylesheet href="latest_ob.xsl" type="text/xsl"?>
<current_observation version="1.0"
	 xmlns:xsd="http://www.w3.org/2001/XMLSchema"
	 xmlns:xsi="http://www.w3.org/2001/XMLSchema-instance"
	 xsi:noNamespaceSchemaLocation="http://www.weather.gov/view/current_observation.xsd">
	<credit>NOAA's National Weather Service</credit>
	<credit_URL>http://weather.gov/</credit_URL>
	<image>
		<url>http://weather.gov/images/xml_logo.gif</url>
		<title>NOAA's National Weather Service</title>
		<link>http://weather.gov</link>
	</image>
	<suggested_pickup>15 minutes after the hour</suggested_pickup>
	<suggested_pickup_period>60</suggested_pickup_period>
	<location>Ballenas Island Automatic Weather Reporting System, BC</location>
	<station_id>CWGB</station_id>
	<latitude>49.35</latitude>
	<longitude>-124.167</longitude>
	<observation_time>Last Updated on Feb 22 2018, 3:00 pm PST</observation_time>
        <observation_time_rfc822>Thu, 22 Feb 2018 15:00:00 -0800</observation_time_rfc822>
	<temperature_string>37.0 F (2.6 C)</temperature_string>
	<temp_f>37.0</temp_f>
	<temp_c>2.6</temp_c>
	<relative_humidity>52</relative_humidity>
	<wind_string>North at 1.2 MPH (1 KT)</wind_string>
	<wind_dir>North</wind_dir>
	<wind_degrees>10</wind_degrees>
	<wind_mph>1.2</wind_mph>
	<wind_kt>1</wind_kt>
	<pressure_string>1023.7 mb</pressure_string>
	<pressure_mb>1023.7</pressure_mb>
	<dewpoint_string>20.5 F (-6.4 C)</dewpoint_string>
	<dewpoint_f>20.5</dewpoint_f>
	<dewpoint_c>-6.4</dewpoint_c>
	<two_day_history_url>http://www.weather.gov/data/obhistory/CWGB.html</two_day_history_url>
	<ob_url>http://www.weather.gov/data/METAR/CWGB.1.txt</ob_url>
	<disclaimer_url>http://weather.gov/disclaimer.html</disclaimer_url>
	<copyright_url>http://weather.gov/disclaimer.html</copyright_url>
	<privacy_policy_url>http://weather.gov/notice.html</privacy_policy_url>
</current_observation>
