<?xml version="1.0" encoding="ISO-8859-1"?> 
<?xml-stylesheet href="latest_ob.xsl" type="text/xsl"?>
<current_observation version="1.0"
	 xmlns:xsd="http://www.w3.org/2001/XMLSchema"
	 xmlns:xsi="http://www.w3.org/2001/XMLSchema-instance"
	 xsi:noNamespaceSchemaLocation="http://www.weather.gov/view/current_observation.xsd">
	<credit>NOAA's National Weather Service</credit>
	<credit_URL>http://weather.gov/</credit_URL>
	<image>
		<url>http://weather.gov/images/xml_logo.gif</url>
		<title>NOAA's National Weather Service</title>
		<link>http://weather.gov</link>
	</image>
	<suggested_pickup>15 minutes after the hour</suggested_pickup>
	<suggested_pickup_period>60</suggested_pickup_period>
	<location>Iles-De-La-Madelein, QC</location>
	<station_id>CWGR</station_id>
	<latitude>47.42524</latitude>
	<longitude>-61.77472</longitude>
	<observation_time>Last Updated on Oct 17 2017, 2:00 pm ADT</observation_time>
        <observation_time_rfc822>Tue, 17 Oct 2017 14:00:00 -0300</observation_time_rfc822>
	<temperature_string>45.0 F (7.1 C)</temperature_string>
	<temp_f>45.0</temp_f>
	<temp_c>7.1</temp_c>
	<relative_humidity>50</relative_humidity>
	<wind_string>from the Northwest at 16.1 gusting to 21.9 MPH (14 gusting to 19 KT)</wind_string>
	<wind_dir>Northwest</wind_dir>
	<wind_degrees>320</wind_degrees>
	<wind_mph>16.1</wind_mph>
	<wind_gust_mph>21.9</wind_gust_mph>
	<wind_kt>14</wind_kt>
	<wind_gust_kt>19</wind_gust_kt>
	<pressure_string>1016.3 mb</pressure_string>
	<pressure_mb>1016.3</pressure_mb>
	<dewpoint_string>27.3 F (-2.6 C)</dewpoint_string>
	<dewpoint_f>27.3</dewpoint_f>
	<dewpoint_c>-2.6</dewpoint_c>
	<windchill_string>38 F (3 C)</windchill_string>
      	<windchill_f>38</windchill_f>
      	<windchill_c>3</windchill_c>
	<two_day_history_url>http://www.weather.gov/data/obhistory/CWGR.html</two_day_history_url>
	<ob_url>http://www.weather.gov/data/METAR/CWGR.1.txt</ob_url>
	<disclaimer_url>http://weather.gov/disclaimer.html</disclaimer_url>
	<copyright_url>http://weather.gov/disclaimer.html</copyright_url>
	<privacy_policy_url>http://weather.gov/notice.html</privacy_policy_url>
</current_observation>
