<?xml version="1.0" encoding="ISO-8859-1"?> 
<?xml-stylesheet href="latest_ob.xsl" type="text/xsl"?>
<current_observation version="1.0"
	 xmlns:xsd="http://www.w3.org/2001/XMLSchema"
	 xmlns:xsi="http://www.w3.org/2001/XMLSchema-instance"
	 xsi:noNamespaceSchemaLocation="http://www.weather.gov/view/current_observation.xsd">
	<credit>NOAA's National Weather Service</credit>
	<credit_URL>http://weather.gov/</credit_URL>
	<image>
		<url>http://weather.gov/images/xml_logo.gif</url>
		<title>NOAA's National Weather Service</title>
		<link>http://weather.gov</link>
	</image>
	<suggested_pickup>15 minutes after the hour</suggested_pickup>
	<suggested_pickup_period>60</suggested_pickup_period>
	<location>Sparwood Automatic Weather Reporting System, BC</location>
	<station_id>CWGW</station_id>
	<latitude>49.75</latitude>
	<longitude>-114.9</longitude>
	<observation_time>Last Updated on Oct 17 2017, 11:00 am MDT</observation_time>
        <observation_time_rfc822>Tue, 17 Oct 2017 11:00:00 -0600</observation_time_rfc822>
	<temperature_string>55.0 F (12.8 C)</temperature_string>
	<temp_f>55.0</temp_f>
	<temp_c>12.8</temp_c>
	<relative_humidity>32</relative_humidity>
	<wind_string>from the South at 18.4 gusting to 35.7 MPH (16 gusting to 31 KT)</wind_string>
	<wind_dir>South</wind_dir>
	<wind_degrees>170</wind_degrees>
	<wind_mph>18.4</wind_mph>
	<wind_gust_mph>35.7</wind_gust_mph>
	<wind_kt>16</wind_kt>
	<wind_gust_kt>31</wind_gust_kt>
	<pressure_string>1005.8 mb</pressure_string>
	<pressure_mb>1005.8</pressure_mb>
	<dewpoint_string>25.3 F (-3.7 C)</dewpoint_string>
	<dewpoint_f>25.3</dewpoint_f>
	<dewpoint_c>-3.7</dewpoint_c>
	<windchill_string>50 F (10 C)</windchill_string>
      	<windchill_f>50</windchill_f>
      	<windchill_c>10</windchill_c>
	<two_day_history_url>http://www.weather.gov/data/obhistory/CWGW.html</two_day_history_url>
	<ob_url>http://www.weather.gov/data/METAR/CWGW.1.txt</ob_url>
	<disclaimer_url>http://weather.gov/disclaimer.html</disclaimer_url>
	<copyright_url>http://weather.gov/disclaimer.html</copyright_url>
	<privacy_policy_url>http://weather.gov/notice.html</privacy_policy_url>
</current_observation>
