<?xml version="1.0" encoding="ISO-8859-1"?> 
<?xml-stylesheet href="latest_ob.xsl" type="text/xsl"?>
<current_observation version="1.0"
	 xmlns:xsd="http://www.w3.org/2001/XMLSchema"
	 xmlns:xsi="http://www.w3.org/2001/XMLSchema-instance"
	 xsi:noNamespaceSchemaLocation="http://www.weather.gov/view/current_observation.xsd">
	<credit>NOAA's National Weather Service</credit>
	<credit_URL>http://weather.gov/</credit_URL>
	<image>
		<url>http://weather.gov/images/xml_logo.gif</url>
		<title>NOAA's National Weather Service</title>
		<link>http://weather.gov</link>
	</image>
	<suggested_pickup>15 minutes after the hour</suggested_pickup>
	<suggested_pickup_period>60</suggested_pickup_period>
	<location>Gillam, Man., MB</location>
	<station_id>CWGX</station_id>
	<latitude>56.3667</latitude>
	<longitude>-94.7</longitude>
	<observation_time>Last Updated on Feb 22 2018, 3:00 pm CST</observation_time>
        <observation_time_rfc822>Thu, 22 Feb 2018 15:00:00 -0600</observation_time_rfc822>
	<weather>Breezy</weather>
	<temperature_string>11.0 F (-11.5 C)</temperature_string>
	<temp_f>11.0</temp_f>
	<temp_c>-11.5</temp_c>
	<relative_humidity>70</relative_humidity>
	<wind_string>from the West at 20.7 gusting to 27.6 MPH (18 gusting to 24 KT)</wind_string>
	<wind_dir>West</wind_dir>
	<wind_degrees>250</wind_degrees>
	<wind_mph>20.7</wind_mph>
	<wind_gust_mph>27.6</wind_gust_mph>
	<wind_kt>18</wind_kt>
	<wind_gust_kt>24</wind_gust_kt>
	<dewpoint_string>3.4 F (-15.9 C)</dewpoint_string>
	<dewpoint_f>3.4</dewpoint_f>
	<dewpoint_c>-15.9</dewpoint_c>
	<windchill_string>-8 F (-22 C)</windchill_string>
      	<windchill_f>-8</windchill_f>
      	<windchill_c>-22</windchill_c>
 	<icon_url_base>http://forecast.weather.gov/images/wtf/small/</icon_url_base>
	<two_day_history_url>http://www.weather.gov/data/obhistory/CWGX.html</two_day_history_url>
	<icon_url_name>wind.png</icon_url_name>
	<ob_url>http://www.weather.gov/data/METAR/CWGX.1.txt</ob_url>
	<disclaimer_url>http://weather.gov/disclaimer.html</disclaimer_url>
	<copyright_url>http://weather.gov/disclaimer.html</copyright_url>
	<privacy_policy_url>http://weather.gov/notice.html</privacy_policy_url>
</current_observation>
