<?xml version="1.0" encoding="ISO-8859-1"?> 
<?xml-stylesheet href="latest_ob.xsl" type="text/xsl"?>
<current_observation version="1.0"
	 xmlns:xsd="http://www.w3.org/2001/XMLSchema"
	 xmlns:xsi="http://www.w3.org/2001/XMLSchema-instance"
	 xsi:noNamespaceSchemaLocation="http://www.weather.gov/view/current_observation.xsd">
	<credit>NOAA's National Weather Service</credit>
	<credit_URL>http://weather.gov/</credit_URL>
	<image>
		<url>http://weather.gov/images/xml_logo.gif</url>
		<title>NOAA's National Weather Service</title>
		<link>http://weather.gov</link>
	</image>
	<suggested_pickup>15 minutes after the hour</suggested_pickup>
	<suggested_pickup_period>60</suggested_pickup_period>
	<location>Esther 1, AB</location>
	<station_id>CWGY</station_id>
	<latitude>51.6667</latitude>
	<longitude>-110.2</longitude>
	<observation_time>Last Updated on Feb 22 2018, 3:00 pm MST</observation_time>
        <observation_time_rfc822>Thu, 22 Feb 2018 15:00:00 -0700</observation_time_rfc822>
	<temperature_string>13.0 F (-10.5 C)</temperature_string>
	<temp_f>13.0</temp_f>
	<temp_c>-10.5</temp_c>
	<relative_humidity>48</relative_humidity>
	<wind_string>Southeast at 9.2 MPH (8 KT)</wind_string>
	<wind_dir>Southeast</wind_dir>
	<wind_degrees>150</wind_degrees>
	<wind_mph>9.2</wind_mph>
	<wind_kt>8</wind_kt>
	<pressure_string>1023.5 mb</pressure_string>
	<pressure_mb>1023.5</pressure_mb>
	<dewpoint_string>-2.9 F (-19.4 C)</dewpoint_string>
	<dewpoint_f>-2.9</dewpoint_f>
	<dewpoint_c>-19.4</dewpoint_c>
	<windchill_string>1 F (-17 C)</windchill_string>
      	<windchill_f>1</windchill_f>
      	<windchill_c>-17</windchill_c>
	<two_day_history_url>http://www.weather.gov/data/obhistory/CWGY.html</two_day_history_url>
	<ob_url>http://www.weather.gov/data/METAR/CWGY.1.txt</ob_url>
	<disclaimer_url>http://weather.gov/disclaimer.html</disclaimer_url>
	<copyright_url>http://weather.gov/disclaimer.html</copyright_url>
	<privacy_policy_url>http://weather.gov/notice.html</privacy_policy_url>
</current_observation>
