<?xml version="1.0" encoding="ISO-8859-1"?> 
<?xml-stylesheet href="latest_ob.xsl" type="text/xsl"?>
<current_observation version="1.0"
	 xmlns:xsd="http://www.w3.org/2001/XMLSchema"
	 xmlns:xsi="http://www.w3.org/2001/XMLSchema-instance"
	 xsi:noNamespaceSchemaLocation="http://www.weather.gov/view/current_observation.xsd">
	<credit>NOAA's National Weather Service</credit>
	<credit_URL>http://weather.gov/</credit_URL>
	<image>
		<url>http://weather.gov/images/xml_logo.gif</url>
		<title>NOAA's National Weather Service</title>
		<link>http://weather.gov</link>
	</image>
	<suggested_pickup>15 minutes after the hour</suggested_pickup>
	<suggested_pickup_period>60</suggested_pickup_period>
	<location>Three Hills, AB</location>
	<station_id>CWHI</station_id>
	<latitude>51.7</latitude>
	<longitude>-113.217</longitude>
	<observation_time>Last Updated on Feb 22 2018, 3:00 pm MST</observation_time>
        <observation_time_rfc822>Thu, 22 Feb 2018 15:00:00 -0700</observation_time_rfc822>
	<temperature_string>6.0 F (-14.6 C)</temperature_string>
	<temp_f>6.0</temp_f>
	<temp_c>-14.6</temp_c>
	<relative_humidity>68</relative_humidity>
	<wind_string>East at 3.5 MPH (3 KT)</wind_string>
	<wind_dir>East</wind_dir>
	<wind_degrees>110</wind_degrees>
	<wind_mph>3.5</wind_mph>
	<wind_kt>3</wind_kt>
	<dewpoint_string>-2.7 F (-19.3 C)</dewpoint_string>
	<dewpoint_f>-2.7</dewpoint_f>
	<dewpoint_c>-19.3</dewpoint_c>
	<two_day_history_url>http://www.weather.gov/data/obhistory/CWHI.html</two_day_history_url>
	<ob_url>http://www.weather.gov/data/METAR/CWHI.1.txt</ob_url>
	<disclaimer_url>http://weather.gov/disclaimer.html</disclaimer_url>
	<copyright_url>http://weather.gov/disclaimer.html</copyright_url>
	<privacy_policy_url>http://weather.gov/notice.html</privacy_policy_url>
</current_observation>
