<?xml version="1.0" encoding="ISO-8859-1"?> 
<?xml-stylesheet href="latest_ob.xsl" type="text/xsl"?>
<current_observation version="1.0"
	 xmlns:xsd="http://www.w3.org/2001/XMLSchema"
	 xmlns:xsi="http://www.w3.org/2001/XMLSchema-instance"
	 xsi:noNamespaceSchemaLocation="http://www.weather.gov/view/current_observation.xsd">
	<credit>NOAA's National Weather Service</credit>
	<credit_URL>http://weather.gov/</credit_URL>
	<image>
		<url>http://weather.gov/images/xml_logo.gif</url>
		<title>NOAA's National Weather Service</title>
		<link>http://weather.gov</link>
	</image>
	<suggested_pickup>15 minutes after the hour</suggested_pickup>
	<suggested_pickup_period>60</suggested_pickup_period>
	<location>Hopedale Meteorological Aeronautical Presentation System, NF</location>
	<station_id>CWHO</station_id>
	<latitude>55.45</latitude>
	<longitude>-60.2333</longitude>
	<observation_time>Last Updated on Feb 22 2018, 7:00 pm AST</observation_time>
        <observation_time_rfc822>Thu, 22 Feb 2018 19:00:00 -0400</observation_time_rfc822>
	<temperature_string>-4.0 F (-19.9 C)</temperature_string>
	<temp_f>-4.0</temp_f>
	<temp_c>-19.9</temp_c>
	<relative_humidity>83</relative_humidity>
	<wind_string>North at 8.1 MPH (7 KT)</wind_string>
	<wind_dir>North</wind_dir>
	<wind_degrees>350</wind_degrees>
	<wind_mph>8.1</wind_mph>
	<wind_kt>7</wind_kt>
	<pressure_string>1005.2 mb</pressure_string>
	<pressure_mb>1005.2</pressure_mb>
	<dewpoint_string>-7.8 F (-22.1 C)</dewpoint_string>
	<dewpoint_f>-7.8</dewpoint_f>
	<dewpoint_c>-22.1</dewpoint_c>
	<windchill_string>-19 F (-28 C)</windchill_string>
      	<windchill_f>-19</windchill_f>
      	<windchill_c>-28</windchill_c>
	<two_day_history_url>http://www.weather.gov/data/obhistory/CWHO.html</two_day_history_url>
	<ob_url>http://www.weather.gov/data/METAR/CWHO.1.txt</ob_url>
	<disclaimer_url>http://weather.gov/disclaimer.html</disclaimer_url>
	<copyright_url>http://weather.gov/disclaimer.html</copyright_url>
	<privacy_policy_url>http://weather.gov/notice.html</privacy_policy_url>
</current_observation>
