<?xml version="1.0" encoding="ISO-8859-1"?> 
<?xml-stylesheet href="latest_ob.xsl" type="text/xsl"?>
<current_observation version="1.0"
	 xmlns:xsd="http://www.w3.org/2001/XMLSchema"
	 xmlns:xsi="http://www.w3.org/2001/XMLSchema-instance"
	 xsi:noNamespaceSchemaLocation="http://www.weather.gov/view/current_observation.xsd">
	<credit>NOAA's National Weather Service</credit>
	<credit_URL>http://weather.gov/</credit_URL>
	<image>
		<url>http://weather.gov/images/xml_logo.gif</url>
		<title>NOAA's National Weather Service</title>
		<link>http://weather.gov</link>
	</image>
	<suggested_pickup>15 minutes after the hour</suggested_pickup>
	<suggested_pickup_period>60</suggested_pickup_period>
	<location>Heath Point Meteorological Aeronautical Presentation System, QC</location>
	<station_id>CWHP</station_id>
	<latitude>49.0833</latitude>
	<longitude>-61.7</longitude>
	<observation_time>Last Updated on Feb 22 2018, 4:00 pm AST</observation_time>
        <observation_time_rfc822>Thu, 22 Feb 2018 16:00:00 -0400</observation_time_rfc822>
	<weather>Breezy</weather>
	<temperature_string>17.0 F (-8.2 C)</temperature_string>
	<temp_f>17.0</temp_f>
	<temp_c>-8.2</temp_c>
	<relative_humidity>65</relative_humidity>
	<wind_string>North at 23.0 MPH (20 KT)</wind_string>
	<wind_dir>North</wind_dir>
	<wind_degrees>20</wind_degrees>
	<wind_mph>23.0</wind_mph>
	<wind_kt>20</wind_kt>
	<pressure_string>1033.3 mb</pressure_string>
	<pressure_mb>1033.3</pressure_mb>
	<dewpoint_string>7.3 F (-13.7 C)</dewpoint_string>
	<dewpoint_f>7.3</dewpoint_f>
	<dewpoint_c>-13.7</dewpoint_c>
	<windchill_string>-1 F (-18 C)</windchill_string>
      	<windchill_f>-1</windchill_f>
      	<windchill_c>-18</windchill_c>
 	<icon_url_base>http://forecast.weather.gov/images/wtf/small/</icon_url_base>
	<two_day_history_url>http://www.weather.gov/data/obhistory/CWHP.html</two_day_history_url>
	<icon_url_name>wind.png</icon_url_name>
	<ob_url>http://www.weather.gov/data/METAR/CWHP.1.txt</ob_url>
	<disclaimer_url>http://weather.gov/disclaimer.html</disclaimer_url>
	<copyright_url>http://weather.gov/disclaimer.html</copyright_url>
	<privacy_policy_url>http://weather.gov/notice.html</privacy_policy_url>
</current_observation>
