<?xml version="1.0" encoding="ISO-8859-1"?> 
<?xml-stylesheet href="latest_ob.xsl" type="text/xsl"?>
<current_observation version="1.0"
	 xmlns:xsd="http://www.w3.org/2001/XMLSchema"
	 xmlns:xsi="http://www.w3.org/2001/XMLSchema-instance"
	 xsi:noNamespaceSchemaLocation="http://www.weather.gov/view/current_observation.xsd">
	<credit>NOAA's National Weather Service</credit>
	<credit_URL>http://weather.gov/</credit_URL>
	<image>
		<url>http://weather.gov/images/xml_logo.gif</url>
		<title>NOAA's National Weather Service</title>
		<link>http://weather.gov</link>
	</image>
	<suggested_pickup>15 minutes after the hour</suggested_pickup>
	<suggested_pickup_period>60</suggested_pickup_period>
	<location>Haines Junction, YT</location>
	<station_id>CWHT</station_id>
	<latitude>60.7667</latitude>
	<longitude>-137.583</longitude>
	<observation_time>Last Updated on Feb 22 2018, 2:00 pm PST</observation_time>
        <observation_time_rfc822>Thu, 22 Feb 2018 14:00:00 -0800</observation_time_rfc822>
	<temperature_string>18.0 F (-7.6 C)</temperature_string>
	<temp_f>18.0</temp_f>
	<temp_c>-7.6</temp_c>
	<relative_humidity>55</relative_humidity>
	<wind_string>Calm</wind_string>
	<wind_dir>North</wind_dir>
	<wind_degrees>0</wind_degrees>
	<wind_mph>0.0</wind_mph>
	<wind_kt>0</wind_kt>
	<pressure_string>1032.1 mb</pressure_string>
	<pressure_mb>1032.1</pressure_mb>
	<dewpoint_string>4.6 F (-15.2 C)</dewpoint_string>
	<dewpoint_f>4.6</dewpoint_f>
	<dewpoint_c>-15.2</dewpoint_c>
	<two_day_history_url>http://www.weather.gov/data/obhistory/CWHT.html</two_day_history_url>
	<ob_url>http://www.weather.gov/data/METAR/CWHT.1.txt</ob_url>
	<disclaimer_url>http://weather.gov/disclaimer.html</disclaimer_url>
	<copyright_url>http://weather.gov/disclaimer.html</copyright_url>
	<privacy_policy_url>http://weather.gov/notice.html</privacy_policy_url>
</current_observation>
