<?xml version="1.0" encoding="ISO-8859-1"?> 
<?xml-stylesheet href="latest_ob.xsl" type="text/xsl"?>
<current_observation version="1.0"
	 xmlns:xsd="http://www.w3.org/2001/XMLSchema"
	 xmlns:xsi="http://www.w3.org/2001/XMLSchema-instance"
	 xsi:noNamespaceSchemaLocation="http://www.weather.gov/view/current_observation.xsd">
	<credit>NOAA's National Weather Service</credit>
	<credit_URL>http://weather.gov/</credit_URL>
	<image>
		<url>http://weather.gov/images/xml_logo.gif</url>
		<title>NOAA's National Weather Service</title>
		<link>http://weather.gov</link>
	</image>
	<suggested_pickup>15 minutes after the hour</suggested_pickup>
	<suggested_pickup_period>60</suggested_pickup_period>
	<location>Ile Aux Grues, Que., QC</location>
	<station_id>CWIG</station_id>
	<latitude>47.0667</latitude>
	<longitude>-70.5333</longitude>
	<observation_time>Last Updated on Feb 22 2018, 5:00 pm EST</observation_time>
        <observation_time_rfc822>Thu, 22 Feb 2018 17:00:00 -0500</observation_time_rfc822>
	<wind_string>from the West at 19.6 gusting to 27.6 MPH (17 gusting to 24 KT)</wind_string>
	<wind_dir>West</wind_dir>
	<wind_degrees>260</wind_degrees>
	<wind_mph>19.6</wind_mph>
	<wind_gust_mph>27.6</wind_gust_mph>
	<wind_kt>17</wind_kt>
	<wind_gust_kt>24</wind_gust_kt>
	<windchill_string>10 F (-12 C)</windchill_string>
      	<windchill_f>10</windchill_f>
      	<windchill_c>-12</windchill_c>
	<two_day_history_url>http://www.weather.gov/data/obhistory/CWIG.html</two_day_history_url>
	<ob_url>http://www.weather.gov/data/METAR/CWIG.1.txt</ob_url>
	<disclaimer_url>http://weather.gov/disclaimer.html</disclaimer_url>
	<copyright_url>http://weather.gov/disclaimer.html</copyright_url>
	<privacy_policy_url>http://weather.gov/notice.html</privacy_policy_url>
</current_observation>
