<?xml version="1.0" encoding="ISO-8859-1"?> 
<?xml-stylesheet href="latest_ob.xsl" type="text/xsl"?>
<current_observation version="1.0"
	 xmlns:xsd="http://www.w3.org/2001/XMLSchema"
	 xmlns:xsi="http://www.w3.org/2001/XMLSchema-instance"
	 xsi:noNamespaceSchemaLocation="http://www.weather.gov/view/current_observation.xsd">
	<credit>NOAA's National Weather Service</credit>
	<credit_URL>http://weather.gov/</credit_URL>
	<image>
		<url>http://weather.gov/images/xml_logo.gif</url>
		<title>NOAA's National Weather Service</title>
		<link>http://weather.gov</link>
	</image>
	<suggested_pickup>15 minutes after the hour</suggested_pickup>
	<suggested_pickup_period>60</suggested_pickup_period>
	<location>Victoria Beach, MB</location>
	<station_id>CWII</station_id>
	<latitude>50.7</latitude>
	<longitude>-96.5667</longitude>
	<observation_time>Last Updated on Feb 22 2018, 4:00 pm CST</observation_time>
        <observation_time_rfc822>Thu, 22 Feb 2018 16:00:00 -0600</observation_time_rfc822>
	<temperature_string>6.0 F (-14.3 C)</temperature_string>
	<temp_f>6.0</temp_f>
	<temp_c>-14.3</temp_c>
	<relative_humidity>62</relative_humidity>
	<wind_string>Southwest at 16.1 MPH (14 KT)</wind_string>
	<wind_dir>Southwest</wind_dir>
	<wind_degrees>220</wind_degrees>
	<wind_mph>16.1</wind_mph>
	<wind_kt>14</wind_kt>
	<dewpoint_string>-4.2 F (-20.1 C)</dewpoint_string>
	<dewpoint_f>-4.2</dewpoint_f>
	<dewpoint_c>-20.1</dewpoint_c>
	<windchill_string>-12 F (-24 C)</windchill_string>
      	<windchill_f>-12</windchill_f>
      	<windchill_c>-24</windchill_c>
	<two_day_history_url>http://www.weather.gov/data/obhistory/CWII.html</two_day_history_url>
	<ob_url>http://www.weather.gov/data/METAR/CWII.1.txt</ob_url>
	<disclaimer_url>http://weather.gov/disclaimer.html</disclaimer_url>
	<copyright_url>http://weather.gov/disclaimer.html</copyright_url>
	<privacy_policy_url>http://weather.gov/notice.html</privacy_policy_url>
</current_observation>
