<?xml version="1.0" encoding="ISO-8859-1"?> 
<?xml-stylesheet href="latest_ob.xsl" type="text/xsl"?>
<current_observation version="1.0"
	 xmlns:xsd="http://www.w3.org/2001/XMLSchema"
	 xmlns:xsi="http://www.w3.org/2001/XMLSchema-instance"
	 xsi:noNamespaceSchemaLocation="http://www.weather.gov/view/current_observation.xsd">
	<credit>NOAA's National Weather Service</credit>
	<credit_URL>http://weather.gov/</credit_URL>
	<image>
		<url>http://weather.gov/images/xml_logo.gif</url>
		<title>NOAA's National Weather Service</title>
		<link>http://weather.gov</link>
	</image>
	<suggested_pickup>15 minutes after the hour</suggested_pickup>
	<suggested_pickup_period>60</suggested_pickup_period>
	<location>Victoria Beach, MB</location>
	<station_id>CWII</station_id>
	<latitude>50.7</latitude>
	<longitude>-96.56667</longitude>
	<observation_time>Last Updated on Oct 17 2017, 12:00 pm CDT</observation_time>
        <observation_time_rfc822>Tue, 17 Oct 2017 12:00:00 -0500</observation_time_rfc822>
	<temperature_string>58.0 F (14.5 C)</temperature_string>
	<temp_f>58.0</temp_f>
	<temp_c>14.5</temp_c>
	<relative_humidity>50</relative_humidity>
	<wind_string>from the South at 18.4 gusting to 26.5 MPH (16 gusting to 23 KT)</wind_string>
	<wind_dir>South</wind_dir>
	<wind_degrees>180</wind_degrees>
	<wind_mph>18.4</wind_mph>
	<wind_gust_mph>26.5</wind_gust_mph>
	<wind_kt>16</wind_kt>
	<wind_gust_kt>23</wind_gust_kt>
	<dewpoint_string>39.4 F (4.1 C)</dewpoint_string>
	<dewpoint_f>39.4</dewpoint_f>
	<dewpoint_c>4.1</dewpoint_c>
	<windchill_string>54 F (12 C)</windchill_string>
      	<windchill_f>54</windchill_f>
      	<windchill_c>12</windchill_c>
	<two_day_history_url>http://www.weather.gov/data/obhistory/CWII.html</two_day_history_url>
	<ob_url>http://www.weather.gov/data/METAR/CWII.1.txt</ob_url>
	<disclaimer_url>http://weather.gov/disclaimer.html</disclaimer_url>
	<copyright_url>http://weather.gov/disclaimer.html</copyright_url>
	<privacy_policy_url>http://weather.gov/notice.html</privacy_policy_url>
</current_observation>
