<?xml version="1.0" encoding="ISO-8859-1"?> 
<?xml-stylesheet href="latest_ob.xsl" type="text/xsl"?>
<current_observation version="1.0"
	 xmlns:xsd="http://www.w3.org/2001/XMLSchema"
	 xmlns:xsi="http://www.w3.org/2001/XMLSchema-instance"
	 xsi:noNamespaceSchemaLocation="http://www.weather.gov/view/current_observation.xsd">
	<credit>NOAA's National Weather Service</credit>
	<credit_URL>http://weather.gov/</credit_URL>
	<image>
		<url>http://weather.gov/images/xml_logo.gif</url>
		<title>NOAA's National Weather Service</title>
		<link>http://weather.gov</link>
	</image>
	<suggested_pickup>15 minutes after the hour</suggested_pickup>
	<suggested_pickup_period>60</suggested_pickup_period>
	<location>Lupin, N. W. T., NU</location>
	<station_id>CWIJ</station_id>
	<latitude>65.7667</latitude>
	<longitude>-111.233</longitude>
	<observation_time>Last Updated on Feb 22 2018, 2:00 pm MST</observation_time>
        <observation_time_rfc822>Thu, 22 Feb 2018 14:00:00 -0700</observation_time_rfc822>
	<weather>Breezy</weather>
	<temperature_string>-22.0 F (-29.9 C)</temperature_string>
	<temp_f>-22.0</temp_f>
	<temp_c>-29.9</temp_c>
	<relative_humidity>75</relative_humidity>
	<wind_string>Southwest at 25.3 MPH (22 KT)</wind_string>
	<wind_dir>Southwest</wind_dir>
	<wind_degrees>220</wind_degrees>
	<wind_mph>25.3</wind_mph>
	<wind_kt>22</wind_kt>
	<dewpoint_string>-27.2 F (-32.9 C)</dewpoint_string>
	<dewpoint_f>-27.2</dewpoint_f>
	<dewpoint_c>-32.9</dewpoint_c>
	<windchill_string>-54 F (-48 C)</windchill_string>
      	<windchill_f>-54</windchill_f>
      	<windchill_c>-48</windchill_c>
 	<icon_url_base>http://forecast.weather.gov/images/wtf/small/</icon_url_base>
	<two_day_history_url>http://www.weather.gov/data/obhistory/CWIJ.html</two_day_history_url>
	<icon_url_name>wind.png</icon_url_name>
	<ob_url>http://www.weather.gov/data/METAR/CWIJ.1.txt</ob_url>
	<disclaimer_url>http://weather.gov/disclaimer.html</disclaimer_url>
	<copyright_url>http://weather.gov/disclaimer.html</copyright_url>
	<privacy_policy_url>http://weather.gov/notice.html</privacy_policy_url>
</current_observation>
