<?xml version="1.0" encoding="ISO-8859-1"?> 
<?xml-stylesheet href="latest_ob.xsl" type="text/xsl"?>
<current_observation version="1.0"
	 xmlns:xsd="http://www.w3.org/2001/XMLSchema"
	 xmlns:xsi="http://www.w3.org/2001/XMLSchema-instance"
	 xsi:noNamespaceSchemaLocation="http://www.weather.gov/view/current_observation.xsd">
	<credit>NOAA's National Weather Service</credit>
	<credit_URL>http://weather.gov/</credit_URL>
	<image>
		<url>http://weather.gov/images/xml_logo.gif</url>
		<title>NOAA's National Weather Service</title>
		<link>http://weather.gov</link>
	</image>
	<suggested_pickup>15 minutes after the hour</suggested_pickup>
	<suggested_pickup_period>60</suggested_pickup_period>
	<location>Charlevoix CS , Que., QC</location>
	<station_id>CWIS</station_id>
	<latitude>47.28333</latitude>
	<longitude>-70.63333</longitude>
	<observation_time>Last Updated on Oct 17 2017, 1:00 pm EDT</observation_time>
        <observation_time_rfc822>Tue, 17 Oct 2017 13:00:00 -0400</observation_time_rfc822>
	<temperature_string>37.0 F (2.7 C)</temperature_string>
	<temp_f>37.0</temp_f>
	<temp_c>2.7</temp_c>
	<relative_humidity>64</relative_humidity>
	<wind_string>from the Southwest at 11.5 gusting to 26.5 MPH (10 gusting to 23 KT)</wind_string>
	<wind_dir>Southwest</wind_dir>
	<wind_degrees>230</wind_degrees>
	<wind_mph>11.5</wind_mph>
	<wind_gust_mph>26.5</wind_gust_mph>
	<wind_kt>10</wind_kt>
	<wind_gust_kt>23</wind_gust_kt>
	<pressure_string>1017.6 mb</pressure_string>
	<pressure_mb>1017.6</pressure_mb>
	<dewpoint_string>25.7 F (-3.5 C)</dewpoint_string>
	<dewpoint_f>25.7</dewpoint_f>
	<dewpoint_c>-3.5</dewpoint_c>
	<windchill_string>29 F (-2 C)</windchill_string>
      	<windchill_f>29</windchill_f>
      	<windchill_c>-2</windchill_c>
	<two_day_history_url>http://www.weather.gov/data/obhistory/CWIS.html</two_day_history_url>
	<ob_url>http://www.weather.gov/data/METAR/CWIS.1.txt</ob_url>
	<disclaimer_url>http://weather.gov/disclaimer.html</disclaimer_url>
	<copyright_url>http://weather.gov/disclaimer.html</copyright_url>
	<privacy_policy_url>http://weather.gov/notice.html</privacy_policy_url>
</current_observation>
