<?xml version="1.0" encoding="ISO-8859-1"?> 
<?xml-stylesheet href="latest_ob.xsl" type="text/xsl"?>
<current_observation version="1.0"
	 xmlns:xsd="http://www.w3.org/2001/XMLSchema"
	 xmlns:xsi="http://www.w3.org/2001/XMLSchema-instance"
	 xsi:noNamespaceSchemaLocation="http://www.weather.gov/view/current_observation.xsd">
	<credit>NOAA's National Weather Service</credit>
	<credit_URL>http://weather.gov/</credit_URL>
	<image>
		<url>http://weather.gov/images/xml_logo.gif</url>
		<title>NOAA's National Weather Service</title>
		<link>http://weather.gov</link>
	</image>
	<suggested_pickup>15 minutes after the hour</suggested_pickup>
	<suggested_pickup_period>60</suggested_pickup_period>
	<location>Saint Clothilde Automated Reporting Station, QC</location>
	<station_id>CWIT</station_id>
	<latitude>45.1667</latitude>
	<longitude>-73.6833</longitude>
	<observation_time>Last Updated on Feb 22 2018, 5:00 pm EST</observation_time>
        <observation_time_rfc822>Thu, 22 Feb 2018 17:00:00 -0500</observation_time_rfc822>
	<temperature_string>40.0 F (4.4 C)</temperature_string>
	<temp_f>40.0</temp_f>
	<temp_c>4.4</temp_c>
	<relative_humidity>73</relative_humidity>
	<wind_string>from the West at 8.1 gusting to 18.4 MPH (7 gusting to 16 KT)</wind_string>
	<wind_dir>West</wind_dir>
	<wind_degrees>280</wind_degrees>
	<wind_mph>8.1</wind_mph>
	<wind_gust_mph>18.4</wind_gust_mph>
	<wind_kt>7</wind_kt>
	<wind_gust_kt>16</wind_gust_kt>
	<pressure_string>1027.2 mb</pressure_string>
	<pressure_mb>1027.2</pressure_mb>
	<dewpoint_string>31.8 F (-0.1 C)</dewpoint_string>
	<dewpoint_f>31.8</dewpoint_f>
	<dewpoint_c>-0.1</dewpoint_c>
	<windchill_string>35 F (2 C)</windchill_string>
      	<windchill_f>35</windchill_f>
      	<windchill_c>2</windchill_c>
	<two_day_history_url>http://www.weather.gov/data/obhistory/CWIT.html</two_day_history_url>
	<ob_url>http://www.weather.gov/data/METAR/CWIT.1.txt</ob_url>
	<disclaimer_url>http://weather.gov/disclaimer.html</disclaimer_url>
	<copyright_url>http://weather.gov/disclaimer.html</copyright_url>
	<privacy_policy_url>http://weather.gov/notice.html</privacy_policy_url>
</current_observation>
