<?xml version="1.0" encoding="ISO-8859-1"?> 
<?xml-stylesheet href="latest_ob.xsl" type="text/xsl"?>
<current_observation version="1.0"
	 xmlns:xsd="http://www.w3.org/2001/XMLSchema"
	 xmlns:xsi="http://www.w3.org/2001/XMLSchema-instance"
	 xsi:noNamespaceSchemaLocation="http://www.weather.gov/view/current_observation.xsd">
	<credit>NOAA's National Weather Service</credit>
	<credit_URL>http://weather.gov/</credit_URL>
	<image>
		<url>http://weather.gov/images/xml_logo.gif</url>
		<title>NOAA's National Weather Service</title>
		<link>http://weather.gov</link>
	</image>
	<suggested_pickup>15 minutes after the hour</suggested_pickup>
	<suggested_pickup_period>60</suggested_pickup_period>
	<location>Mistook Automated Reporting Station, QC</location>
	<station_id>CWIX</station_id>
	<latitude>48.7667</latitude>
	<longitude>-71.7167</longitude>
	<observation_time>Last Updated on Feb 22 2018, 6:00 pm EST</observation_time>
        <observation_time_rfc822>Thu, 22 Feb 2018 18:00:00 -0500</observation_time_rfc822>
	<temperature_string>16.0 F (-9.1 C)</temperature_string>
	<temp_f>16.0</temp_f>
	<temp_c>-9.1</temp_c>
	<relative_humidity>61</relative_humidity>
	<wind_string>Northwest at 19.6 MPH (17 KT)</wind_string>
	<wind_dir>Northwest</wind_dir>
	<wind_degrees>300</wind_degrees>
	<wind_mph>19.6</wind_mph>
	<wind_kt>17</wind_kt>
	<pressure_string>1028.8 mb</pressure_string>
	<pressure_mb>1028.8</pressure_mb>
	<dewpoint_string>4.3 F (-15.4 C)</dewpoint_string>
	<dewpoint_f>4.3</dewpoint_f>
	<dewpoint_c>-15.4</dewpoint_c>
	<windchill_string>-1 F (-18 C)</windchill_string>
      	<windchill_f>-1</windchill_f>
      	<windchill_c>-18</windchill_c>
	<two_day_history_url>http://www.weather.gov/data/obhistory/CWIX.html</two_day_history_url>
	<ob_url>http://www.weather.gov/data/METAR/CWIX.1.txt</ob_url>
	<disclaimer_url>http://weather.gov/disclaimer.html</disclaimer_url>
	<copyright_url>http://weather.gov/disclaimer.html</copyright_url>
	<privacy_policy_url>http://weather.gov/notice.html</privacy_policy_url>
</current_observation>
