<?xml version="1.0" encoding="ISO-8859-1"?> 
<?xml-stylesheet href="latest_ob.xsl" type="text/xsl"?>
<current_observation version="1.0"
	 xmlns:xsd="http://www.w3.org/2001/XMLSchema"
	 xmlns:xsi="http://www.w3.org/2001/XMLSchema-instance"
	 xsi:noNamespaceSchemaLocation="http://www.weather.gov/view/current_observation.xsd">
	<credit>NOAA's National Weather Service</credit>
	<credit_URL>http://weather.gov/</credit_URL>
	<image>
		<url>http://weather.gov/images/xml_logo.gif</url>
		<title>NOAA's National Weather Service</title>
		<link>http://weather.gov</link>
	</image>
	<suggested_pickup>15 minutes after the hour</suggested_pickup>
	<suggested_pickup_period>60</suggested_pickup_period>
	<location>St Leonard Automatic Weather Reporting System, NB</location>
	<station_id>CWIY</station_id>
	<latitude>47.15</latitude>
	<longitude>-67.81667</longitude>
	<observation_time>Last Updated on Feb 5 2017, 10:00 am AST</observation_time>
        <observation_time_rfc822>Sun, 05 Feb 2017 10:00:00 -0400</observation_time_rfc822>
	<temperature_string>5.0 F (-15.1 C)</temperature_string>
	<temp_f>5.0</temp_f>
	<temp_c>-15.1</temp_c>
	<relative_humidity>90</relative_humidity>
	<wind_string>Southeast at 9.2 MPH (8 KT)</wind_string>
	<wind_dir>Southeast</wind_dir>
	<wind_degrees>140</wind_degrees>
	<wind_mph>9.2</wind_mph>
	<wind_kt>8</wind_kt>
	<pressure_string>1014.5 mb</pressure_string>
	<pressure_mb>1014.5</pressure_mb>
	<dewpoint_string>2.5 F (-16.4 C)</dewpoint_string>
	<dewpoint_f>2.5</dewpoint_f>
	<dewpoint_c>-16.4</dewpoint_c>
	<windchill_string>-9 F (-23 C)</windchill_string>
      	<windchill_f>-9</windchill_f>
      	<windchill_c>-23</windchill_c>
	<two_day_history_url>http://www.weather.gov/data/obhistory/CWIY.html</two_day_history_url>
	<ob_url>http://www.weather.gov/data/METAR/CWIY.1.txt</ob_url>
	<disclaimer_url>http://weather.gov/disclaimer.html</disclaimer_url>
	<copyright_url>http://weather.gov/disclaimer.html</copyright_url>
	<privacy_policy_url>http://weather.gov/notice.html</privacy_policy_url>
</current_observation>
