<?xml version="1.0" encoding="ISO-8859-1"?> 
<?xml-stylesheet href="latest_ob.xsl" type="text/xsl"?>
<current_observation version="1.0"
	 xmlns:xsd="http://www.w3.org/2001/XMLSchema"
	 xmlns:xsi="http://www.w3.org/2001/XMLSchema-instance"
	 xsi:noNamespaceSchemaLocation="http://www.weather.gov/view/current_observation.xsd">
	<credit>NOAA's National Weather Service</credit>
	<credit_URL>http://weather.gov/</credit_URL>
	<image>
		<url>http://weather.gov/images/xml_logo.gif</url>
		<title>NOAA's National Weather Service</title>
		<link>http://weather.gov</link>
	</image>
	<suggested_pickup>15 minutes after the hour</suggested_pickup>
	<suggested_pickup_period>60</suggested_pickup_period>
	<location>Southend Automatic Weather Reporting System, SK</location>
	<station_id>CWJH</station_id>
	<latitude>56.3333</latitude>
	<longitude>-103.283</longitude>
	<observation_time>Last Updated on Feb 22 2018, 5:00 pm CST</observation_time>
        <observation_time_rfc822>Thu, 22 Feb 2018 17:00:00 -0600</observation_time_rfc822>
	<temperature_string>3.0 F (-16.0 C)</temperature_string>
	<temp_f>3.0</temp_f>
	<temp_c>-16.0</temp_c>
	<wind_string>Southwest at 4.6 MPH (4 KT)</wind_string>
	<wind_dir>Southwest</wind_dir>
	<wind_degrees>220</wind_degrees>
	<wind_mph>4.6</wind_mph>
	<wind_kt>4</wind_kt>
	<pressure_string>1020.9 mb</pressure_string>
	<pressure_mb>1020.9</pressure_mb>
	<windchill_string>-6 F (-21 C)</windchill_string>
      	<windchill_f>-6</windchill_f>
      	<windchill_c>-21</windchill_c>
	<two_day_history_url>http://www.weather.gov/data/obhistory/CWJH.html</two_day_history_url>
	<ob_url>http://www.weather.gov/data/METAR/CWJH.1.txt</ob_url>
	<disclaimer_url>http://weather.gov/disclaimer.html</disclaimer_url>
	<copyright_url>http://weather.gov/disclaimer.html</copyright_url>
	<privacy_policy_url>http://weather.gov/notice.html</privacy_policy_url>
</current_observation>
