<?xml version="1.0" encoding="ISO-8859-1"?> 
<?xml-stylesheet href="latest_ob.xsl" type="text/xsl"?>
<current_observation version="1.0"
	 xmlns:xsd="http://www.w3.org/2001/XMLSchema"
	 xmlns:xsi="http://www.w3.org/2001/XMLSchema-instance"
	 xsi:noNamespaceSchemaLocation="http://www.weather.gov/view/current_observation.xsd">
	<credit>NOAA's National Weather Service</credit>
	<credit_URL>http://weather.gov/</credit_URL>
	<image>
		<url>http://weather.gov/images/xml_logo.gif</url>
		<title>NOAA's National Weather Service</title>
		<link>http://weather.gov</link>
	</image>
	<suggested_pickup>15 minutes after the hour</suggested_pickup>
	<suggested_pickup_period>60</suggested_pickup_period>
	<location>Assiniboia Airport Automated Reporting Station, SK</location>
	<station_id>CWJI</station_id>
	<latitude>49.7333</latitude>
	<longitude>-105.933</longitude>
	<observation_time>Last Updated on Feb 22 2018, 5:00 pm CST</observation_time>
        <observation_time_rfc822>Thu, 22 Feb 2018 17:00:00 -0600</observation_time_rfc822>
	<temperature_string>11.0 F (-11.9 C)</temperature_string>
	<temp_f>11.0</temp_f>
	<temp_c>-11.9</temp_c>
	<relative_humidity>52</relative_humidity>
	<wind_string>South at 5.8 MPH (5 KT)</wind_string>
	<wind_dir>South</wind_dir>
	<wind_degrees>170</wind_degrees>
	<wind_mph>5.8</wind_mph>
	<wind_kt>5</wind_kt>
	<pressure_string>1027.1 mb</pressure_string>
	<pressure_mb>1027.1</pressure_mb>
	<dewpoint_string>-3.8 F (-19.9 C)</dewpoint_string>
	<dewpoint_f>-3.8</dewpoint_f>
	<dewpoint_c>-19.9</dewpoint_c>
	<windchill_string>1 F (-17 C)</windchill_string>
      	<windchill_f>1</windchill_f>
      	<windchill_c>-17</windchill_c>
	<two_day_history_url>http://www.weather.gov/data/obhistory/CWJI.html</two_day_history_url>
	<ob_url>http://www.weather.gov/data/METAR/CWJI.1.txt</ob_url>
	<disclaimer_url>http://weather.gov/disclaimer.html</disclaimer_url>
	<copyright_url>http://weather.gov/disclaimer.html</copyright_url>
	<privacy_policy_url>http://weather.gov/notice.html</privacy_policy_url>
</current_observation>
