<?xml version="1.0" encoding="ISO-8859-1"?> 
<?xml-stylesheet href="latest_ob.xsl" type="text/xsl"?>
<current_observation version="1.0"
	 xmlns:xsd="http://www.w3.org/2001/XMLSchema"
	 xmlns:xsi="http://www.w3.org/2001/XMLSchema-instance"
	 xsi:noNamespaceSchemaLocation="http://www.weather.gov/view/current_observation.xsd">
	<credit>NOAA's National Weather Service</credit>
	<credit_URL>http://weather.gov/</credit_URL>
	<image>
		<url>http://weather.gov/images/xml_logo.gif</url>
		<title>NOAA's National Weather Service</title>
		<link>http://weather.gov</link>
	</image>
	<suggested_pickup>15 minutes after the hour</suggested_pickup>
	<suggested_pickup_period>60</suggested_pickup_period>
	<location>Jonquiere Automated Reporting Station, QC</location>
	<station_id>CWJO</station_id>
	<latitude>48.4167</latitude>
	<longitude>-71.2167</longitude>
	<observation_time>Last Updated on Feb 22 2018, 5:00 pm EST</observation_time>
        <observation_time_rfc822>Thu, 22 Feb 2018 17:00:00 -0500</observation_time_rfc822>
	<weather>Breezy</weather>
	<temperature_string>24.0 F (-4.4 C)</temperature_string>
	<temp_f>24.0</temp_f>
	<temp_c>-4.4</temp_c>
	<relative_humidity>58</relative_humidity>
	<wind_string>from the Northwest at 25.3 gusting to 36.8 MPH (22 gusting to 32 KT)</wind_string>
	<wind_dir>Northwest</wind_dir>
	<wind_degrees>300</wind_degrees>
	<wind_mph>25.3</wind_mph>
	<wind_gust_mph>36.8</wind_gust_mph>
	<wind_kt>22</wind_kt>
	<wind_gust_kt>32</wind_gust_kt>
	<pressure_string>1024.6 mb</pressure_string>
	<pressure_mb>1024.6</pressure_mb>
	<dewpoint_string>11.3 F (-11.5 C)</dewpoint_string>
	<dewpoint_f>11.3</dewpoint_f>
	<dewpoint_c>-11.5</dewpoint_c>
	<windchill_string>8 F (-13 C)</windchill_string>
      	<windchill_f>8</windchill_f>
      	<windchill_c>-13</windchill_c>
 	<icon_url_base>http://forecast.weather.gov/images/wtf/small/</icon_url_base>
	<two_day_history_url>http://www.weather.gov/data/obhistory/CWJO.html</two_day_history_url>
	<icon_url_name>wind.png</icon_url_name>
	<ob_url>http://www.weather.gov/data/METAR/CWJO.1.txt</ob_url>
	<disclaimer_url>http://weather.gov/disclaimer.html</disclaimer_url>
	<copyright_url>http://weather.gov/disclaimer.html</copyright_url>
	<privacy_policy_url>http://weather.gov/notice.html</privacy_policy_url>
</current_observation>
