<?xml version="1.0" encoding="ISO-8859-1"?> 
<?xml-stylesheet href="latest_ob.xsl" type="text/xsl"?>
<current_observation version="1.0"
	 xmlns:xsd="http://www.w3.org/2001/XMLSchema"
	 xmlns:xsi="http://www.w3.org/2001/XMLSchema-instance"
	 xsi:noNamespaceSchemaLocation="http://www.weather.gov/view/current_observation.xsd">
	<credit>NOAA's National Weather Service</credit>
	<credit_URL>http://weather.gov/</credit_URL>
	<image>
		<url>http://weather.gov/images/xml_logo.gif</url>
		<title>NOAA's National Weather Service</title>
		<link>http://weather.gov</link>
	</image>
	<suggested_pickup>15 minutes after the hour</suggested_pickup>
	<suggested_pickup_period>60</suggested_pickup_period>
	<location>Creston Automatic Weather Reporting System, BC</location>
	<station_id>CWJR</station_id>
	<latitude>49.03982</latitude>
	<longitude>-116.48254</longitude>
	<observation_time>Last Updated on Oct 17 2017, 10:00 am MST</observation_time>
        <observation_time_rfc822>Tue, 17 Oct 2017 10:00:00 -0700</observation_time_rfc822>
	<temperature_string>54.0 F (12.1 C)</temperature_string>
	<temp_f>54.0</temp_f>
	<temp_c>12.1</temp_c>
	<relative_humidity>49</relative_humidity>
	<wind_string>from the South at 5.8 gusting to 19.6 MPH (5 gusting to 17 KT)</wind_string>
	<wind_dir>South</wind_dir>
	<wind_degrees>200</wind_degrees>
	<wind_mph>5.8</wind_mph>
	<wind_gust_mph>19.6</wind_gust_mph>
	<wind_kt>5</wind_kt>
	<wind_gust_kt>17</wind_gust_kt>
	<pressure_string>1010.6 mb</pressure_string>
	<pressure_mb>1010.6</pressure_mb>
	<dewpoint_string>34.9 F (1.6 C)</dewpoint_string>
	<dewpoint_f>34.9</dewpoint_f>
	<dewpoint_c>1.6</dewpoint_c>
	<windchill_string>53 F (12 C)</windchill_string>
      	<windchill_f>53</windchill_f>
      	<windchill_c>12</windchill_c>
	<two_day_history_url>http://www.weather.gov/data/obhistory/CWJR.html</two_day_history_url>
	<ob_url>http://www.weather.gov/data/METAR/CWJR.1.txt</ob_url>
	<disclaimer_url>http://weather.gov/disclaimer.html</disclaimer_url>
	<copyright_url>http://weather.gov/disclaimer.html</copyright_url>
	<privacy_policy_url>http://weather.gov/notice.html</privacy_policy_url>
</current_observation>
