<?xml version="1.0" encoding="ISO-8859-1"?> 
<?xml-stylesheet href="latest_ob.xsl" type="text/xsl"?>
<current_observation version="1.0"
	 xmlns:xsd="http://www.w3.org/2001/XMLSchema"
	 xmlns:xsi="http://www.w3.org/2001/XMLSchema-instance"
	 xsi:noNamespaceSchemaLocation="http://www.weather.gov/view/current_observation.xsd">
	<credit>NOAA's National Weather Service</credit>
	<credit_URL>http://weather.gov/</credit_URL>
	<image>
		<url>http://weather.gov/images/xml_logo.gif</url>
		<title>NOAA's National Weather Service</title>
		<link>http://weather.gov</link>
	</image>
	<suggested_pickup>15 minutes after the hour</suggested_pickup>
	<suggested_pickup_period>60</suggested_pickup_period>
	<location>Jasper Warden Automated Reporting Station, AB</location>
	<station_id>CWJW</station_id>
	<latitude>52.9333</latitude>
	<longitude>-118.317</longitude>
	<observation_time>Last Updated on Feb 22 2018, 3:00 pm MST</observation_time>
        <observation_time_rfc822>Thu, 22 Feb 2018 15:00:00 -0700</observation_time_rfc822>
	<temperature_string>17.0 F (-8.2 C)</temperature_string>
	<temp_f>17.0</temp_f>
	<temp_c>-8.2</temp_c>
	<relative_humidity>48</relative_humidity>
	<wind_string>South at 4.6 MPH (4 KT)</wind_string>
	<wind_dir>South</wind_dir>
	<wind_degrees>160</wind_degrees>
	<wind_mph>4.6</wind_mph>
	<wind_kt>4</wind_kt>
	<pressure_string>1022.2 mb</pressure_string>
	<pressure_mb>1022.2</pressure_mb>
	<dewpoint_string>0.9 F (-17.3 C)</dewpoint_string>
	<dewpoint_f>0.9</dewpoint_f>
	<dewpoint_c>-17.3</dewpoint_c>
	<windchill_string>10 F (-12 C)</windchill_string>
      	<windchill_f>10</windchill_f>
      	<windchill_c>-12</windchill_c>
	<two_day_history_url>http://www.weather.gov/data/obhistory/CWJW.html</two_day_history_url>
	<ob_url>http://www.weather.gov/data/METAR/CWJW.1.txt</ob_url>
	<disclaimer_url>http://weather.gov/disclaimer.html</disclaimer_url>
	<copyright_url>http://weather.gov/disclaimer.html</copyright_url>
	<privacy_policy_url>http://weather.gov/notice.html</privacy_policy_url>
</current_observation>
