<?xml version="1.0" encoding="ISO-8859-1"?> 
<?xml-stylesheet href="latest_ob.xsl" type="text/xsl"?>
<current_observation version="1.0"
	 xmlns:xsd="http://www.w3.org/2001/XMLSchema"
	 xmlns:xsi="http://www.w3.org/2001/XMLSchema-instance"
	 xsi:noNamespaceSchemaLocation="http://www.weather.gov/view/current_observation.xsd">
	<credit>NOAA's National Weather Service</credit>
	<credit_URL>http://weather.gov/</credit_URL>
	<image>
		<url>http://weather.gov/images/xml_logo.gif</url>
		<title>NOAA's National Weather Service</title>
		<link>http://weather.gov</link>
	</image>
	<suggested_pickup>15 minutes after the hour</suggested_pickup>
	<suggested_pickup_period>60</suggested_pickup_period>
	<location>Leader Airport Automatic Weather Reporting System, SK</location>
	<station_id>CWJX</station_id>
	<latitude>50.9</latitude>
	<longitude>-109.5</longitude>
	<observation_time>Last Updated on Oct 17 2017, 11:00 am CST</observation_time>
        <observation_time_rfc822>Tue, 17 Oct 2017 11:00:00 -0600</observation_time_rfc822>
	<weather>Windy</weather>
	<temperature_string>68.0 F (20.0 C)</temperature_string>
	<temp_f>68.0</temp_f>
	<temp_c>20.0</temp_c>
	<relative_humidity>25</relative_humidity>
	<wind_string>from the Southwest at 28.8 gusting to 36.8 MPH (25 gusting to 32 KT)</wind_string>
	<wind_dir>Southwest</wind_dir>
	<wind_degrees>240</wind_degrees>
	<wind_mph>28.8</wind_mph>
	<wind_gust_mph>36.8</wind_gust_mph>
	<wind_kt>25</wind_kt>
	<wind_gust_kt>32</wind_gust_kt>
	<pressure_string>997.8 mb</pressure_string>
	<pressure_mb>997.8</pressure_mb>
	<dewpoint_string>30.4 F (-0.9 C)</dewpoint_string>
	<dewpoint_f>30.4</dewpoint_f>
	<dewpoint_c>-0.9</dewpoint_c>
 	<icon_url_base>http://forecast.weather.gov/images/wtf/small/</icon_url_base>
	<two_day_history_url>http://www.weather.gov/data/obhistory/CWJX.html</two_day_history_url>
	<icon_url_name>wind.png</icon_url_name>
	<ob_url>http://www.weather.gov/data/METAR/CWJX.1.txt</ob_url>
	<disclaimer_url>http://weather.gov/disclaimer.html</disclaimer_url>
	<copyright_url>http://weather.gov/disclaimer.html</copyright_url>
	<privacy_policy_url>http://weather.gov/notice.html</privacy_policy_url>
</current_observation>
