<?xml version="1.0" encoding="ISO-8859-1"?> 
<?xml-stylesheet href="latest_ob.xsl" type="text/xsl"?>
<current_observation version="1.0"
	 xmlns:xsd="http://www.w3.org/2001/XMLSchema"
	 xmlns:xsi="http://www.w3.org/2001/XMLSchema-instance"
	 xsi:noNamespaceSchemaLocation="http://www.weather.gov/view/current_observation.xsd">
	<credit>NOAA's National Weather Service</credit>
	<credit_URL>http://weather.gov/</credit_URL>
	<image>
		<url>http://weather.gov/images/xml_logo.gif</url>
		<title>NOAA's National Weather Service</title>
		<link>http://weather.gov</link>
	</image>
	<suggested_pickup>15 minutes after the hour</suggested_pickup>
	<suggested_pickup_period>60</suggested_pickup_period>
	<location>Kejimkujik 1, N. S., NS</location>
	<station_id>CWKG</station_id>
	<latitude>44.4333</latitude>
	<longitude>-65.2</longitude>
	<observation_time>Last Updated on Feb 22 2018, 6:00 pm AST</observation_time>
        <observation_time_rfc822>Thu, 22 Feb 2018 18:00:00 -0400</observation_time_rfc822>
	<temperature_string>49.0 F (9.7 C)</temperature_string>
	<temp_f>49.0</temp_f>
	<temp_c>9.7</temp_c>
	<relative_humidity>96</relative_humidity>
	<wind_string>West at 6.9 MPH (6 KT)</wind_string>
	<wind_dir>West</wind_dir>
	<wind_degrees>260</wind_degrees>
	<wind_mph>6.9</wind_mph>
	<wind_kt>6</wind_kt>
	<pressure_string>1017.1 mb</pressure_string>
	<pressure_mb>1017.1</pressure_mb>
	<dewpoint_string>48.4 F (9.1 C)</dewpoint_string>
	<dewpoint_f>48.4</dewpoint_f>
	<dewpoint_c>9.1</dewpoint_c>
	<windchill_string>46 F (8 C)</windchill_string>
      	<windchill_f>46</windchill_f>
      	<windchill_c>8</windchill_c>
	<two_day_history_url>http://www.weather.gov/data/obhistory/CWKG.html</two_day_history_url>
	<ob_url>http://www.weather.gov/data/METAR/CWKG.1.txt</ob_url>
	<disclaimer_url>http://weather.gov/disclaimer.html</disclaimer_url>
	<copyright_url>http://weather.gov/disclaimer.html</copyright_url>
	<privacy_policy_url>http://weather.gov/notice.html</privacy_policy_url>
</current_observation>
