<?xml version="1.0" encoding="ISO-8859-1"?> 
<?xml-stylesheet href="latest_ob.xsl" type="text/xsl"?>
<current_observation version="1.0"
	 xmlns:xsd="http://www.w3.org/2001/XMLSchema"
	 xmlns:xsi="http://www.w3.org/2001/XMLSchema-instance"
	 xsi:noNamespaceSchemaLocation="http://www.weather.gov/view/current_observation.xsd">
	<credit>NOAA's National Weather Service</credit>
	<credit_URL>http://weather.gov/</credit_URL>
	<image>
		<url>http://weather.gov/images/xml_logo.gif</url>
		<title>NOAA's National Weather Service</title>
		<link>http://weather.gov</link>
	</image>
	<suggested_pickup>15 minutes after the hour</suggested_pickup>
	<suggested_pickup_period>60</suggested_pickup_period>
	<location>Malahat Automatic Weather Reporting System, BC</location>
	<station_id>CWKH</station_id>
	<latitude>48.5678</latitude>
	<longitude>-123.542</longitude>
	<observation_time>Last Updated on Feb 22 2018, 2:00 pm PST</observation_time>
        <observation_time_rfc822>Thu, 22 Feb 2018 14:00:00 -0800</observation_time_rfc822>
	<temperature_string>28.0 F (-2.1 C)</temperature_string>
	<temp_f>28.0</temp_f>
	<temp_c>-2.1</temp_c>
	<relative_humidity>78</relative_humidity>
	<pressure_string>1022.6 mb</pressure_string>
	<pressure_mb>1022.6</pressure_mb>
	<dewpoint_string>22.1 F (-5.5 C)</dewpoint_string>
	<dewpoint_f>22.1</dewpoint_f>
	<dewpoint_c>-5.5</dewpoint_c>
	<two_day_history_url>http://www.weather.gov/data/obhistory/CWKH.html</two_day_history_url>
	<ob_url>http://www.weather.gov/data/METAR/CWKH.1.txt</ob_url>
	<disclaimer_url>http://weather.gov/disclaimer.html</disclaimer_url>
	<copyright_url>http://weather.gov/disclaimer.html</copyright_url>
	<privacy_policy_url>http://weather.gov/notice.html</privacy_policy_url>
</current_observation>
