<?xml version="1.0" encoding="ISO-8859-1"?> 
<?xml-stylesheet href="latest_ob.xsl" type="text/xsl"?>
<current_observation version="1.0"
	 xmlns:xsd="http://www.w3.org/2001/XMLSchema"
	 xmlns:xsi="http://www.w3.org/2001/XMLSchema-instance"
	 xsi:noNamespaceSchemaLocation="http://www.weather.gov/view/current_observation.xsd">
	<credit>NOAA's National Weather Service</credit>
	<credit_URL>http://weather.gov/</credit_URL>
	<image>
		<url>http://weather.gov/images/xml_logo.gif</url>
		<title>NOAA's National Weather Service</title>
		<link>http://weather.gov</link>
	</image>
	<suggested_pickup>15 minutes after the hour</suggested_pickup>
	<suggested_pickup_period>60</suggested_pickup_period>
	<location>Dease Lake Coastal Station, BC</location>
	<station_id>CWKX</station_id>
	<latitude>58.4286</latitude>
	<longitude>-130.011</longitude>
	<observation_time>Last Updated on Feb 22 2018, 1:00 pm PST</observation_time>
        <observation_time_rfc822>Thu, 22 Feb 2018 13:00:00 -0800</observation_time_rfc822>
	<temperature_string>14.0 F (-10.1 C)</temperature_string>
	<temp_f>14.0</temp_f>
	<temp_c>-10.1</temp_c>
	<relative_humidity>54</relative_humidity>
	<wind_string>Southwest at 6.9 MPH (6 KT)</wind_string>
	<wind_dir>Southwest</wind_dir>
	<wind_degrees>210</wind_degrees>
	<wind_mph>6.9</wind_mph>
	<wind_kt>6</wind_kt>
	<pressure_string>1025.1 mb</pressure_string>
	<pressure_mb>1025.1</pressure_mb>
	<dewpoint_string>0.1 F (-17.7 C)</dewpoint_string>
	<dewpoint_f>0.1</dewpoint_f>
	<dewpoint_c>-17.7</dewpoint_c>
	<windchill_string>4 F (-16 C)</windchill_string>
      	<windchill_f>4</windchill_f>
      	<windchill_c>-16</windchill_c>
	<two_day_history_url>http://www.weather.gov/data/obhistory/CWKX.html</two_day_history_url>
	<ob_url>http://www.weather.gov/data/METAR/CWKX.1.txt</ob_url>
	<disclaimer_url>http://weather.gov/disclaimer.html</disclaimer_url>
	<copyright_url>http://weather.gov/disclaimer.html</copyright_url>
	<privacy_policy_url>http://weather.gov/notice.html</privacy_policy_url>
</current_observation>
