<?xml version="1.0" encoding="ISO-8859-1"?> 
<?xml-stylesheet href="latest_ob.xsl" type="text/xsl"?>
<current_observation version="1.0"
	 xmlns:xsd="http://www.w3.org/2001/XMLSchema"
	 xmlns:xsi="http://www.w3.org/2001/XMLSchema-instance"
	 xsi:noNamespaceSchemaLocation="http://www.weather.gov/view/current_observation.xsd">
	<credit>NOAA's National Weather Service</credit>
	<credit_URL>http://weather.gov/</credit_URL>
	<image>
		<url>http://weather.gov/images/xml_logo.gif</url>
		<title>NOAA's National Weather Service</title>
		<link>http://weather.gov</link>
	</image>
	<suggested_pickup>15 minutes after the hour</suggested_pickup>
	<suggested_pickup_period>60</suggested_pickup_period>
	<location>Lac La Biche, AB</location>
	<station_id>CWLB</station_id>
	<latitude>54.76898</latitude>
	<longitude>-112.02364</longitude>
	<observation_time>Last Updated on Feb 9 2018, 10:00 am MST</observation_time>
        <observation_time_rfc822>Fri, 09 Feb 2018 10:00:00 -0700</observation_time_rfc822>
	<temperature_string>-2.0 F (-18.8 C)</temperature_string>
	<temp_f>-2.0</temp_f>
	<temp_c>-18.8</temp_c>
	<relative_humidity>64</relative_humidity>
	<wind_string>North at 4.6 MPH (4 KT)</wind_string>
	<wind_dir>North</wind_dir>
	<wind_degrees>360</wind_degrees>
	<wind_mph>4.6</wind_mph>
	<wind_kt>4</wind_kt>
	<pressure_string>1031.2 mb</pressure_string>
	<pressure_mb>1031.2</pressure_mb>
	<dewpoint_string>-11.2 F (-24.0 C)</dewpoint_string>
	<dewpoint_f>-11.2</dewpoint_f>
	<dewpoint_c>-24.0</dewpoint_c>
	<windchill_string>-12 F (-24 C)</windchill_string>
      	<windchill_f>-12</windchill_f>
      	<windchill_c>-24</windchill_c>
	<two_day_history_url>http://www.weather.gov/data/obhistory/CWLB.html</two_day_history_url>
	<ob_url>http://www.weather.gov/data/METAR/CWLB.1.txt</ob_url>
	<disclaimer_url>http://weather.gov/disclaimer.html</disclaimer_url>
	<copyright_url>http://weather.gov/disclaimer.html</copyright_url>
	<privacy_policy_url>http://weather.gov/notice.html</privacy_policy_url>
</current_observation>
