<?xml version="1.0" encoding="ISO-8859-1"?> 
<?xml-stylesheet href="latest_ob.xsl" type="text/xsl"?>
<current_observation version="1.0"
	 xmlns:xsd="http://www.w3.org/2001/XMLSchema"
	 xmlns:xsi="http://www.w3.org/2001/XMLSchema-instance"
	 xsi:noNamespaceSchemaLocation="http://www.weather.gov/view/current_observation.xsd">
	<credit>NOAA's National Weather Service</credit>
	<credit_URL>http://weather.gov/</credit_URL>
	<image>
		<url>http://weather.gov/images/xml_logo.gif</url>
		<title>NOAA's National Weather Service</title>
		<link>http://weather.gov</link>
	</image>
	<suggested_pickup>15 minutes after the hour</suggested_pickup>
	<suggested_pickup_period>60</suggested_pickup_period>
	<location>Lucy Island, BC</location>
	<station_id>CWLC</station_id>
	<latitude>54.296</latitude>
	<longitude>-130.608</longitude>
	<observation_time>Last Updated on Feb 22 2018, 2:00 pm PST</observation_time>
        <observation_time_rfc822>Thu, 22 Feb 2018 14:00:00 -0800</observation_time_rfc822>
	<temperature_string>39.0 F (4.1 C)</temperature_string>
	<temp_f>39.0</temp_f>
	<temp_c>4.1</temp_c>
	<relative_humidity>69</relative_humidity>
	<wind_string>North at 11.5 MPH (10 KT)</wind_string>
	<wind_dir>North</wind_dir>
	<wind_degrees>340</wind_degrees>
	<wind_mph>11.5</wind_mph>
	<wind_kt>10</wind_kt>
	<dewpoint_string>30.0 F (-1.1 C)</dewpoint_string>
	<dewpoint_f>30.0</dewpoint_f>
	<dewpoint_c>-1.1</dewpoint_c>
	<windchill_string>32 F (0 C)</windchill_string>
      	<windchill_f>32</windchill_f>
      	<windchill_c>0</windchill_c>
	<two_day_history_url>http://www.weather.gov/data/obhistory/CWLC.html</two_day_history_url>
	<ob_url>http://www.weather.gov/data/METAR/CWLC.1.txt</ob_url>
	<disclaimer_url>http://weather.gov/disclaimer.html</disclaimer_url>
	<copyright_url>http://weather.gov/disclaimer.html</copyright_url>
	<privacy_policy_url>http://weather.gov/notice.html</privacy_policy_url>
</current_observation>
