<?xml version="1.0" encoding="ISO-8859-1"?> 
<?xml-stylesheet href="latest_ob.xsl" type="text/xsl"?>
<current_observation version="1.0"
	 xmlns:xsd="http://www.w3.org/2001/XMLSchema"
	 xmlns:xsi="http://www.w3.org/2001/XMLSchema-instance"
	 xsi:noNamespaceSchemaLocation="http://www.weather.gov/view/current_observation.xsd">
	<credit>NOAA's National Weather Service</credit>
	<credit_URL>http://weather.gov/</credit_URL>
	<image>
		<url>http://weather.gov/images/xml_logo.gif</url>
		<title>NOAA's National Weather Service</title>
		<link>http://weather.gov</link>
	</image>
	<suggested_pickup>15 minutes after the hour</suggested_pickup>
	<suggested_pickup_period>60</suggested_pickup_period>
	<location>Lucky Lake Automatic Weather Reporting System, SK</location>
	<station_id>CWLE</station_id>
	<latitude>50.95088</latitude>
	<longitude>-107.14296</longitude>
	<observation_time>Last Updated on Oct 17 2017, 11:00 am CST</observation_time>
        <observation_time_rfc822>Tue, 17 Oct 2017 11:00:00 -0600</observation_time_rfc822>
	<weather>Breezy</weather>
	<temperature_string>63.0 F (17.2 C)</temperature_string>
	<temp_f>63.0</temp_f>
	<temp_c>17.2</temp_c>
	<relative_humidity>30</relative_humidity>
	<wind_string>from the Southwest at 23.0 gusting to 28.8 MPH (20 gusting to 25 KT)</wind_string>
	<wind_dir>Southwest</wind_dir>
	<wind_degrees>230</wind_degrees>
	<wind_mph>23.0</wind_mph>
	<wind_gust_mph>28.8</wind_gust_mph>
	<wind_kt>20</wind_kt>
	<wind_gust_kt>25</wind_gust_kt>
	<pressure_string>1000.9 mb</pressure_string>
	<pressure_mb>1000.9</pressure_mb>
	<dewpoint_string>30.6 F (-0.8 C)</dewpoint_string>
	<dewpoint_f>30.6</dewpoint_f>
	<dewpoint_c>-0.8</dewpoint_c>
	<windchill_string>60 F (16 C)</windchill_string>
      	<windchill_f>60</windchill_f>
      	<windchill_c>16</windchill_c>
 	<icon_url_base>http://forecast.weather.gov/images/wtf/small/</icon_url_base>
	<two_day_history_url>http://www.weather.gov/data/obhistory/CWLE.html</two_day_history_url>
	<icon_url_name>wind.png</icon_url_name>
	<ob_url>http://www.weather.gov/data/METAR/CWLE.1.txt</ob_url>
	<disclaimer_url>http://weather.gov/disclaimer.html</disclaimer_url>
	<copyright_url>http://weather.gov/disclaimer.html</copyright_url>
	<privacy_policy_url>http://weather.gov/notice.html</privacy_policy_url>
</current_observation>
