<?xml version="1.0" encoding="ISO-8859-1"?> 
<?xml-stylesheet href="latest_ob.xsl" type="text/xsl"?>
<current_observation version="1.0"
	 xmlns:xsd="http://www.w3.org/2001/XMLSchema"
	 xmlns:xsi="http://www.w3.org/2001/XMLSchema-instance"
	 xsi:noNamespaceSchemaLocation="http://www.weather.gov/view/current_observation.xsd">
	<credit>NOAA's National Weather Service</credit>
	<credit_URL>http://weather.gov/</credit_URL>
	<image>
		<url>http://weather.gov/images/xml_logo.gif</url>
		<title>NOAA's National Weather Service</title>
		<link>http://weather.gov</link>
	</image>
	<suggested_pickup>15 minutes after the hour</suggested_pickup>
	<suggested_pickup_period>60</suggested_pickup_period>
	<location>Lucky Lake Automatic Weather Reporting System, SK</location>
	<station_id>CWLE</station_id>
	<latitude>50.9509</latitude>
	<longitude>-107.143</longitude>
	<observation_time>Last Updated on Feb 22 2018, 4:00 pm CST</observation_time>
        <observation_time_rfc822>Thu, 22 Feb 2018 16:00:00 -0600</observation_time_rfc822>
	<temperature_string>13.0 F (-10.8 C)</temperature_string>
	<temp_f>13.0</temp_f>
	<temp_c>-10.8</temp_c>
	<relative_humidity>66</relative_humidity>
	<wind_string>South at 15.0 MPH (13 KT)</wind_string>
	<wind_dir>South</wind_dir>
	<wind_degrees>200</wind_degrees>
	<wind_mph>15.0</wind_mph>
	<wind_kt>13</wind_kt>
	<pressure_string>1025.5 mb</pressure_string>
	<pressure_mb>1025.5</pressure_mb>
	<dewpoint_string>3.2 F (-16.0 C)</dewpoint_string>
	<dewpoint_f>3.2</dewpoint_f>
	<dewpoint_c>-16.0</dewpoint_c>
	<windchill_string>-3 F (-19 C)</windchill_string>
      	<windchill_f>-3</windchill_f>
      	<windchill_c>-19</windchill_c>
	<two_day_history_url>http://www.weather.gov/data/obhistory/CWLE.html</two_day_history_url>
	<ob_url>http://www.weather.gov/data/METAR/CWLE.1.txt</ob_url>
	<disclaimer_url>http://weather.gov/disclaimer.html</disclaimer_url>
	<copyright_url>http://weather.gov/disclaimer.html</copyright_url>
	<privacy_policy_url>http://weather.gov/notice.html</privacy_policy_url>
</current_observation>
