<?xml version="1.0" encoding="ISO-8859-1"?> 
<?xml-stylesheet href="latest_ob.xsl" type="text/xsl"?>
<current_observation version="1.0"
	 xmlns:xsd="http://www.w3.org/2001/XMLSchema"
	 xmlns:xsi="http://www.w3.org/2001/XMLSchema-instance"
	 xsi:noNamespaceSchemaLocation="http://www.weather.gov/view/current_observation.xsd">
	<credit>NOAA's National Weather Service</credit>
	<credit_URL>http://weather.gov/</credit_URL>
	<image>
		<url>http://weather.gov/images/xml_logo.gif</url>
		<title>NOAA's National Weather Service</title>
		<link>http://weather.gov</link>
	</image>
	<suggested_pickup>15 minutes after the hour</suggested_pickup>
	<suggested_pickup_period>60</suggested_pickup_period>
	<location>Cathedral Point Meteorological Aeronautical Presentation System, BC</location>
	<station_id>CWME</station_id>
	<latitude>52.1833</latitude>
	<longitude>-127.467</longitude>
	<observation_time>Last Updated on Feb 22 2018, 1:00 pm PST</observation_time>
        <observation_time_rfc822>Thu, 22 Feb 2018 13:00:00 -0800</observation_time_rfc822>
	<temperature_string>31.0 F (-0.8 C)</temperature_string>
	<temp_f>31.0</temp_f>
	<temp_c>-0.8</temp_c>
	<relative_humidity>89</relative_humidity>
	<wind_string>Northeast at 8.1 MPH (7 KT)</wind_string>
	<wind_dir>Northeast</wind_dir>
	<wind_degrees>60</wind_degrees>
	<wind_mph>8.1</wind_mph>
	<wind_kt>7</wind_kt>
	<pressure_string>1024.5 mb</pressure_string>
	<pressure_mb>1024.5</pressure_mb>
	<dewpoint_string>27.7 F (-2.4 C)</dewpoint_string>
	<dewpoint_f>27.7</dewpoint_f>
	<dewpoint_c>-2.4</dewpoint_c>
	<windchill_string>24 F (-4 C)</windchill_string>
      	<windchill_f>24</windchill_f>
      	<windchill_c>-4</windchill_c>
	<two_day_history_url>http://www.weather.gov/data/obhistory/CWME.html</two_day_history_url>
	<ob_url>http://www.weather.gov/data/METAR/CWME.1.txt</ob_url>
	<disclaimer_url>http://weather.gov/disclaimer.html</disclaimer_url>
	<copyright_url>http://weather.gov/disclaimer.html</copyright_url>
	<privacy_policy_url>http://weather.gov/notice.html</privacy_policy_url>
</current_observation>
