<?xml version="1.0" encoding="ISO-8859-1"?> 
<?xml-stylesheet href="latest_ob.xsl" type="text/xsl"?>
<current_observation version="1.0"
	 xmlns:xsd="http://www.w3.org/2001/XMLSchema"
	 xmlns:xsi="http://www.w3.org/2001/XMLSchema-instance"
	 xsi:noNamespaceSchemaLocation="http://www.weather.gov/view/current_observation.xsd">
	<credit>NOAA's National Weather Service</credit>
	<credit_URL>http://weather.gov/</credit_URL>
	<image>
		<url>http://weather.gov/images/xml_logo.gif</url>
		<title>NOAA's National Weather Service</title>
		<link>http://weather.gov</link>
	</image>
	<suggested_pickup>15 minutes after the hour</suggested_pickup>
	<suggested_pickup_period>60</suggested_pickup_period>
	<location>Pelly Island Automatic Weather Reporting System, NT</location>
	<station_id>CWND</station_id>
	<latitude>69.63333</latitude>
	<longitude>-135.43333</longitude>
	<observation_time>Last Updated on Oct 17 2017, 4:32 pm MDT</observation_time>
        <observation_time_rfc822>Tue, 17 Oct 2017 16:32:00 -0600</observation_time_rfc822>
	<temperature_string>31.0 F (-0.6 C)</temperature_string>
	<temp_f>31.0</temp_f>
	<temp_c>-0.6</temp_c>
	<relative_humidity>99</relative_humidity>
	<dewpoint_string>30.6 F (-0.8 C)</dewpoint_string>
	<dewpoint_f>30.6</dewpoint_f>
	<dewpoint_c>-0.8</dewpoint_c>
	<two_day_history_url>http://www.weather.gov/data/obhistory/CWND.html</two_day_history_url>
	<ob_url>http://www.weather.gov/data/METAR/CWND.1.txt</ob_url>
	<disclaimer_url>http://weather.gov/disclaimer.html</disclaimer_url>
	<copyright_url>http://weather.gov/disclaimer.html</copyright_url>
	<privacy_policy_url>http://weather.gov/notice.html</privacy_policy_url>
</current_observation>
