<?xml version="1.0" encoding="ISO-8859-1"?> 
<?xml-stylesheet href="latest_ob.xsl" type="text/xsl"?>
<current_observation version="1.0"
	 xmlns:xsd="http://www.w3.org/2001/XMLSchema"
	 xmlns:xsi="http://www.w3.org/2001/XMLSchema-instance"
	 xsi:noNamespaceSchemaLocation="http://www.weather.gov/view/current_observation.xsd">
	<credit>NOAA's National Weather Service</credit>
	<credit_URL>http://weather.gov/</credit_URL>
	<image>
		<url>http://weather.gov/images/xml_logo.gif</url>
		<title>NOAA's National Weather Service</title>
		<link>http://weather.gov</link>
	</image>
	<suggested_pickup>15 minutes after the hour</suggested_pickup>
	<suggested_pickup_period>60</suggested_pickup_period>
	<location>Nelson Automatic Weather Reporting System, BC</location>
	<station_id>CWNM</station_id>
	<latitude>49.5</latitude>
	<longitude>-117.3</longitude>
	<observation_time>Last Updated on Oct 17 2017, 10:00 am PDT</observation_time>
        <observation_time_rfc822>Tue, 17 Oct 2017 10:00:00 -0700</observation_time_rfc822>
	<temperature_string>56.0 F (13.3 C)</temperature_string>
	<temp_f>56.0</temp_f>
	<temp_c>13.3</temp_c>
	<relative_humidity>55</relative_humidity>
	<wind_string>Southwest at 9.2 MPH (8 KT)</wind_string>
	<wind_dir>Southwest</wind_dir>
	<wind_degrees>230</wind_degrees>
	<wind_mph>9.2</wind_mph>
	<wind_kt>8</wind_kt>
	<pressure_string>1007.2 mb</pressure_string>
	<pressure_mb>1007.2</pressure_mb>
	<dewpoint_string>39.7 F (4.3 C)</dewpoint_string>
	<dewpoint_f>39.7</dewpoint_f>
	<dewpoint_c>4.3</dewpoint_c>
	<windchill_string>54 F (12 C)</windchill_string>
      	<windchill_f>54</windchill_f>
      	<windchill_c>12</windchill_c>
	<two_day_history_url>http://www.weather.gov/data/obhistory/CWNM.html</two_day_history_url>
	<ob_url>http://www.weather.gov/data/METAR/CWNM.1.txt</ob_url>
	<disclaimer_url>http://weather.gov/disclaimer.html</disclaimer_url>
	<copyright_url>http://weather.gov/disclaimer.html</copyright_url>
	<privacy_policy_url>http://weather.gov/notice.html</privacy_policy_url>
</current_observation>
