<?xml version="1.0" encoding="ISO-8859-1"?> 
<?xml-stylesheet href="latest_ob.xsl" type="text/xsl"?>
<current_observation version="1.0"
	 xmlns:xsd="http://www.w3.org/2001/XMLSchema"
	 xmlns:xsi="http://www.w3.org/2001/XMLSchema-instance"
	 xsi:noNamespaceSchemaLocation="http://www.weather.gov/view/current_observation.xsd">
	<credit>NOAA's National Weather Service</credit>
	<credit_URL>http://weather.gov/</credit_URL>
	<image>
		<url>http://weather.gov/images/xml_logo.gif</url>
		<title>NOAA's National Weather Service</title>
		<link>http://weather.gov</link>
	</image>
	<suggested_pickup>15 minutes after the hour</suggested_pickup>
	<suggested_pickup_period>60</suggested_pickup_period>
	<location>Nakusp Automatic Weather Reporting System, BC</location>
	<station_id>CWNP</station_id>
	<latitude>50.2667</latitude>
	<longitude>-117.817</longitude>
	<observation_time>Last Updated on Feb 22 2018, 1:00 pm PST</observation_time>
        <observation_time_rfc822>Thu, 22 Feb 2018 13:00:00 -0800</observation_time_rfc822>
	<temperature_string>26.0 F (-3.1 C)</temperature_string>
	<temp_f>26.0</temp_f>
	<temp_c>-3.1</temp_c>
	<relative_humidity>36</relative_humidity>
	<wind_string>West at 1.2 MPH (1 KT)</wind_string>
	<wind_dir>West</wind_dir>
	<wind_degrees>250</wind_degrees>
	<wind_mph>1.2</wind_mph>
	<wind_kt>1</wind_kt>
	<pressure_string>1029.5 mb</pressure_string>
	<pressure_mb>1029.5</pressure_mb>
	<dewpoint_string>2.8 F (-16.2 C)</dewpoint_string>
	<dewpoint_f>2.8</dewpoint_f>
	<dewpoint_c>-16.2</dewpoint_c>
	<two_day_history_url>http://www.weather.gov/data/obhistory/CWNP.html</two_day_history_url>
	<ob_url>http://www.weather.gov/data/METAR/CWNP.1.txt</ob_url>
	<disclaimer_url>http://weather.gov/disclaimer.html</disclaimer_url>
	<copyright_url>http://weather.gov/disclaimer.html</copyright_url>
	<privacy_policy_url>http://weather.gov/notice.html</privacy_policy_url>
</current_observation>
