<?xml version="1.0" encoding="ISO-8859-1"?> 
<?xml-stylesheet href="latest_ob.xsl" type="text/xsl"?>
<current_observation version="1.0"
	 xmlns:xsd="http://www.w3.org/2001/XMLSchema"
	 xmlns:xsi="http://www.w3.org/2001/XMLSchema-instance"
	 xsi:noNamespaceSchemaLocation="http://www.weather.gov/view/current_observation.xsd">
	<credit>NOAA's National Weather Service</credit>
	<credit_URL>http://weather.gov/</credit_URL>
	<image>
		<url>http://weather.gov/images/xml_logo.gif</url>
		<title>NOAA's National Weather Service</title>
		<link>http://weather.gov</link>
	</image>
	<suggested_pickup>15 minutes after the hour</suggested_pickup>
	<suggested_pickup_period>60</suggested_pickup_period>
	<location>Nicolet Automatic Weather Reporting System, QC</location>
	<station_id>CWNQ</station_id>
	<latitude>46.2167</latitude>
	<longitude>-72.65</longitude>
	<observation_time>Last Updated on Feb 22 2018, 4:00 pm EST</observation_time>
        <observation_time_rfc822>Thu, 22 Feb 2018 16:00:00 -0500</observation_time_rfc822>
	<temperature_string>21.0 F (-6.3 C)</temperature_string>
	<temp_f>21.0</temp_f>
	<temp_c>-6.3</temp_c>
	<relative_humidity>60</relative_humidity>
	<wind_string>West at 1.2 MPH (1 KT)</wind_string>
	<wind_dir>West</wind_dir>
	<wind_degrees>270</wind_degrees>
	<wind_mph>1.2</wind_mph>
	<wind_kt>1</wind_kt>
	<dewpoint_string>9.0 F (-12.8 C)</dewpoint_string>
	<dewpoint_f>9.0</dewpoint_f>
	<dewpoint_c>-12.8</dewpoint_c>
	<two_day_history_url>http://www.weather.gov/data/obhistory/CWNQ.html</two_day_history_url>
	<ob_url>http://www.weather.gov/data/METAR/CWNQ.1.txt</ob_url>
	<disclaimer_url>http://weather.gov/disclaimer.html</disclaimer_url>
	<copyright_url>http://weather.gov/disclaimer.html</copyright_url>
	<privacy_policy_url>http://weather.gov/notice.html</privacy_policy_url>
</current_observation>
