<?xml version="1.0" encoding="ISO-8859-1"?> 
<?xml-stylesheet href="latest_ob.xsl" type="text/xsl"?>
<current_observation version="1.0"
	 xmlns:xsd="http://www.w3.org/2001/XMLSchema"
	 xmlns:xsi="http://www.w3.org/2001/XMLSchema-instance"
	 xsi:noNamespaceSchemaLocation="http://www.weather.gov/view/current_observation.xsd">
	<credit>NOAA's National Weather Service</credit>
	<credit_URL>http://weather.gov/</credit_URL>
	<image>
		<url>http://weather.gov/images/xml_logo.gif</url>
		<title>NOAA's National Weather Service</title>
		<link>http://weather.gov</link>
	</image>
	<suggested_pickup>15 minutes after the hour</suggested_pickup>
	<suggested_pickup_period>60</suggested_pickup_period>
	<location>New Carlisle1, QC</location>
	<station_id>CWOC</station_id>
	<latitude>48.0167</latitude>
	<longitude>-65.3333</longitude>
	<observation_time>Last Updated on Feb 22 2018, 4:00 pm EST</observation_time>
        <observation_time_rfc822>Thu, 22 Feb 2018 16:00:00 -0500</observation_time_rfc822>
	<temperature_string>21.0 F (-6.2 C)</temperature_string>
	<temp_f>21.0</temp_f>
	<temp_c>-6.2</temp_c>
	<relative_humidity>57</relative_humidity>
	<wind_string>from the West at 11.5 gusting to 18.4 MPH (10 gusting to 16 KT)</wind_string>
	<wind_dir>West</wind_dir>
	<wind_degrees>290</wind_degrees>
	<wind_mph>11.5</wind_mph>
	<wind_gust_mph>18.4</wind_gust_mph>
	<wind_kt>10</wind_kt>
	<wind_gust_kt>16</wind_gust_kt>
	<dewpoint_string>7.7 F (-13.5 C)</dewpoint_string>
	<dewpoint_f>7.7</dewpoint_f>
	<dewpoint_c>-13.5</dewpoint_c>
	<windchill_string>9 F (-13 C)</windchill_string>
      	<windchill_f>9</windchill_f>
      	<windchill_c>-13</windchill_c>
	<two_day_history_url>http://www.weather.gov/data/obhistory/CWOC.html</two_day_history_url>
	<ob_url>http://www.weather.gov/data/METAR/CWOC.1.txt</ob_url>
	<disclaimer_url>http://weather.gov/disclaimer.html</disclaimer_url>
	<copyright_url>http://weather.gov/disclaimer.html</copyright_url>
	<privacy_policy_url>http://weather.gov/notice.html</privacy_policy_url>
</current_observation>
