<?xml version="1.0" encoding="ISO-8859-1"?> 
<?xml-stylesheet href="latest_ob.xsl" type="text/xsl"?>
<current_observation version="1.0"
	 xmlns:xsd="http://www.w3.org/2001/XMLSchema"
	 xmlns:xsi="http://www.w3.org/2001/XMLSchema-instance"
	 xsi:noNamespaceSchemaLocation="http://www.weather.gov/view/current_observation.xsd">
	<credit>NOAA's National Weather Service</credit>
	<credit_URL>http://weather.gov/</credit_URL>
	<image>
		<url>http://weather.gov/images/xml_logo.gif</url>
		<title>NOAA's National Weather Service</title>
		<link>http://weather.gov</link>
	</image>
	<suggested_pickup>15 minutes after the hour</suggested_pickup>
	<suggested_pickup_period>60</suggested_pickup_period>
	<location>Normandin, QC</location>
	<station_id>CWOD</station_id>
	<latitude>48.8333</latitude>
	<longitude>-72.55</longitude>
	<observation_time>Last Updated on Feb 22 2018, 4:00 pm EST</observation_time>
        <observation_time_rfc822>Thu, 22 Feb 2018 16:00:00 -0500</observation_time_rfc822>
	<temperature_string>14.0 F (-10.2 C)</temperature_string>
	<temp_f>14.0</temp_f>
	<temp_c>-10.2</temp_c>
	<relative_humidity>62</relative_humidity>
	<wind_string>Southeast at 8.1 MPH (7 KT)</wind_string>
	<wind_dir>Southeast</wind_dir>
	<wind_degrees>140</wind_degrees>
	<wind_mph>8.1</wind_mph>
	<wind_kt>7</wind_kt>
	<pressure_string>1037.9 mb</pressure_string>
	<pressure_mb>1037.9</pressure_mb>
	<dewpoint_string>2.8 F (-16.2 C)</dewpoint_string>
	<dewpoint_f>2.8</dewpoint_f>
	<dewpoint_c>-16.2</dewpoint_c>
	<windchill_string>3 F (-16 C)</windchill_string>
      	<windchill_f>3</windchill_f>
      	<windchill_c>-16</windchill_c>
	<two_day_history_url>http://www.weather.gov/data/obhistory/CWOD.html</two_day_history_url>
	<ob_url>http://www.weather.gov/data/METAR/CWOD.1.txt</ob_url>
	<disclaimer_url>http://weather.gov/disclaimer.html</disclaimer_url>
	<copyright_url>http://weather.gov/disclaimer.html</copyright_url>
	<privacy_policy_url>http://weather.gov/notice.html</privacy_policy_url>
</current_observation>
