<?xml version="1.0" encoding="ISO-8859-1"?> 
<?xml-stylesheet href="latest_ob.xsl" type="text/xsl"?>
<current_observation version="1.0"
	 xmlns:xsd="http://www.w3.org/2001/XMLSchema"
	 xmlns:xsi="http://www.w3.org/2001/XMLSchema-instance"
	 xsi:noNamespaceSchemaLocation="http://www.weather.gov/view/current_observation.xsd">
	<credit>NOAA's National Weather Service</credit>
	<credit_URL>http://weather.gov/</credit_URL>
	<image>
		<url>http://weather.gov/images/xml_logo.gif</url>
		<title>NOAA's National Weather Service</title>
		<link>http://weather.gov</link>
	</image>
	<suggested_pickup>15 minutes after the hour</suggested_pickup>
	<suggested_pickup_period>60</suggested_pickup_period>
	<location>Wynyard Marine Aviation Reporting Station, SK</location>
	<station_id>CWOY</station_id>
	<latitude>51.76667</latitude>
	<longitude>-104.21667</longitude>
	<observation_time>Last Updated on Oct 17 2017, 11:00 am CST</observation_time>
        <observation_time_rfc822>Tue, 17 Oct 2017 11:00:00 -0600</observation_time_rfc822>
	<temperature_string>58.0 F (14.3 C)</temperature_string>
	<temp_f>58.0</temp_f>
	<temp_c>14.3</temp_c>
	<relative_humidity>40</relative_humidity>
	<wind_string>Southwest at 9.2 MPH (8 KT)</wind_string>
	<wind_dir>Southwest</wind_dir>
	<wind_degrees>240</wind_degrees>
	<wind_mph>9.2</wind_mph>
	<wind_kt>8</wind_kt>
	<pressure_string>1002.0 mb</pressure_string>
	<pressure_mb>1002.0</pressure_mb>
	<dewpoint_string>33.3 F (0.7 C)</dewpoint_string>
	<dewpoint_f>33.3</dewpoint_f>
	<dewpoint_c>0.7</dewpoint_c>
	<windchill_string>56 F (13 C)</windchill_string>
      	<windchill_f>56</windchill_f>
      	<windchill_c>13</windchill_c>
	<two_day_history_url>http://www.weather.gov/data/obhistory/CWOY.html</two_day_history_url>
	<ob_url>http://www.weather.gov/data/METAR/CWOY.1.txt</ob_url>
	<disclaimer_url>http://weather.gov/disclaimer.html</disclaimer_url>
	<copyright_url>http://weather.gov/disclaimer.html</copyright_url>
	<privacy_policy_url>http://weather.gov/notice.html</privacy_policy_url>
</current_observation>
