<?xml version="1.0" encoding="ISO-8859-1"?> 
<?xml-stylesheet href="latest_ob.xsl" type="text/xsl"?>
<current_observation version="1.0"
	 xmlns:xsd="http://www.w3.org/2001/XMLSchema"
	 xmlns:xsi="http://www.w3.org/2001/XMLSchema-instance"
	 xsi:noNamespaceSchemaLocation="http://www.weather.gov/view/current_observation.xsd">
	<credit>NOAA's National Weather Service</credit>
	<credit_URL>http://weather.gov/</credit_URL>
	<image>
		<url>http://weather.gov/images/xml_logo.gif</url>
		<title>NOAA's National Weather Service</title>
		<link>http://weather.gov</link>
	</image>
	<suggested_pickup>15 minutes after the hour</suggested_pickup>
	<suggested_pickup_period>60</suggested_pickup_period>
	<location>Wynyard Marine Aviation Reporting Station, SK</location>
	<station_id>CWOY</station_id>
	<latitude>51.7667</latitude>
	<longitude>-104.217</longitude>
	<observation_time>Last Updated on Feb 22 2018, 3:00 pm CST</observation_time>
        <observation_time_rfc822>Thu, 22 Feb 2018 15:00:00 -0600</observation_time_rfc822>
	<temperature_string>8.0 F (-13.6 C)</temperature_string>
	<temp_f>8.0</temp_f>
	<temp_c>-13.6</temp_c>
	<relative_humidity>73</relative_humidity>
	<wind_string>West at 12.7 MPH (11 KT)</wind_string>
	<wind_dir>West</wind_dir>
	<wind_degrees>260</wind_degrees>
	<wind_mph>12.7</wind_mph>
	<wind_kt>11</wind_kt>
	<pressure_string>1025.7 mb</pressure_string>
	<pressure_mb>1025.7</pressure_mb>
	<dewpoint_string>0.5 F (-17.5 C)</dewpoint_string>
	<dewpoint_f>0.5</dewpoint_f>
	<dewpoint_c>-17.5</dewpoint_c>
	<windchill_string>-8 F (-22 C)</windchill_string>
      	<windchill_f>-8</windchill_f>
      	<windchill_c>-22</windchill_c>
	<two_day_history_url>http://www.weather.gov/data/obhistory/CWOY.html</two_day_history_url>
	<ob_url>http://www.weather.gov/data/METAR/CWOY.1.txt</ob_url>
	<disclaimer_url>http://weather.gov/disclaimer.html</disclaimer_url>
	<copyright_url>http://weather.gov/disclaimer.html</copyright_url>
	<privacy_policy_url>http://weather.gov/notice.html</privacy_policy_url>
</current_observation>
