<?xml version="1.0" encoding="ISO-8859-1"?> 
<?xml-stylesheet href="latest_ob.xsl" type="text/xsl"?>
<current_observation version="1.0"
	 xmlns:xsd="http://www.w3.org/2001/XMLSchema"
	 xmlns:xsi="http://www.w3.org/2001/XMLSchema-instance"
	 xsi:noNamespaceSchemaLocation="http://www.weather.gov/view/current_observation.xsd">
	<credit>NOAA's National Weather Service</credit>
	<credit_URL>http://weather.gov/</credit_URL>
	<image>
		<url>http://weather.gov/images/xml_logo.gif</url>
		<title>NOAA's National Weather Service</title>
		<link>http://weather.gov</link>
	</image>
	<suggested_pickup>15 minutes after the hour</suggested_pickup>
	<suggested_pickup_period>60</suggested_pickup_period>
	<location>Point Lepreau, N. B., NB</location>
	<station_id>CWPE</station_id>
	<latitude>45.0667</latitude>
	<longitude>-66.4667</longitude>
	<observation_time>Last Updated on Feb 22 2018, 5:00 pm AST</observation_time>
        <observation_time_rfc822>Thu, 22 Feb 2018 17:00:00 -0400</observation_time_rfc822>
	<temperature_string>28.0 F (-2.0 C)</temperature_string>
	<temp_f>28.0</temp_f>
	<temp_c>-2.0</temp_c>
	<relative_humidity>42</relative_humidity>
	<wind_string>Northwest at 9.2 MPH (8 KT)</wind_string>
	<wind_dir>Northwest</wind_dir>
	<wind_degrees>320</wind_degrees>
	<wind_mph>9.2</wind_mph>
	<wind_kt>8</wind_kt>
	<dewpoint_string>8.2 F (-13.2 C)</dewpoint_string>
	<dewpoint_f>8.2</dewpoint_f>
	<dewpoint_c>-13.2</dewpoint_c>
	<windchill_string>19 F (-7 C)</windchill_string>
      	<windchill_f>19</windchill_f>
      	<windchill_c>-7</windchill_c>
	<two_day_history_url>http://www.weather.gov/data/obhistory/CWPE.html</two_day_history_url>
	<ob_url>http://www.weather.gov/data/METAR/CWPE.1.txt</ob_url>
	<disclaimer_url>http://weather.gov/disclaimer.html</disclaimer_url>
	<copyright_url>http://weather.gov/disclaimer.html</copyright_url>
	<privacy_policy_url>http://weather.gov/notice.html</privacy_policy_url>
</current_observation>
