<?xml version="1.0" encoding="ISO-8859-1"?> 
<?xml-stylesheet href="latest_ob.xsl" type="text/xsl"?>
<current_observation version="1.0"
	 xmlns:xsd="http://www.w3.org/2001/XMLSchema"
	 xmlns:xsi="http://www.w3.org/2001/XMLSchema-instance"
	 xsi:noNamespaceSchemaLocation="http://www.weather.gov/view/current_observation.xsd">
	<credit>NOAA's National Weather Service</credit>
	<credit_URL>http://weather.gov/</credit_URL>
	<image>
		<url>http://weather.gov/images/xml_logo.gif</url>
		<title>NOAA's National Weather Service</title>
		<link>http://weather.gov</link>
	</image>
	<suggested_pickup>15 minutes after the hour</suggested_pickup>
	<suggested_pickup_period>60</suggested_pickup_period>
	<location>Point Lepreau, N. B., NB</location>
	<station_id>CWPE</station_id>
	<latitude>45.06667</latitude>
	<longitude>-66.46667</longitude>
	<observation_time>Last Updated on Oct 17 2017, 2:00 pm ADT</observation_time>
        <observation_time_rfc822>Tue, 17 Oct 2017 14:00:00 -0300</observation_time_rfc822>
	<temperature_string>51.0 F (10.8 C)</temperature_string>
	<temp_f>51.0</temp_f>
	<temp_c>10.8</temp_c>
	<relative_humidity>46</relative_humidity>
	<wind_string>Northwest at 6.9 MPH (6 KT)</wind_string>
	<wind_dir>Northwest</wind_dir>
	<wind_degrees>300</wind_degrees>
	<wind_mph>6.9</wind_mph>
	<wind_kt>6</wind_kt>
	<pressure_string>1020.8 mb</pressure_string>
	<pressure_mb>1020.8</pressure_mb>
	<dewpoint_string>30.9 F (-0.6 C)</dewpoint_string>
	<dewpoint_f>30.9</dewpoint_f>
	<dewpoint_c>-0.6</dewpoint_c>
	<windchill_string>48 F (9 C)</windchill_string>
      	<windchill_f>48</windchill_f>
      	<windchill_c>9</windchill_c>
	<two_day_history_url>http://www.weather.gov/data/obhistory/CWPE.html</two_day_history_url>
	<ob_url>http://www.weather.gov/data/METAR/CWPE.1.txt</ob_url>
	<disclaimer_url>http://weather.gov/disclaimer.html</disclaimer_url>
	<copyright_url>http://weather.gov/disclaimer.html</copyright_url>
	<privacy_policy_url>http://weather.gov/notice.html</privacy_policy_url>
</current_observation>
