<?xml version="1.0" encoding="ISO-8859-1"?> 
<?xml-stylesheet href="latest_ob.xsl" type="text/xsl"?>
<current_observation version="1.0"
	 xmlns:xsd="http://www.w3.org/2001/XMLSchema"
	 xmlns:xsi="http://www.w3.org/2001/XMLSchema-instance"
	 xsi:noNamespaceSchemaLocation="http://www.weather.gov/view/current_observation.xsd">
	<credit>NOAA's National Weather Service</credit>
	<credit_URL>http://weather.gov/</credit_URL>
	<image>
		<url>http://weather.gov/images/xml_logo.gif</url>
		<title>NOAA's National Weather Service</title>
		<link>http://weather.gov</link>
	</image>
	<suggested_pickup>15 minutes after the hour</suggested_pickup>
	<suggested_pickup_period>60</suggested_pickup_period>
	<location>Pilot Mound, Man., MB</location>
	<station_id>CWPO</station_id>
	<latitude>49.2</latitude>
	<longitude>-98.9</longitude>
	<observation_time>Last Updated on Oct 17 2017, 12:00 pm CDT</observation_time>
        <observation_time_rfc822>Tue, 17 Oct 2017 12:00:00 -0500</observation_time_rfc822>
	<temperature_string>61.0 F (15.9 C)</temperature_string>
	<temp_f>61.0</temp_f>
	<temp_c>15.9</temp_c>
	<relative_humidity>40</relative_humidity>
	<wind_string>Southwest at 11.5 MPH (10 KT)</wind_string>
	<wind_dir>Southwest</wind_dir>
	<wind_degrees>240</wind_degrees>
	<wind_mph>11.5</wind_mph>
	<wind_kt>10</wind_kt>
	<pressure_string>1008.4 mb</pressure_string>
	<pressure_mb>1008.4</pressure_mb>
	<dewpoint_string>35.8 F (2.1 C)</dewpoint_string>
	<dewpoint_f>35.8</dewpoint_f>
	<dewpoint_c>2.1</dewpoint_c>
	<windchill_string>59 F (15 C)</windchill_string>
      	<windchill_f>59</windchill_f>
      	<windchill_c>15</windchill_c>
	<two_day_history_url>http://www.weather.gov/data/obhistory/CWPO.html</two_day_history_url>
	<ob_url>http://www.weather.gov/data/METAR/CWPO.1.txt</ob_url>
	<disclaimer_url>http://weather.gov/disclaimer.html</disclaimer_url>
	<copyright_url>http://weather.gov/disclaimer.html</copyright_url>
	<privacy_policy_url>http://weather.gov/notice.html</privacy_policy_url>
</current_observation>
