<?xml version="1.0" encoding="ISO-8859-1"?> 
<?xml-stylesheet href="latest_ob.xsl" type="text/xsl"?>
<current_observation version="1.0"
	 xmlns:xsd="http://www.w3.org/2001/XMLSchema"
	 xmlns:xsi="http://www.w3.org/2001/XMLSchema-instance"
	 xsi:noNamespaceSchemaLocation="http://www.weather.gov/view/current_observation.xsd">
	<credit>NOAA's National Weather Service</credit>
	<credit_URL>http://weather.gov/</credit_URL>
	<image>
		<url>http://weather.gov/images/xml_logo.gif</url>
		<title>NOAA's National Weather Service</title>
		<link>http://weather.gov</link>
	</image>
	<suggested_pickup>15 minutes after the hour</suggested_pickup>
	<suggested_pickup_period>60</suggested_pickup_period>
	<location>Princeton Automatic Weather Reporting System, BC</location>
	<station_id>CWPR</station_id>
	<latitude>50.6</latitude>
	<longitude>-120.51667</longitude>
	<observation_time>Last Updated on Oct 17 2017, 10:00 am PDT</observation_time>
        <observation_time_rfc822>Tue, 17 Oct 2017 10:00:00 -0700</observation_time_rfc822>
	<temperature_string>57.0 F (14.1 C)</temperature_string>
	<temp_f>57.0</temp_f>
	<temp_c>14.1</temp_c>
	<relative_humidity>63</relative_humidity>
	<wind_string>South at 3.5 MPH (3 KT)</wind_string>
	<wind_dir>South</wind_dir>
	<wind_degrees>170</wind_degrees>
	<wind_mph>3.5</wind_mph>
	<wind_kt>3</wind_kt>
	<pressure_string>1001.5 mb</pressure_string>
	<pressure_mb>1001.5</pressure_mb>
	<dewpoint_string>44.8 F (7.1 C)</dewpoint_string>
	<dewpoint_f>44.8</dewpoint_f>
	<dewpoint_c>7.1</dewpoint_c>
	<two_day_history_url>http://www.weather.gov/data/obhistory/CWPR.html</two_day_history_url>
	<ob_url>http://www.weather.gov/data/METAR/CWPR.1.txt</ob_url>
	<disclaimer_url>http://weather.gov/disclaimer.html</disclaimer_url>
	<copyright_url>http://weather.gov/disclaimer.html</copyright_url>
	<privacy_policy_url>http://weather.gov/notice.html</privacy_policy_url>
</current_observation>
