<?xml version="1.0" encoding="ISO-8859-1"?> 
<?xml-stylesheet href="latest_ob.xsl" type="text/xsl"?>
<current_observation version="1.0"
	 xmlns:xsd="http://www.w3.org/2001/XMLSchema"
	 xmlns:xsi="http://www.w3.org/2001/XMLSchema-instance"
	 xsi:noNamespaceSchemaLocation="http://www.weather.gov/view/current_observation.xsd">
	<credit>NOAA's National Weather Service</credit>
	<credit_URL>http://weather.gov/</credit_URL>
	<image>
		<url>http://weather.gov/images/xml_logo.gif</url>
		<title>NOAA's National Weather Service</title>
		<link>http://weather.gov</link>
	</image>
	<suggested_pickup>15 minutes after the hour</suggested_pickup>
	<suggested_pickup_period>60</suggested_pickup_period>
	<location>Long Point Meteorological Aeronautical Presentation System, ON</location>
	<station_id>CWPS</station_id>
	<latitude>42.56667</latitude>
	<longitude>-80.05</longitude>
	<observation_time>Last Updated on Oct 17 2017, 1:00 pm EDT</observation_time>
        <observation_time_rfc822>Tue, 17 Oct 2017 13:00:00 -0400</observation_time_rfc822>
	<weather>Windy</weather>
	<temperature_string>58.0 F (14.7 C)</temperature_string>
	<temp_f>58.0</temp_f>
	<temp_c>14.7</temp_c>
	<relative_humidity>66</relative_humidity>
	<wind_string>South at 33.4 MPH (29 KT)</wind_string>
	<wind_dir>South</wind_dir>
	<wind_degrees>190</wind_degrees>
	<wind_mph>33.4</wind_mph>
	<wind_kt>29</wind_kt>
	<pressure_string>1022.5 mb</pressure_string>
	<pressure_mb>1022.5</pressure_mb>
	<dewpoint_string>47.1 F (8.4 C)</dewpoint_string>
	<dewpoint_f>47.1</dewpoint_f>
	<dewpoint_c>8.4</dewpoint_c>
	<windchill_string>53 F (12 C)</windchill_string>
      	<windchill_f>53</windchill_f>
      	<windchill_c>12</windchill_c>
 	<icon_url_base>http://forecast.weather.gov/images/wtf/small/</icon_url_base>
	<two_day_history_url>http://www.weather.gov/data/obhistory/CWPS.html</two_day_history_url>
	<icon_url_name>wind.png</icon_url_name>
	<ob_url>http://www.weather.gov/data/METAR/CWPS.1.txt</ob_url>
	<disclaimer_url>http://weather.gov/disclaimer.html</disclaimer_url>
	<copyright_url>http://weather.gov/disclaimer.html</copyright_url>
	<privacy_policy_url>http://weather.gov/notice.html</privacy_policy_url>
</current_observation>
