<?xml version="1.0" encoding="ISO-8859-1"?> 
<?xml-stylesheet href="latest_ob.xsl" type="text/xsl"?>
<current_observation version="1.0"
	 xmlns:xsd="http://www.w3.org/2001/XMLSchema"
	 xmlns:xsi="http://www.w3.org/2001/XMLSchema-instance"
	 xsi:noNamespaceSchemaLocation="http://www.weather.gov/view/current_observation.xsd">
	<credit>NOAA's National Weather Service</credit>
	<credit_URL>http://weather.gov/</credit_URL>
	<image>
		<url>http://weather.gov/images/xml_logo.gif</url>
		<title>NOAA's National Weather Service</title>
		<link>http://weather.gov</link>
	</image>
	<suggested_pickup>15 minutes after the hour</suggested_pickup>
	<suggested_pickup_period>60</suggested_pickup_period>
	<location>Race Rocks Automatic Weather Reporting System, BC</location>
	<station_id>CWQK</station_id>
	<latitude>48.3</latitude>
	<longitude>-123.53333</longitude>
	<observation_time>Last Updated on Oct 17 2017, 1:00 pm EDT</observation_time>
        <observation_time_rfc822>Tue, 17 Oct 2017 13:00:00 -0400</observation_time_rfc822>
	<weather>Windy</weather>
	<temperature_string>52.0 F (11.2 C)</temperature_string>
	<temp_f>52.0</temp_f>
	<temp_c>11.2</temp_c>
	<relative_humidity>78</relative_humidity>
	<wind_string>from the West at 35.7 gusting to 43.7 MPH (31 gusting to 38 KT)</wind_string>
	<wind_dir>West</wind_dir>
	<wind_degrees>250</wind_degrees>
	<wind_mph>35.7</wind_mph>
	<wind_gust_mph>43.7</wind_gust_mph>
	<wind_kt>31</wind_kt>
	<wind_gust_kt>38</wind_gust_kt>
	<pressure_string>1013.3 mb</pressure_string>
	<pressure_mb>1013.3</pressure_mb>
	<dewpoint_string>45.5 F (7.5 C)</dewpoint_string>
	<dewpoint_f>45.5</dewpoint_f>
	<dewpoint_c>7.5</dewpoint_c>
	<windchill_string>44 F (7 C)</windchill_string>
      	<windchill_f>44</windchill_f>
      	<windchill_c>7</windchill_c>
 	<icon_url_base>http://forecast.weather.gov/images/wtf/small/</icon_url_base>
	<two_day_history_url>http://www.weather.gov/data/obhistory/CWQK.html</two_day_history_url>
	<icon_url_name>wind.png</icon_url_name>
	<ob_url>http://www.weather.gov/data/METAR/CWQK.1.txt</ob_url>
	<disclaimer_url>http://weather.gov/disclaimer.html</disclaimer_url>
	<copyright_url>http://weather.gov/disclaimer.html</copyright_url>
	<privacy_policy_url>http://weather.gov/notice.html</privacy_policy_url>
</current_observation>
