<?xml version="1.0" encoding="ISO-8859-1"?> 
<?xml-stylesheet href="latest_ob.xsl" type="text/xsl"?>
<current_observation version="1.0"
	 xmlns:xsd="http://www.w3.org/2001/XMLSchema"
	 xmlns:xsi="http://www.w3.org/2001/XMLSchema-instance"
	 xsi:noNamespaceSchemaLocation="http://www.weather.gov/view/current_observation.xsd">
	<credit>NOAA's National Weather Service</credit>
	<credit_URL>http://weather.gov/</credit_URL>
	<image>
		<url>http://weather.gov/images/xml_logo.gif</url>
		<title>NOAA's National Weather Service</title>
		<link>http://weather.gov</link>
	</image>
	<suggested_pickup>15 minutes after the hour</suggested_pickup>
	<suggested_pickup_period>60</suggested_pickup_period>
	<location>Ile Bicquette, Que., QC</location>
	<station_id>CWQO</station_id>
	<latitude>48.4156</latitude>
	<longitude>-68.8933</longitude>
	<observation_time>Last Updated on Feb 22 2018, 6:00 pm EST</observation_time>
        <observation_time_rfc822>Thu, 22 Feb 2018 18:00:00 -0500</observation_time_rfc822>
	<temperature_string>22.0 F (-5.3 C)</temperature_string>
	<temp_f>22.0</temp_f>
	<temp_c>-5.3</temp_c>
	<relative_humidity>92</relative_humidity>
	<wind_string>from the East at 16.1 gusting to 25.3 MPH (14 gusting to 22 KT)</wind_string>
	<wind_dir>East</wind_dir>
	<wind_degrees>70</wind_degrees>
	<wind_mph>16.1</wind_mph>
	<wind_gust_mph>25.3</wind_gust_mph>
	<wind_kt>14</wind_kt>
	<wind_gust_kt>22</wind_gust_kt>
	<dewpoint_string>20.5 F (-6.4 C)</dewpoint_string>
	<dewpoint_f>20.5</dewpoint_f>
	<dewpoint_c>-6.4</dewpoint_c>
	<windchill_string>8 F (-13 C)</windchill_string>
      	<windchill_f>8</windchill_f>
      	<windchill_c>-13</windchill_c>
	<two_day_history_url>http://www.weather.gov/data/obhistory/CWQO.html</two_day_history_url>
	<ob_url>http://www.weather.gov/data/METAR/CWQO.1.txt</ob_url>
	<disclaimer_url>http://weather.gov/disclaimer.html</disclaimer_url>
	<copyright_url>http://weather.gov/disclaimer.html</copyright_url>
	<privacy_policy_url>http://weather.gov/notice.html</privacy_policy_url>
</current_observation>
