<?xml version="1.0" encoding="ISO-8859-1"?> 
<?xml-stylesheet href="latest_ob.xsl" type="text/xsl"?>
<current_observation version="1.0"
	 xmlns:xsd="http://www.w3.org/2001/XMLSchema"
	 xmlns:xsi="http://www.w3.org/2001/XMLSchema-instance"
	 xsi:noNamespaceSchemaLocation="http://www.weather.gov/view/current_observation.xsd">
	<credit>NOAA's National Weather Service</credit>
	<credit_URL>http://weather.gov/</credit_URL>
	<image>
		<url>http://weather.gov/images/xml_logo.gif</url>
		<title>NOAA's National Weather Service</title>
		<link>http://weather.gov</link>
	</image>
	<suggested_pickup>15 minutes after the hour</suggested_pickup>
	<suggested_pickup_period>60</suggested_pickup_period>
	<location>Cape Race, Nfld, NF</location>
	<station_id>CWRA</station_id>
	<latitude>46.65</latitude>
	<longitude>-53.0667</longitude>
	<observation_time>Last Updated on Feb 22 2018, 11:00 pm ZST</observation_time>
        <observation_time_rfc822>Thu, 22 Feb 2018 23:00:00 +0000</observation_time_rfc822>
	<weather>Breezy</weather>
	<wind_string>South at 20.7 MPH (18 KT)</wind_string>
	<wind_dir>South</wind_dir>
	<wind_degrees>190</wind_degrees>
	<wind_mph>20.7</wind_mph>
	<wind_kt>18</wind_kt>
	<windchill_string>4 F (-16 C)</windchill_string>
      	<windchill_f>4</windchill_f>
      	<windchill_c>-16</windchill_c>
 	<icon_url_base>http://forecast.weather.gov/images/wtf/small/</icon_url_base>
	<two_day_history_url>http://www.weather.gov/data/obhistory/CWRA.html</two_day_history_url>
	<icon_url_name>nwind.png</icon_url_name>
	<ob_url>http://www.weather.gov/data/METAR/CWRA.1.txt</ob_url>
	<disclaimer_url>http://weather.gov/disclaimer.html</disclaimer_url>
	<copyright_url>http://weather.gov/disclaimer.html</copyright_url>
	<privacy_policy_url>http://weather.gov/notice.html</privacy_policy_url>
</current_observation>
