<?xml version="1.0" encoding="ISO-8859-1"?> 
<?xml-stylesheet href="latest_ob.xsl" type="text/xsl"?>
<current_observation version="1.0"
	 xmlns:xsd="http://www.w3.org/2001/XMLSchema"
	 xmlns:xsi="http://www.w3.org/2001/XMLSchema-instance"
	 xsi:noNamespaceSchemaLocation="http://www.weather.gov/view/current_observation.xsd">
	<credit>NOAA's National Weather Service</credit>
	<credit_URL>http://weather.gov/</credit_URL>
	<image>
		<url>http://weather.gov/images/xml_logo.gif</url>
		<title>NOAA's National Weather Service</title>
		<link>http://weather.gov</link>
	</image>
	<suggested_pickup>15 minutes after the hour</suggested_pickup>
	<suggested_pickup_period>60</suggested_pickup_period>
	<location>Rosetown East, Sask, SK</location>
	<station_id>CWRJ</station_id>
	<latitude>51.56667</latitude>
	<longitude>-107.91667</longitude>
	<observation_time>Last Updated on Oct 17 2017, 11:00 am CST</observation_time>
        <observation_time_rfc822>Tue, 17 Oct 2017 11:00:00 -0600</observation_time_rfc822>
	<temperature_string>60.0 F (15.7 C)</temperature_string>
	<temp_f>60.0</temp_f>
	<temp_c>15.7</temp_c>
	<relative_humidity>34</relative_humidity>
	<wind_string>from the South at 16.1 gusting to 21.9 MPH (14 gusting to 19 KT)</wind_string>
	<wind_dir>South</wind_dir>
	<wind_degrees>200</wind_degrees>
	<wind_mph>16.1</wind_mph>
	<wind_gust_mph>21.9</wind_gust_mph>
	<wind_kt>14</wind_kt>
	<wind_gust_kt>19</wind_gust_kt>
	<pressure_string>998.8 mb</pressure_string>
	<pressure_mb>998.8</pressure_mb>
	<dewpoint_string>31.3 F (-0.4 C)</dewpoint_string>
	<dewpoint_f>31.3</dewpoint_f>
	<dewpoint_c>-0.4</dewpoint_c>
	<windchill_string>57 F (14 C)</windchill_string>
      	<windchill_f>57</windchill_f>
      	<windchill_c>14</windchill_c>
	<two_day_history_url>http://www.weather.gov/data/obhistory/CWRJ.html</two_day_history_url>
	<ob_url>http://www.weather.gov/data/METAR/CWRJ.1.txt</ob_url>
	<disclaimer_url>http://weather.gov/disclaimer.html</disclaimer_url>
	<copyright_url>http://weather.gov/disclaimer.html</copyright_url>
	<privacy_policy_url>http://weather.gov/notice.html</privacy_policy_url>
</current_observation>
