<?xml version="1.0" encoding="ISO-8859-1"?> 
<?xml-stylesheet href="latest_ob.xsl" type="text/xsl"?>
<current_observation version="1.0"
	 xmlns:xsd="http://www.w3.org/2001/XMLSchema"
	 xmlns:xsi="http://www.w3.org/2001/XMLSchema-instance"
	 xsi:noNamespaceSchemaLocation="http://www.weather.gov/view/current_observation.xsd">
	<credit>NOAA's National Weather Service</credit>
	<credit_URL>http://weather.gov/</credit_URL>
	<image>
		<url>http://weather.gov/images/xml_logo.gif</url>
		<title>NOAA's National Weather Service</title>
		<link>http://weather.gov</link>
	</image>
	<suggested_pickup>15 minutes after the hour</suggested_pickup>
	<suggested_pickup_period>60</suggested_pickup_period>
	<location>Rosetown East, Sask, SK</location>
	<station_id>CWRJ</station_id>
	<latitude>51.5667</latitude>
	<longitude>-107.917</longitude>
	<observation_time>Last Updated on Feb 22 2018, 5:00 pm CST</observation_time>
        <observation_time_rfc822>Thu, 22 Feb 2018 17:00:00 -0600</observation_time_rfc822>
	<temperature_string>10.0 F (-12.4 C)</temperature_string>
	<temp_f>10.0</temp_f>
	<temp_c>-12.4</temp_c>
	<relative_humidity>71</relative_humidity>
	<wind_string>Northwest at 9.2 MPH (8 KT)</wind_string>
	<wind_dir>Northwest</wind_dir>
	<wind_degrees>300</wind_degrees>
	<wind_mph>9.2</wind_mph>
	<wind_kt>8</wind_kt>
	<pressure_string>1022.1 mb</pressure_string>
	<pressure_mb>1022.1</pressure_mb>
	<dewpoint_string>2.1 F (-16.6 C)</dewpoint_string>
	<dewpoint_f>2.1</dewpoint_f>
	<dewpoint_c>-16.6</dewpoint_c>
	<windchill_string>-3 F (-19 C)</windchill_string>
      	<windchill_f>-3</windchill_f>
      	<windchill_c>-19</windchill_c>
	<two_day_history_url>http://www.weather.gov/data/obhistory/CWRJ.html</two_day_history_url>
	<ob_url>http://www.weather.gov/data/METAR/CWRJ.1.txt</ob_url>
	<disclaimer_url>http://weather.gov/disclaimer.html</disclaimer_url>
	<copyright_url>http://weather.gov/disclaimer.html</copyright_url>
	<privacy_policy_url>http://weather.gov/notice.html</privacy_policy_url>
</current_observation>
