<?xml version="1.0" encoding="ISO-8859-1"?> 
<?xml-stylesheet href="latest_ob.xsl" type="text/xsl"?>
<current_observation version="1.0"
	 xmlns:xsd="http://www.w3.org/2001/XMLSchema"
	 xmlns:xsi="http://www.w3.org/2001/XMLSchema-instance"
	 xsi:noNamespaceSchemaLocation="http://www.weather.gov/view/current_observation.xsd">
	<credit>NOAA's National Weather Service</credit>
	<credit_URL>http://weather.gov/</credit_URL>
	<image>
		<url>http://weather.gov/images/xml_logo.gif</url>
		<title>NOAA's National Weather Service</title>
		<link>http://weather.gov</link>
	</image>
	<suggested_pickup>15 minutes after the hour</suggested_pickup>
	<suggested_pickup_period>60</suggested_pickup_period>
	<location>Rocky House Marine Aviation Reporting Station, AB</location>
	<station_id>CWRM</station_id>
	<latitude>52.4333</latitude>
	<longitude>-114.933</longitude>
	<observation_time>Last Updated on Feb 22 2018, 2:00 pm MST</observation_time>
        <observation_time_rfc822>Thu, 22 Feb 2018 14:00:00 -0700</observation_time_rfc822>
	<temperature_string>21.0 F (-6.1 C)</temperature_string>
	<temp_f>21.0</temp_f>
	<temp_c>-6.1</temp_c>
	<relative_humidity>62</relative_humidity>
	<wind_string>Southwest at 1.2 MPH (1 KT)</wind_string>
	<wind_dir>Southwest</wind_dir>
	<wind_degrees>210</wind_degrees>
	<wind_mph>1.2</wind_mph>
	<wind_kt>1</wind_kt>
	<dewpoint_string>10.0 F (-12.2 C)</dewpoint_string>
	<dewpoint_f>10.0</dewpoint_f>
	<dewpoint_c>-12.2</dewpoint_c>
	<two_day_history_url>http://www.weather.gov/data/obhistory/CWRM.html</two_day_history_url>
	<ob_url>http://www.weather.gov/data/METAR/CWRM.1.txt</ob_url>
	<disclaimer_url>http://weather.gov/disclaimer.html</disclaimer_url>
	<copyright_url>http://weather.gov/disclaimer.html</copyright_url>
	<privacy_policy_url>http://weather.gov/notice.html</privacy_policy_url>
</current_observation>
