<?xml version="1.0" encoding="ISO-8859-1"?> 
<?xml-stylesheet href="latest_ob.xsl" type="text/xsl"?>
<current_observation version="1.0"
	 xmlns:xsd="http://www.w3.org/2001/XMLSchema"
	 xmlns:xsi="http://www.w3.org/2001/XMLSchema-instance"
	 xsi:noNamespaceSchemaLocation="http://www.weather.gov/view/current_observation.xsd">
	<credit>NOAA's National Weather Service</credit>
	<credit_URL>http://weather.gov/</credit_URL>
	<image>
		<url>http://weather.gov/images/xml_logo.gif</url>
		<title>NOAA's National Weather Service</title>
		<link>http://weather.gov</link>
	</image>
	<suggested_pickup>15 minutes after the hour</suggested_pickup>
	<suggested_pickup_period>60</suggested_pickup_period>
	<location>Crowsnest, AB</location>
	<station_id>CWRT</station_id>
	<latitude>49.6333</latitude>
	<longitude>-114.483</longitude>
	<observation_time>Last Updated on Feb 22 2018, 4:00 pm MST</observation_time>
        <observation_time_rfc822>Thu, 22 Feb 2018 16:00:00 -0700</observation_time_rfc822>
	<temperature_string>10.0 F (-12.0 C)</temperature_string>
	<temp_f>10.0</temp_f>
	<temp_c>-12.0</temp_c>
	<relative_humidity>49</relative_humidity>
	<wind_string>from the Northwest at 10.4 gusting to 17.3 MPH (9 gusting to 15 KT)</wind_string>
	<wind_dir>Northwest</wind_dir>
	<wind_degrees>300</wind_degrees>
	<wind_mph>10.4</wind_mph>
	<wind_gust_mph>17.3</wind_gust_mph>
	<wind_kt>9</wind_kt>
	<wind_gust_kt>15</wind_gust_kt>
	<dewpoint_string>-5.1 F (-20.6 C)</dewpoint_string>
	<dewpoint_f>-5.1</dewpoint_f>
	<dewpoint_c>-20.6</dewpoint_c>
	<windchill_string>-4 F (-20 C)</windchill_string>
      	<windchill_f>-4</windchill_f>
      	<windchill_c>-20</windchill_c>
	<two_day_history_url>http://www.weather.gov/data/obhistory/CWRT.html</two_day_history_url>
	<ob_url>http://www.weather.gov/data/METAR/CWRT.1.txt</ob_url>
	<disclaimer_url>http://weather.gov/disclaimer.html</disclaimer_url>
	<copyright_url>http://weather.gov/disclaimer.html</copyright_url>
	<privacy_policy_url>http://weather.gov/notice.html</privacy_policy_url>
</current_observation>
