<?xml version="1.0" encoding="ISO-8859-1"?> 
<?xml-stylesheet href="latest_ob.xsl" type="text/xsl"?>
<current_observation version="1.0"
	 xmlns:xsd="http://www.w3.org/2001/XMLSchema"
	 xmlns:xsi="http://www.w3.org/2001/XMLSchema-instance"
	 xsi:noNamespaceSchemaLocation="http://www.weather.gov/view/current_observation.xsd">
	<credit>NOAA's National Weather Service</credit>
	<credit_URL>http://weather.gov/</credit_URL>
	<image>
		<url>http://weather.gov/images/xml_logo.gif</url>
		<title>NOAA's National Weather Service</title>
		<link>http://weather.gov</link>
	</image>
	<suggested_pickup>15 minutes after the hour</suggested_pickup>
	<suggested_pickup_period>60</suggested_pickup_period>
	<location>Summerside Automatic Weather Reporting System, PE</location>
	<station_id>CWSD</station_id>
	<latitude>46.4333</latitude>
	<longitude>-63.85</longitude>
	<observation_time>Last Updated on Feb 22 2018, 7:00 pm AST</observation_time>
        <observation_time_rfc822>Thu, 22 Feb 2018 19:00:00 -0400</observation_time_rfc822>
	<temperature_string>27.0 F (-2.8 C)</temperature_string>
	<temp_f>27.0</temp_f>
	<temp_c>-2.8</temp_c>
	<relative_humidity>93</relative_humidity>
	<wind_string>Northeast at 17.3 MPH (15 KT)</wind_string>
	<wind_dir>Northeast</wind_dir>
	<wind_degrees>60</wind_degrees>
	<wind_mph>17.3</wind_mph>
	<wind_kt>15</wind_kt>
	<pressure_string>1030.6 mb</pressure_string>
	<pressure_mb>1030.6</pressure_mb>
	<dewpoint_string>25.2 F (-3.8 C)</dewpoint_string>
	<dewpoint_f>25.2</dewpoint_f>
	<dewpoint_c>-3.8</dewpoint_c>
	<windchill_string>14 F (-10 C)</windchill_string>
      	<windchill_f>14</windchill_f>
      	<windchill_c>-10</windchill_c>
	<two_day_history_url>http://www.weather.gov/data/obhistory/CWSD.html</two_day_history_url>
	<ob_url>http://www.weather.gov/data/METAR/CWSD.1.txt</ob_url>
	<disclaimer_url>http://weather.gov/disclaimer.html</disclaimer_url>
	<copyright_url>http://weather.gov/disclaimer.html</copyright_url>
	<privacy_policy_url>http://weather.gov/notice.html</privacy_policy_url>
</current_observation>
