<?xml version="1.0" encoding="ISO-8859-1"?> 
<?xml-stylesheet href="latest_ob.xsl" type="text/xsl"?>
<current_observation version="1.0"
	 xmlns:xsd="http://www.w3.org/2001/XMLSchema"
	 xmlns:xsi="http://www.w3.org/2001/XMLSchema-instance"
	 xsi:noNamespaceSchemaLocation="http://www.weather.gov/view/current_observation.xsd">
	<credit>NOAA's National Weather Service</credit>
	<credit_URL>http://weather.gov/</credit_URL>
	<image>
		<url>http://weather.gov/images/xml_logo.gif</url>
		<title>NOAA's National Weather Service</title>
		<link>http://weather.gov</link>
	</image>
	<suggested_pickup>15 minutes after the hour</suggested_pickup>
	<suggested_pickup_period>60</suggested_pickup_period>
	<location>Cap Madeleine Meteorological Aeronautical Presentation System, QC</location>
	<station_id>CWSF</station_id>
	<latitude>49.25</latitude>
	<longitude>-65.3333</longitude>
	<observation_time>Last Updated on Feb 22 2018, 6:00 pm EST</observation_time>
        <observation_time_rfc822>Thu, 22 Feb 2018 18:00:00 -0500</observation_time_rfc822>
	<temperature_string>35.0 F (1.8 C)</temperature_string>
	<temp_f>35.0</temp_f>
	<temp_c>1.8</temp_c>
	<relative_humidity>86</relative_humidity>
	<wind_string>from the West at 17.3 gusting to 32.2 MPH (15 gusting to 28 KT)</wind_string>
	<wind_dir>West</wind_dir>
	<wind_degrees>260</wind_degrees>
	<wind_mph>17.3</wind_mph>
	<wind_gust_mph>32.2</wind_gust_mph>
	<wind_kt>15</wind_kt>
	<wind_gust_kt>28</wind_gust_kt>
	<pressure_string>1008.1 mb</pressure_string>
	<pressure_mb>1008.1</pressure_mb>
	<dewpoint_string>31.3 F (-0.4 C)</dewpoint_string>
	<dewpoint_f>31.3</dewpoint_f>
	<dewpoint_c>-0.4</dewpoint_c>
	<windchill_string>25 F (-4 C)</windchill_string>
      	<windchill_f>25</windchill_f>
      	<windchill_c>-4</windchill_c>
	<two_day_history_url>http://www.weather.gov/data/obhistory/CWSF.html</two_day_history_url>
	<ob_url>http://www.weather.gov/data/METAR/CWSF.1.txt</ob_url>
	<disclaimer_url>http://weather.gov/disclaimer.html</disclaimer_url>
	<copyright_url>http://weather.gov/disclaimer.html</copyright_url>
	<privacy_policy_url>http://weather.gov/notice.html</privacy_policy_url>
</current_observation>
