<?xml version="1.0" encoding="ISO-8859-1"?> 
<?xml-stylesheet href="latest_ob.xsl" type="text/xsl"?>
<current_observation version="1.0"
	 xmlns:xsd="http://www.w3.org/2001/XMLSchema"
	 xmlns:xsi="http://www.w3.org/2001/XMLSchema-instance"
	 xsi:noNamespaceSchemaLocation="http://www.weather.gov/view/current_observation.xsd">
	<credit>NOAA's National Weather Service</credit>
	<credit_URL>http://weather.gov/</credit_URL>
	<image>
		<url>http://weather.gov/images/xml_logo.gif</url>
		<title>NOAA's National Weather Service</title>
		<link>http://weather.gov</link>
	</image>
	<suggested_pickup>15 minutes after the hour</suggested_pickup>
	<suggested_pickup_period>60</suggested_pickup_period>
	<location>Cap Chat CS, Que., QC</location>
	<station_id>CWSG</station_id>
	<latitude>49.1167</latitude>
	<longitude>-66.65</longitude>
	<observation_time>Last Updated on Feb 22 2018, 6:00 pm EST</observation_time>
        <observation_time_rfc822>Thu, 22 Feb 2018 18:00:00 -0500</observation_time_rfc822>
	<temperature_string>20.0 F (-6.8 C)</temperature_string>
	<temp_f>20.0</temp_f>
	<temp_c>-6.8</temp_c>
	<relative_humidity>79</relative_humidity>
	<wind_string>from the Northeast at 18.4 gusting to 24.2 MPH (16 gusting to 21 KT)</wind_string>
	<wind_dir>Northeast</wind_dir>
	<wind_degrees>60</wind_degrees>
	<wind_mph>18.4</wind_mph>
	<wind_gust_mph>24.2</wind_gust_mph>
	<wind_kt>16</wind_kt>
	<wind_gust_kt>21</wind_gust_kt>
	<pressure_string>1030.8 mb</pressure_string>
	<pressure_mb>1030.8</pressure_mb>
	<dewpoint_string>14.4 F (-9.8 C)</dewpoint_string>
	<dewpoint_f>14.4</dewpoint_f>
	<dewpoint_c>-9.8</dewpoint_c>
	<windchill_string>5 F (-15 C)</windchill_string>
      	<windchill_f>5</windchill_f>
      	<windchill_c>-15</windchill_c>
	<two_day_history_url>http://www.weather.gov/data/obhistory/CWSG.html</two_day_history_url>
	<ob_url>http://www.weather.gov/data/METAR/CWSG.1.txt</ob_url>
	<disclaimer_url>http://weather.gov/disclaimer.html</disclaimer_url>
	<copyright_url>http://weather.gov/disclaimer.html</copyright_url>
	<privacy_policy_url>http://weather.gov/notice.html</privacy_policy_url>
</current_observation>
