<?xml version="1.0" encoding="ISO-8859-1"?> 
<?xml-stylesheet href="latest_ob.xsl" type="text/xsl"?>
<current_observation version="1.0"
	 xmlns:xsd="http://www.w3.org/2001/XMLSchema"
	 xmlns:xsi="http://www.w3.org/2001/XMLSchema-instance"
	 xsi:noNamespaceSchemaLocation="http://www.weather.gov/view/current_observation.xsd">
	<credit>NOAA's National Weather Service</credit>
	<credit_URL>http://weather.gov/</credit_URL>
	<image>
		<url>http://weather.gov/images/xml_logo.gif</url>
		<title>NOAA's National Weather Service</title>
		<link>http://weather.gov</link>
	</image>
	<suggested_pickup>15 minutes after the hour</suggested_pickup>
	<suggested_pickup_period>60</suggested_pickup_period>
	<location>Salmon Arm Automatic Weather Reporting System, BC</location>
	<station_id>CWSL</station_id>
	<latitude>50.7</latitude>
	<longitude>-119.28333</longitude>
	<observation_time>Last Updated on Oct 17 2017, 10:00 am PDT</observation_time>
        <observation_time_rfc822>Tue, 17 Oct 2017 10:00:00 -0700</observation_time_rfc822>
	<temperature_string>63.0 F (17.0 C)</temperature_string>
	<temp_f>63.0</temp_f>
	<temp_c>17.0</temp_c>
	<relative_humidity>53</relative_humidity>
	<wind_string>from the South at 12.7 gusting to 25.3 MPH (11 gusting to 22 KT)</wind_string>
	<wind_dir>South</wind_dir>
	<wind_degrees>190</wind_degrees>
	<wind_mph>12.7</wind_mph>
	<wind_gust_mph>25.3</wind_gust_mph>
	<wind_kt>11</wind_kt>
	<wind_gust_kt>22</wind_gust_kt>
	<pressure_string>998.6 mb</pressure_string>
	<pressure_mb>998.6</pressure_mb>
	<dewpoint_string>45.3 F (7.4 C)</dewpoint_string>
	<dewpoint_f>45.3</dewpoint_f>
	<dewpoint_c>7.4</dewpoint_c>
	<windchill_string>62 F (17 C)</windchill_string>
      	<windchill_f>62</windchill_f>
      	<windchill_c>17</windchill_c>
	<two_day_history_url>http://www.weather.gov/data/obhistory/CWSL.html</two_day_history_url>
	<ob_url>http://www.weather.gov/data/METAR/CWSL.1.txt</ob_url>
	<disclaimer_url>http://weather.gov/disclaimer.html</disclaimer_url>
	<copyright_url>http://weather.gov/disclaimer.html</copyright_url>
	<privacy_policy_url>http://weather.gov/notice.html</privacy_policy_url>
</current_observation>
