<?xml version="1.0" encoding="ISO-8859-1"?> 
<?xml-stylesheet href="latest_ob.xsl" type="text/xsl"?>
<current_observation version="1.0"
	 xmlns:xsd="http://www.w3.org/2001/XMLSchema"
	 xmlns:xsi="http://www.w3.org/2001/XMLSchema-instance"
	 xsi:noNamespaceSchemaLocation="http://www.weather.gov/view/current_observation.xsd">
	<credit>NOAA's National Weather Service</credit>
	<credit_URL>http://weather.gov/</credit_URL>
	<image>
		<url>http://weather.gov/images/xml_logo.gif</url>
		<title>NOAA's National Weather Service</title>
		<link>http://weather.gov</link>
	</image>
	<suggested_pickup>15 minutes after the hour</suggested_pickup>
	<suggested_pickup_period>60</suggested_pickup_period>
	<location>Spiritwood West, Sask, SK</location>
	<station_id>CWSR</station_id>
	<latitude>53.3667</latitude>
	<longitude>-107.55</longitude>
	<observation_time>Last Updated on Feb 22 2018, 5:00 pm CST</observation_time>
        <observation_time_rfc822>Thu, 22 Feb 2018 17:00:00 -0600</observation_time_rfc822>
	<temperature_string>-3.0 F (-19.6 C)</temperature_string>
	<temp_f>-3.0</temp_f>
	<temp_c>-19.6</temp_c>
	<relative_humidity>50</relative_humidity>
	<wind_string>Northwest at 11.5 MPH (10 KT)</wind_string>
	<wind_dir>Northwest</wind_dir>
	<wind_degrees>320</wind_degrees>
	<wind_mph>11.5</wind_mph>
	<wind_kt>10</wind_kt>
	<pressure_string>1022.1 mb</pressure_string>
	<pressure_mb>1022.1</pressure_mb>
	<dewpoint_string>-17.5 F (-27.5 C)</dewpoint_string>
	<dewpoint_f>-17.5</dewpoint_f>
	<dewpoint_c>-27.5</dewpoint_c>
	<windchill_string>-21 F (-29 C)</windchill_string>
      	<windchill_f>-21</windchill_f>
      	<windchill_c>-29</windchill_c>
	<two_day_history_url>http://www.weather.gov/data/obhistory/CWSR.html</two_day_history_url>
	<ob_url>http://www.weather.gov/data/METAR/CWSR.1.txt</ob_url>
	<disclaimer_url>http://weather.gov/disclaimer.html</disclaimer_url>
	<copyright_url>http://weather.gov/disclaimer.html</copyright_url>
	<privacy_policy_url>http://weather.gov/notice.html</privacy_policy_url>
</current_observation>
