<?xml version="1.0" encoding="ISO-8859-1"?> 
<?xml-stylesheet href="latest_ob.xsl" type="text/xsl"?>
<current_observation version="1.0"
	 xmlns:xsd="http://www.w3.org/2001/XMLSchema"
	 xmlns:xsi="http://www.w3.org/2001/XMLSchema-instance"
	 xsi:noNamespaceSchemaLocation="http://www.weather.gov/view/current_observation.xsd">
	<credit>NOAA's National Weather Service</credit>
	<credit_URL>http://weather.gov/</credit_URL>
	<image>
		<url>http://weather.gov/images/xml_logo.gif</url>
		<title>NOAA's National Weather Service</title>
		<link>http://weather.gov</link>
	</image>
	<suggested_pickup>15 minutes after the hour</suggested_pickup>
	<suggested_pickup_period>60</suggested_pickup_period>
	<location>Cap Tourmente, QC</location>
	<station_id>CWTN</station_id>
	<latitude>47.0667</latitude>
	<longitude>-70.8</longitude>
	<observation_time>Last Updated on Feb 22 2018, 6:00 pm EST</observation_time>
        <observation_time_rfc822>Thu, 22 Feb 2018 18:00:00 -0500</observation_time_rfc822>
	<temperature_string>40.0 F (4.2 C)</temperature_string>
	<temp_f>40.0</temp_f>
	<temp_c>4.2</temp_c>
	<relative_humidity>53</relative_humidity>
	<wind_string>from the West at 5.8 gusting to 19.6 MPH (5 gusting to 17 KT)</wind_string>
	<wind_dir>West</wind_dir>
	<wind_degrees>270</wind_degrees>
	<wind_mph>5.8</wind_mph>
	<wind_gust_mph>19.6</wind_gust_mph>
	<wind_kt>5</wind_kt>
	<wind_gust_kt>17</wind_gust_kt>
	<pressure_string>1022.6 mb</pressure_string>
	<pressure_mb>1022.6</pressure_mb>
	<dewpoint_string>23.5 F (-4.7 C)</dewpoint_string>
	<dewpoint_f>23.5</dewpoint_f>
	<dewpoint_c>-4.7</dewpoint_c>
	<windchill_string>36 F (2 C)</windchill_string>
      	<windchill_f>36</windchill_f>
      	<windchill_c>2</windchill_c>
	<two_day_history_url>http://www.weather.gov/data/obhistory/CWTN.html</two_day_history_url>
	<ob_url>http://www.weather.gov/data/METAR/CWTN.1.txt</ob_url>
	<disclaimer_url>http://weather.gov/disclaimer.html</disclaimer_url>
	<copyright_url>http://weather.gov/disclaimer.html</copyright_url>
	<privacy_policy_url>http://weather.gov/notice.html</privacy_policy_url>
</current_observation>
