<?xml version="1.0" encoding="ISO-8859-1"?> 
<?xml-stylesheet href="latest_ob.xsl" type="text/xsl"?>
<current_observation version="1.0"
	 xmlns:xsd="http://www.w3.org/2001/XMLSchema"
	 xmlns:xsi="http://www.w3.org/2001/XMLSchema-instance"
	 xsi:noNamespaceSchemaLocation="http://www.weather.gov/view/current_observation.xsd">
	<credit>NOAA's National Weather Service</credit>
	<credit_URL>http://weather.gov/</credit_URL>
	<image>
		<url>http://weather.gov/images/xml_logo.gif</url>
		<title>NOAA's National Weather Service</title>
		<link>http://weather.gov</link>
	</image>
	<suggested_pickup>15 minutes after the hour</suggested_pickup>
	<suggested_pickup_period>60</suggested_pickup_period>
	<location>Lac Memphremagog, QC</location>
	<station_id>CWTT</station_id>
	<latitude>45.27</latitude>
	<longitude>-72.17</longitude>
	<observation_time>Last Updated on Oct 17 2017, 1:00 pm EDT</observation_time>
        <observation_time_rfc822>Tue, 17 Oct 2017 13:00:00 -0400</observation_time_rfc822>
	<temperature_string>46.0 F (7.9 C)</temperature_string>
	<temp_f>46.0</temp_f>
	<temp_c>7.9</temp_c>
	<relative_humidity>49</relative_humidity>
	<wind_string>Southwest at 12.7 MPH (11 KT)</wind_string>
	<wind_dir>Southwest</wind_dir>
	<wind_degrees>210</wind_degrees>
	<wind_mph>12.7</wind_mph>
	<wind_kt>11</wind_kt>
	<dewpoint_string>27.9 F (-2.3 C)</dewpoint_string>
	<dewpoint_f>27.9</dewpoint_f>
	<dewpoint_c>-2.3</dewpoint_c>
	<windchill_string>40 F (4 C)</windchill_string>
      	<windchill_f>40</windchill_f>
      	<windchill_c>4</windchill_c>
	<two_day_history_url>http://www.weather.gov/data/obhistory/CWTT.html</two_day_history_url>
	<ob_url>http://www.weather.gov/data/METAR/CWTT.1.txt</ob_url>
	<disclaimer_url>http://weather.gov/disclaimer.html</disclaimer_url>
	<copyright_url>http://weather.gov/disclaimer.html</copyright_url>
	<privacy_policy_url>http://weather.gov/notice.html</privacy_policy_url>
</current_observation>
