<?xml version="1.0" encoding="ISO-8859-1"?> 
<?xml-stylesheet href="latest_ob.xsl" type="text/xsl"?>
<current_observation version="1.0"
	 xmlns:xsd="http://www.w3.org/2001/XMLSchema"
	 xmlns:xsi="http://www.w3.org/2001/XMLSchema-instance"
	 xsi:noNamespaceSchemaLocation="http://www.weather.gov/view/current_observation.xsd">
	<credit>NOAA's National Weather Service</credit>
	<credit_URL>http://weather.gov/</credit_URL>
	<image>
		<url>http://weather.gov/images/xml_logo.gif</url>
		<title>NOAA's National Weather Service</title>
		<link>http://weather.gov</link>
	</image>
	<suggested_pickup>15 minutes after the hour</suggested_pickup>
	<suggested_pickup_period>60</suggested_pickup_period>
	<location>Trois Rivieres, QC</location>
	<station_id>CWTY</station_id>
	<latitude>46.35</latitude>
	<longitude>-72.51667</longitude>
	<observation_time>Last Updated on Oct 17 2017, 1:00 pm EDT</observation_time>
        <observation_time_rfc822>Tue, 17 Oct 2017 13:00:00 -0400</observation_time_rfc822>
	<temperature_string>46.0 F (7.7 C)</temperature_string>
	<temp_f>46.0</temp_f>
	<temp_c>7.7</temp_c>
	<relative_humidity>68</relative_humidity>
	<wind_string>South at 18.4 MPH (16 KT)</wind_string>
	<wind_dir>South</wind_dir>
	<wind_degrees>200</wind_degrees>
	<wind_mph>18.4</wind_mph>
	<wind_kt>16</wind_kt>
	<dewpoint_string>35.8 F (2.1 C)</dewpoint_string>
	<dewpoint_f>35.8</dewpoint_f>
	<dewpoint_c>2.1</dewpoint_c>
	<windchill_string>39 F (4 C)</windchill_string>
      	<windchill_f>39</windchill_f>
      	<windchill_c>4</windchill_c>
	<two_day_history_url>http://www.weather.gov/data/obhistory/CWTY.html</two_day_history_url>
	<ob_url>http://www.weather.gov/data/METAR/CWTY.1.txt</ob_url>
	<disclaimer_url>http://weather.gov/disclaimer.html</disclaimer_url>
	<copyright_url>http://weather.gov/disclaimer.html</copyright_url>
	<privacy_policy_url>http://weather.gov/notice.html</privacy_policy_url>
</current_observation>
