<?xml version="1.0" encoding="ISO-8859-1"?> 
<?xml-stylesheet href="latest_ob.xsl" type="text/xsl"?>
<current_observation version="1.0"
	 xmlns:xsd="http://www.w3.org/2001/XMLSchema"
	 xmlns:xsi="http://www.w3.org/2001/XMLSchema-instance"
	 xsi:noNamespaceSchemaLocation="http://www.weather.gov/view/current_observation.xsd">
	<credit>NOAA's National Weather Service</credit>
	<credit_URL>http://weather.gov/</credit_URL>
	<image>
		<url>http://weather.gov/images/xml_logo.gif</url>
		<title>NOAA's National Weather Service</title>
		<link>http://weather.gov</link>
	</image>
	<suggested_pickup>15 minutes after the hour</suggested_pickup>
	<suggested_pickup_period>60</suggested_pickup_period>
	<location>Summerland Automatic Weather Reporting System, BC</location>
	<station_id>CWUS</station_id>
	<latitude>49.5626</latitude>
	<longitude>-119.649</longitude>
	<observation_time>Last Updated on Feb 22 2018, 3:00 pm PST</observation_time>
        <observation_time_rfc822>Thu, 22 Feb 2018 15:00:00 -0800</observation_time_rfc822>
	<temperature_string>18.0 F (-7.9 C)</temperature_string>
	<temp_f>18.0</temp_f>
	<temp_c>-7.9</temp_c>
	<relative_humidity>60</relative_humidity>
	<wind_string>North at 2.3 MPH (2 KT)</wind_string>
	<wind_dir>North</wind_dir>
	<wind_degrees>340</wind_degrees>
	<wind_mph>2.3</wind_mph>
	<wind_kt>2</wind_kt>
	<pressure_string>1026.6 mb</pressure_string>
	<pressure_mb>1026.6</pressure_mb>
	<dewpoint_string>6.1 F (-14.4 C)</dewpoint_string>
	<dewpoint_f>6.1</dewpoint_f>
	<dewpoint_c>-14.4</dewpoint_c>
	<two_day_history_url>http://www.weather.gov/data/obhistory/CWUS.html</two_day_history_url>
	<ob_url>http://www.weather.gov/data/METAR/CWUS.1.txt</ob_url>
	<disclaimer_url>http://weather.gov/disclaimer.html</disclaimer_url>
	<copyright_url>http://weather.gov/disclaimer.html</copyright_url>
	<privacy_policy_url>http://weather.gov/notice.html</privacy_policy_url>
</current_observation>
