<?xml version="1.0" encoding="ISO-8859-1"?> 
<?xml-stylesheet href="latest_ob.xsl" type="text/xsl"?>
<current_observation version="1.0"
	 xmlns:xsd="http://www.w3.org/2001/XMLSchema"
	 xmlns:xsi="http://www.w3.org/2001/XMLSchema-instance"
	 xsi:noNamespaceSchemaLocation="http://www.weather.gov/view/current_observation.xsd">
	<credit>NOAA's National Weather Service</credit>
	<credit_URL>http://weather.gov/</credit_URL>
	<image>
		<url>http://weather.gov/images/xml_logo.gif</url>
		<title>NOAA's National Weather Service</title>
		<link>http://weather.gov</link>
	</image>
	<suggested_pickup>15 minutes after the hour</suggested_pickup>
	<suggested_pickup_period>60</suggested_pickup_period>
	<location>Val Marie Southeast, Sask, SK</location>
	<station_id>CWVN</station_id>
	<latitude>49.0667</latitude>
	<longitude>-107.583</longitude>
	<observation_time>Last Updated on Feb 22 2018, 5:00 pm CST</observation_time>
        <observation_time_rfc822>Thu, 22 Feb 2018 17:00:00 -0600</observation_time_rfc822>
	<temperature_string>-1.0 F (-18.6 C)</temperature_string>
	<temp_f>-1.0</temp_f>
	<temp_c>-18.6</temp_c>
	<relative_humidity>64</relative_humidity>
	<wind_string>Southwest at 2.3 MPH (2 KT)</wind_string>
	<wind_dir>Southwest</wind_dir>
	<wind_degrees>240</wind_degrees>
	<wind_mph>2.3</wind_mph>
	<wind_kt>2</wind_kt>
	<pressure_string>1028.6 mb</pressure_string>
	<pressure_mb>1028.6</pressure_mb>
	<dewpoint_string>-10.8 F (-23.8 C)</dewpoint_string>
	<dewpoint_f>-10.8</dewpoint_f>
	<dewpoint_c>-23.8</dewpoint_c>
	<two_day_history_url>http://www.weather.gov/data/obhistory/CWVN.html</two_day_history_url>
	<ob_url>http://www.weather.gov/data/METAR/CWVN.1.txt</ob_url>
	<disclaimer_url>http://weather.gov/disclaimer.html</disclaimer_url>
	<copyright_url>http://weather.gov/disclaimer.html</copyright_url>
	<privacy_policy_url>http://weather.gov/notice.html</privacy_policy_url>
</current_observation>
