<?xml version="1.0" encoding="ISO-8859-1"?> 
<?xml-stylesheet href="latest_ob.xsl" type="text/xsl"?>
<current_observation version="1.0"
	 xmlns:xsd="http://www.w3.org/2001/XMLSchema"
	 xmlns:xsi="http://www.w3.org/2001/XMLSchema-instance"
	 xsi:noNamespaceSchemaLocation="http://www.weather.gov/view/current_observation.xsd">
	<credit>NOAA's National Weather Service</credit>
	<credit_URL>http://weather.gov/</credit_URL>
	<image>
		<url>http://weather.gov/images/xml_logo.gif</url>
		<title>NOAA's National Weather Service</title>
		<link>http://weather.gov</link>
	</image>
	<suggested_pickup>15 minutes after the hour</suggested_pickup>
	<suggested_pickup_period>60</suggested_pickup_period>
	<location>Val Marie Southeast, Sask, SK</location>
	<station_id>CWVN</station_id>
	<latitude>49.06667</latitude>
	<longitude>-107.58333</longitude>
	<observation_time>Last Updated on Oct 17 2017, 11:00 am CST</observation_time>
        <observation_time_rfc822>Tue, 17 Oct 2017 11:00:00 -0600</observation_time_rfc822>
	<weather>Breezy</weather>
	<temperature_string>70.0 F (21.0 C)</temperature_string>
	<temp_f>70.0</temp_f>
	<temp_c>21.0</temp_c>
	<relative_humidity>14</relative_humidity>
	<wind_string>from the West at 24.2 gusting to 34.5 MPH (21 gusting to 30 KT)</wind_string>
	<wind_dir>West</wind_dir>
	<wind_degrees>250</wind_degrees>
	<wind_mph>24.2</wind_mph>
	<wind_gust_mph>34.5</wind_gust_mph>
	<wind_kt>21</wind_kt>
	<wind_gust_kt>30</wind_gust_kt>
	<pressure_string>1005.3 mb</pressure_string>
	<pressure_mb>1005.3</pressure_mb>
	<dewpoint_string>18.9 F (-7.3 C)</dewpoint_string>
	<dewpoint_f>18.9</dewpoint_f>
	<dewpoint_c>-7.3</dewpoint_c>
 	<icon_url_base>http://forecast.weather.gov/images/wtf/small/</icon_url_base>
	<two_day_history_url>http://www.weather.gov/data/obhistory/CWVN.html</two_day_history_url>
	<icon_url_name>wind.png</icon_url_name>
	<ob_url>http://www.weather.gov/data/METAR/CWVN.1.txt</ob_url>
	<disclaimer_url>http://weather.gov/disclaimer.html</disclaimer_url>
	<copyright_url>http://weather.gov/disclaimer.html</copyright_url>
	<privacy_policy_url>http://weather.gov/notice.html</privacy_policy_url>
</current_observation>
