<?xml version="1.0" encoding="ISO-8859-1"?> 
<?xml-stylesheet href="latest_ob.xsl" type="text/xsl"?>
<current_observation version="1.0"
	 xmlns:xsd="http://www.w3.org/2001/XMLSchema"
	 xmlns:xsi="http://www.w3.org/2001/XMLSchema-instance"
	 xsi:noNamespaceSchemaLocation="http://www.weather.gov/view/current_observation.xsd">
	<credit>NOAA's National Weather Service</credit>
	<credit_URL>http://weather.gov/</credit_URL>
	<image>
		<url>http://weather.gov/images/xml_logo.gif</url>
		<title>NOAA's National Weather Service</title>
		<link>http://weather.gov</link>
	</image>
	<suggested_pickup>15 minutes after the hour</suggested_pickup>
	<suggested_pickup_period>60</suggested_pickup_period>
	<location>Cypress Hills Park, SK</location>
	<station_id>CWVP</station_id>
	<latitude>49.65</latitude>
	<longitude>-109.517</longitude>
	<observation_time>Last Updated on Feb 22 2018, 5:00 pm CST</observation_time>
        <observation_time_rfc822>Thu, 22 Feb 2018 17:00:00 -0600</observation_time_rfc822>
	<temperature_string>1.0 F (-17.4 C)</temperature_string>
	<temp_f>1.0</temp_f>
	<temp_c>-17.4</temp_c>
	<relative_humidity>59</relative_humidity>
	<wind_string>South at 10.4 MPH (9 KT)</wind_string>
	<wind_dir>South</wind_dir>
	<wind_degrees>190</wind_degrees>
	<wind_mph>10.4</wind_mph>
	<wind_kt>9</wind_kt>
	<pressure_string>1021.8 mb</pressure_string>
	<pressure_mb>1021.8</pressure_mb>
	<dewpoint_string>-10.3 F (-23.5 C)</dewpoint_string>
	<dewpoint_f>-10.3</dewpoint_f>
	<dewpoint_c>-23.5</dewpoint_c>
	<windchill_string>-15 F (-26 C)</windchill_string>
      	<windchill_f>-15</windchill_f>
      	<windchill_c>-26</windchill_c>
	<two_day_history_url>http://www.weather.gov/data/obhistory/CWVP.html</two_day_history_url>
	<ob_url>http://www.weather.gov/data/METAR/CWVP.1.txt</ob_url>
	<disclaimer_url>http://weather.gov/disclaimer.html</disclaimer_url>
	<copyright_url>http://weather.gov/disclaimer.html</copyright_url>
	<privacy_policy_url>http://weather.gov/notice.html</privacy_policy_url>
</current_observation>
