<?xml version="1.0" encoding="ISO-8859-1"?> 
<?xml-stylesheet href="latest_ob.xsl" type="text/xsl"?>
<current_observation version="1.0"
	 xmlns:xsd="http://www.w3.org/2001/XMLSchema"
	 xmlns:xsi="http://www.w3.org/2001/XMLSchema-instance"
	 xsi:noNamespaceSchemaLocation="http://www.weather.gov/view/current_observation.xsd">
	<credit>NOAA's National Weather Service</credit>
	<credit_URL>http://weather.gov/</credit_URL>
	<image>
		<url>http://weather.gov/images/xml_logo.gif</url>
		<title>NOAA's National Weather Service</title>
		<link>http://weather.gov</link>
	</image>
	<suggested_pickup>15 minutes after the hour</suggested_pickup>
	<suggested_pickup_period>60</suggested_pickup_period>
	<location>Buffalo Narrows, Sask., SK</location>
	<station_id>CWVT</station_id>
	<latitude>55.8333</latitude>
	<longitude>-108.433</longitude>
	<observation_time>Last Updated on Feb 22 2018, 3:00 pm CST</observation_time>
        <observation_time_rfc822>Thu, 22 Feb 2018 15:00:00 -0600</observation_time_rfc822>
	<temperature_string>21.0 F (-6.1 C)</temperature_string>
	<temp_f>21.0</temp_f>
	<temp_c>-6.1</temp_c>
	<relative_humidity>64</relative_humidity>
	<wind_string>Northwest at 9.2 MPH (8 KT)</wind_string>
	<wind_dir>Northwest</wind_dir>
	<wind_degrees>320</wind_degrees>
	<wind_mph>9.2</wind_mph>
	<wind_kt>8</wind_kt>
	<dewpoint_string>10.6 F (-11.9 C)</dewpoint_string>
	<dewpoint_f>10.6</dewpoint_f>
	<dewpoint_c>-11.9</dewpoint_c>
	<windchill_string>11 F (-12 C)</windchill_string>
      	<windchill_f>11</windchill_f>
      	<windchill_c>-12</windchill_c>
	<two_day_history_url>http://www.weather.gov/data/obhistory/CWVT.html</two_day_history_url>
	<ob_url>http://www.weather.gov/data/METAR/CWVT.1.txt</ob_url>
	<disclaimer_url>http://weather.gov/disclaimer.html</disclaimer_url>
	<copyright_url>http://weather.gov/disclaimer.html</copyright_url>
	<privacy_policy_url>http://weather.gov/notice.html</privacy_policy_url>
</current_observation>
