<?xml version="1.0" encoding="ISO-8859-1"?> 
<?xml-stylesheet href="latest_ob.xsl" type="text/xsl"?>
<current_observation version="1.0"
	 xmlns:xsd="http://www.w3.org/2001/XMLSchema"
	 xmlns:xsi="http://www.w3.org/2001/XMLSchema-instance"
	 xsi:noNamespaceSchemaLocation="http://www.weather.gov/view/current_observation.xsd">
	<credit>NOAA's National Weather Service</credit>
	<credit_URL>http://weather.gov/</credit_URL>
	<image>
		<url>http://weather.gov/images/xml_logo.gif</url>
		<title>NOAA's National Weather Service</title>
		<link>http://weather.gov</link>
	</image>
	<suggested_pickup>15 minutes after the hour</suggested_pickup>
	<suggested_pickup_period>60</suggested_pickup_period>
	<location>W Vancouver Automatic Weather Reporting System, BC</location>
	<station_id>CWWA</station_id>
	<latitude>49.35</latitude>
	<longitude>-123.18333</longitude>
	<observation_time>Last Updated on Oct 17 2017, 10:00 am PDT</observation_time>
        <observation_time_rfc822>Tue, 17 Oct 2017 10:00:00 -0700</observation_time_rfc822>
	<temperature_string>50.0 F (10.1 C)</temperature_string>
	<temp_f>50.0</temp_f>
	<temp_c>10.1</temp_c>
	<relative_humidity>88</relative_humidity>
	<wind_string>Northwest at 3.5 MPH (3 KT)</wind_string>
	<wind_dir>Northwest</wind_dir>
	<wind_degrees>300</wind_degrees>
	<wind_mph>3.5</wind_mph>
	<wind_kt>3</wind_kt>
	<pressure_string>1009.4 mb</pressure_string>
	<pressure_mb>1009.4</pressure_mb>
	<dewpoint_string>46.8 F (8.2 C)</dewpoint_string>
	<dewpoint_f>46.8</dewpoint_f>
	<dewpoint_c>8.2</dewpoint_c>
	<two_day_history_url>http://www.weather.gov/data/obhistory/CWWA.html</two_day_history_url>
	<ob_url>http://www.weather.gov/data/METAR/CWWA.1.txt</ob_url>
	<disclaimer_url>http://weather.gov/disclaimer.html</disclaimer_url>
	<copyright_url>http://weather.gov/disclaimer.html</copyright_url>
	<privacy_policy_url>http://weather.gov/notice.html</privacy_policy_url>
</current_observation>
