<?xml version="1.0" encoding="ISO-8859-1"?> 
<?xml-stylesheet href="latest_ob.xsl" type="text/xsl"?>
<current_observation version="1.0"
	 xmlns:xsd="http://www.w3.org/2001/XMLSchema"
	 xmlns:xsi="http://www.w3.org/2001/XMLSchema-instance"
	 xsi:noNamespaceSchemaLocation="http://www.weather.gov/view/current_observation.xsd">
	<credit>NOAA's National Weather Service</credit>
	<credit_URL>http://weather.gov/</credit_URL>
	<image>
		<url>http://weather.gov/images/xml_logo.gif</url>
		<title>NOAA's National Weather Service</title>
		<link>http://weather.gov</link>
	</image>
	<suggested_pickup>15 minutes after the hour</suggested_pickup>
	<suggested_pickup_period>60</suggested_pickup_period>
	<location>Burlington Piers, ON</location>
	<station_id>CWWB</station_id>
	<latitude>43.3</latitude>
	<longitude>-79.8</longitude>
	<observation_time>Last Updated on Feb 22 2018, 5:00 pm EST</observation_time>
        <observation_time_rfc822>Thu, 22 Feb 2018 17:00:00 -0500</observation_time_rfc822>
	<temperature_string>38.0 F (3.6 C)</temperature_string>
	<temp_f>38.0</temp_f>
	<temp_c>3.6</temp_c>
	<relative_humidity>61</relative_humidity>
	<pressure_string>1033.7 mb</pressure_string>
	<pressure_mb>1033.7</pressure_mb>
	<dewpoint_string>25.9 F (-3.4 C)</dewpoint_string>
	<dewpoint_f>25.9</dewpoint_f>
	<dewpoint_c>-3.4</dewpoint_c>
	<two_day_history_url>http://www.weather.gov/data/obhistory/CWWB.html</two_day_history_url>
	<ob_url>http://www.weather.gov/data/METAR/CWWB.1.txt</ob_url>
	<disclaimer_url>http://weather.gov/disclaimer.html</disclaimer_url>
	<copyright_url>http://weather.gov/disclaimer.html</copyright_url>
	<privacy_policy_url>http://weather.gov/notice.html</privacy_policy_url>
</current_observation>
