<?xml version="1.0" encoding="ISO-8859-1"?> 
<?xml-stylesheet href="latest_ob.xsl" type="text/xsl"?>
<current_observation version="1.0"
	 xmlns:xsd="http://www.w3.org/2001/XMLSchema"
	 xmlns:xsi="http://www.w3.org/2001/XMLSchema-instance"
	 xsi:noNamespaceSchemaLocation="http://www.weather.gov/view/current_observation.xsd">
	<credit>NOAA's National Weather Service</credit>
	<credit_URL>http://weather.gov/</credit_URL>
	<image>
		<url>http://weather.gov/images/xml_logo.gif</url>
		<title>NOAA's National Weather Service</title>
		<link>http://weather.gov</link>
	</image>
	<suggested_pickup>15 minutes after the hour</suggested_pickup>
	<suggested_pickup_period>60</suggested_pickup_period>
	<location>Western Head, N. S., NS</location>
	<station_id>CWWE</station_id>
	<latitude>43.9833</latitude>
	<longitude>-64.6667</longitude>
	<observation_time>Last Updated on Feb 22 2018, 7:00 pm AST</observation_time>
        <observation_time_rfc822>Thu, 22 Feb 2018 19:00:00 -0400</observation_time_rfc822>
	<temperature_string>39.0 F (3.7 C)</temperature_string>
	<temp_f>39.0</temp_f>
	<temp_c>3.7</temp_c>
	<relative_humidity>100</relative_humidity>
	<wind_string>Northeast at 4.6 MPH (4 KT)</wind_string>
	<wind_dir>Northeast</wind_dir>
	<wind_degrees>40</wind_degrees>
	<wind_mph>4.6</wind_mph>
	<wind_kt>4</wind_kt>
	<pressure_string>1026.3 mb</pressure_string>
	<pressure_mb>1026.3</pressure_mb>
	<dewpoint_string>38.7 F (3.7 C)</dewpoint_string>
	<dewpoint_f>38.7</dewpoint_f>
	<dewpoint_c>3.7</dewpoint_c>
	<windchill_string>36 F (2 C)</windchill_string>
      	<windchill_f>36</windchill_f>
      	<windchill_c>2</windchill_c>
	<two_day_history_url>http://www.weather.gov/data/obhistory/CWWE.html</two_day_history_url>
	<ob_url>http://www.weather.gov/data/METAR/CWWE.1.txt</ob_url>
	<disclaimer_url>http://weather.gov/disclaimer.html</disclaimer_url>
	<copyright_url>http://weather.gov/disclaimer.html</copyright_url>
	<privacy_policy_url>http://weather.gov/notice.html</privacy_policy_url>
</current_observation>
