<?xml version="1.0" encoding="ISO-8859-1"?> 
<?xml-stylesheet href="latest_ob.xsl" type="text/xsl"?>
<current_observation version="1.0"
	 xmlns:xsd="http://www.w3.org/2001/XMLSchema"
	 xmlns:xsi="http://www.w3.org/2001/XMLSchema-instance"
	 xsi:noNamespaceSchemaLocation="http://www.weather.gov/view/current_observation.xsd">
	<credit>NOAA's National Weather Service</credit>
	<credit_URL>http://weather.gov/</credit_URL>
	<image>
		<url>http://weather.gov/images/xml_logo.gif</url>
		<title>NOAA's National Weather Service</title>
		<link>http://weather.gov</link>
	</image>
	<suggested_pickup>15 minutes after the hour</suggested_pickup>
	<suggested_pickup_period>60</suggested_pickup_period>
	<location>Weyburn Automatic Weather Reporting System, SK</location>
	<station_id>CWWF</station_id>
	<latitude>49.69466</latitude>
	<longitude>-103.80091</longitude>
	<observation_time>Last Updated on Oct 17 2017, 11:00 am CST</observation_time>
        <observation_time_rfc822>Tue, 17 Oct 2017 11:00:00 -0600</observation_time_rfc822>
	<temperature_string>65.0 F (18.2 C)</temperature_string>
	<temp_f>65.0</temp_f>
	<temp_c>18.2</temp_c>
	<relative_humidity>25</relative_humidity>
	<wind_string>West at 10.4 MPH (9 KT)</wind_string>
	<wind_dir>West</wind_dir>
	<wind_degrees>280</wind_degrees>
	<wind_mph>10.4</wind_mph>
	<wind_kt>9</wind_kt>
	<pressure_string>1006.4 mb</pressure_string>
	<pressure_mb>1006.4</pressure_mb>
	<dewpoint_string>27.9 F (-2.3 C)</dewpoint_string>
	<dewpoint_f>27.9</dewpoint_f>
	<dewpoint_c>-2.3</dewpoint_c>
	<two_day_history_url>http://www.weather.gov/data/obhistory/CWWF.html</two_day_history_url>
	<ob_url>http://www.weather.gov/data/METAR/CWWF.1.txt</ob_url>
	<disclaimer_url>http://weather.gov/disclaimer.html</disclaimer_url>
	<copyright_url>http://weather.gov/disclaimer.html</copyright_url>
	<privacy_policy_url>http://weather.gov/notice.html</privacy_policy_url>
</current_observation>
