<?xml version="1.0" encoding="ISO-8859-1"?> 
<?xml-stylesheet href="latest_ob.xsl" type="text/xsl"?>
<current_observation version="1.0"
	 xmlns:xsd="http://www.w3.org/2001/XMLSchema"
	 xmlns:xsi="http://www.w3.org/2001/XMLSchema-instance"
	 xsi:noNamespaceSchemaLocation="http://www.weather.gov/view/current_observation.xsd">
	<credit>NOAA's National Weather Service</credit>
	<credit_URL>http://weather.gov/</credit_URL>
	<image>
		<url>http://weather.gov/images/xml_logo.gif</url>
		<title>NOAA's National Weather Service</title>
		<link>http://weather.gov</link>
	</image>
	<suggested_pickup>15 minutes after the hour</suggested_pickup>
	<suggested_pickup_period>60</suggested_pickup_period>
	<location>Bonilla Island Meteorological Aeronautical Presentation S, BC</location>
	<station_id>CWWL</station_id>
	<latitude>53.4926</latitude>
	<longitude>-130.638</longitude>
	<observation_time>Last Updated on Feb 22 2018, 11:00 am PST</observation_time>
        <observation_time_rfc822>Thu, 22 Feb 2018 11:00:00 -0800</observation_time_rfc822>
	<weather>Breezy</weather>
	<temperature_string>37.0 F (3.0 C)</temperature_string>
	<temp_f>37.0</temp_f>
	<temp_c>3.0</temp_c>
	<wind_string>North at 20.7 MPH (18 KT)</wind_string>
	<wind_dir>North</wind_dir>
	<wind_degrees>360</wind_degrees>
	<wind_mph>20.7</wind_mph>
	<wind_kt>18</wind_kt>
	<pressure_string>1026.1 mb</pressure_string>
	<pressure_mb>1026.1</pressure_mb>
	<windchill_string>26 F (-3 C)</windchill_string>
      	<windchill_f>26</windchill_f>
      	<windchill_c>-3</windchill_c>
 	<icon_url_base>http://forecast.weather.gov/images/wtf/small/</icon_url_base>
	<two_day_history_url>http://www.weather.gov/data/obhistory/CWWL.html</two_day_history_url>
	<icon_url_name>wind.png</icon_url_name>
	<ob_url>http://www.weather.gov/data/METAR/CWWL.1.txt</ob_url>
	<disclaimer_url>http://weather.gov/disclaimer.html</disclaimer_url>
	<copyright_url>http://weather.gov/disclaimer.html</copyright_url>
	<privacy_policy_url>http://weather.gov/notice.html</privacy_policy_url>
</current_observation>
