<?xml version="1.0" encoding="ISO-8859-1"?> 
<?xml-stylesheet href="latest_ob.xsl" type="text/xsl"?>
<current_observation version="1.0"
	 xmlns:xsd="http://www.w3.org/2001/XMLSchema"
	 xmlns:xsi="http://www.w3.org/2001/XMLSchema-instance"
	 xsi:noNamespaceSchemaLocation="http://www.weather.gov/view/current_observation.xsd">
	<credit>NOAA's National Weather Service</credit>
	<credit_URL>http://weather.gov/</credit_URL>
	<image>
		<url>http://weather.gov/images/xml_logo.gif</url>
		<title>NOAA's National Weather Service</title>
		<link>http://weather.gov</link>
	</image>
	<suggested_pickup>15 minutes after the hour</suggested_pickup>
	<suggested_pickup_period>60</suggested_pickup_period>
	<location>Onatchiway, Que., QC</location>
	<station_id>CWXC</station_id>
	<latitude>48.8833</latitude>
	<longitude>-71.0333</longitude>
	<observation_time>Last Updated on Feb 22 2018, 3:00 pm EST</observation_time>
        <observation_time_rfc822>Thu, 22 Feb 2018 15:00:00 -0500</observation_time_rfc822>
	<temperature_string>31.0 F (-0.4 C)</temperature_string>
	<temp_f>31.0</temp_f>
	<temp_c>-0.4</temp_c>
	<relative_humidity>80</relative_humidity>
	<wind_string>Northwest at 6.9 MPH (6 KT)</wind_string>
	<wind_dir>Northwest</wind_dir>
	<wind_degrees>300</wind_degrees>
	<wind_mph>6.9</wind_mph>
	<wind_kt>6</wind_kt>
	<dewpoint_string>25.7 F (-3.5 C)</dewpoint_string>
	<dewpoint_f>25.7</dewpoint_f>
	<dewpoint_c>-3.5</dewpoint_c>
	<windchill_string>24 F (-4 C)</windchill_string>
      	<windchill_f>24</windchill_f>
      	<windchill_c>-4</windchill_c>
	<two_day_history_url>http://www.weather.gov/data/obhistory/CWXC.html</two_day_history_url>
	<ob_url>http://www.weather.gov/data/METAR/CWXC.1.txt</ob_url>
	<disclaimer_url>http://weather.gov/disclaimer.html</disclaimer_url>
	<copyright_url>http://weather.gov/disclaimer.html</copyright_url>
	<privacy_policy_url>http://weather.gov/notice.html</privacy_policy_url>
</current_observation>
