<?xml version="1.0" encoding="ISO-8859-1"?> 
<?xml-stylesheet href="latest_ob.xsl" type="text/xsl"?>
<current_observation version="1.0"
	 xmlns:xsd="http://www.w3.org/2001/XMLSchema"
	 xmlns:xsi="http://www.w3.org/2001/XMLSchema-instance"
	 xsi:noNamespaceSchemaLocation="http://www.weather.gov/view/current_observation.xsd">
	<credit>NOAA's National Weather Service</credit>
	<credit_URL>http://weather.gov/</credit_URL>
	<image>
		<url>http://weather.gov/images/xml_logo.gif</url>
		<title>NOAA's National Weather Service</title>
		<link>http://weather.gov</link>
	</image>
	<suggested_pickup>15 minutes after the hour</suggested_pickup>
	<suggested_pickup_period>60</suggested_pickup_period>
	<location>Ferolle Point Meteorological Aeronautical Presentation System, NF</location>
	<station_id>CWXI</station_id>
	<latitude>51.0167</latitude>
	<longitude>-57.1</longitude>
	<observation_time>Last Updated on Feb 22 2018, 9:00 pm ZST</observation_time>
        <observation_time_rfc822>Thu, 22 Feb 2018 21:00:00 +0000</observation_time_rfc822>
	<temperature_string>13.0 F (-10.7 C)</temperature_string>
	<temp_f>13.0</temp_f>
	<temp_c>-10.7</temp_c>
	<relative_humidity>61</relative_humidity>
	<wind_string>West at 13.8 MPH (12 KT)</wind_string>
	<wind_dir>West</wind_dir>
	<wind_degrees>270</wind_degrees>
	<wind_mph>13.8</wind_mph>
	<wind_kt>12</wind_kt>
	<pressure_string>1021.6 mb</pressure_string>
	<pressure_mb>1021.6</pressure_mb>
	<dewpoint_string>1.6 F (-16.9 C)</dewpoint_string>
	<dewpoint_f>1.6</dewpoint_f>
	<dewpoint_c>-16.9</dewpoint_c>
	<windchill_string>-2 F (-19 C)</windchill_string>
      	<windchill_f>-2</windchill_f>
      	<windchill_c>-19</windchill_c>
	<two_day_history_url>http://www.weather.gov/data/obhistory/CWXI.html</two_day_history_url>
	<ob_url>http://www.weather.gov/data/METAR/CWXI.1.txt</ob_url>
	<disclaimer_url>http://weather.gov/disclaimer.html</disclaimer_url>
	<copyright_url>http://weather.gov/disclaimer.html</copyright_url>
	<privacy_policy_url>http://weather.gov/notice.html</privacy_policy_url>
</current_observation>
