<?xml version="1.0" encoding="ISO-8859-1"?> 
<?xml-stylesheet href="latest_ob.xsl" type="text/xsl"?>
<current_observation version="1.0"
	 xmlns:xsd="http://www.w3.org/2001/XMLSchema"
	 xmlns:xsi="http://www.w3.org/2001/XMLSchema-instance"
	 xsi:noNamespaceSchemaLocation="http://www.weather.gov/view/current_observation.xsd">
	<credit>NOAA's National Weather Service</credit>
	<credit_URL>http://weather.gov/</credit_URL>
	<image>
		<url>http://weather.gov/images/xml_logo.gif</url>
		<title>NOAA's National Weather Service</title>
		<link>http://weather.gov</link>
	</image>
	<suggested_pickup>15 minutes after the hour</suggested_pickup>
	<suggested_pickup_period>60</suggested_pickup_period>
	<location>Ferolle Point Meteorological Aeronautical Presentation System, NF</location>
	<station_id>CWXI</station_id>
	<latitude>51.01667</latitude>
	<longitude>-57.1</longitude>
	<observation_time>Last Updated on Oct 17 2017, 1:00 pm EDT</observation_time>
        <observation_time_rfc822>Tue, 17 Oct 2017 13:00:00 -0400</observation_time_rfc822>
	<temperature_string>38.0 F (3.5 C)</temperature_string>
	<temp_f>38.0</temp_f>
	<temp_c>3.5</temp_c>
	<relative_humidity>64</relative_humidity>
	<pressure_string>1011.1 mb</pressure_string>
	<pressure_mb>1011.1</pressure_mb>
	<dewpoint_string>27.1 F (-2.7 C)</dewpoint_string>
	<dewpoint_f>27.1</dewpoint_f>
	<dewpoint_c>-2.7</dewpoint_c>
	<two_day_history_url>http://www.weather.gov/data/obhistory/CWXI.html</two_day_history_url>
	<ob_url>http://www.weather.gov/data/METAR/CWXI.1.txt</ob_url>
	<disclaimer_url>http://weather.gov/disclaimer.html</disclaimer_url>
	<copyright_url>http://weather.gov/disclaimer.html</copyright_url>
	<privacy_policy_url>http://weather.gov/notice.html</privacy_policy_url>
</current_observation>
