<?xml version="1.0" encoding="ISO-8859-1"?> 
<?xml-stylesheet href="latest_ob.xsl" type="text/xsl"?>
<current_observation version="1.0"
	 xmlns:xsd="http://www.w3.org/2001/XMLSchema"
	 xmlns:xsi="http://www.w3.org/2001/XMLSchema-instance"
	 xsi:noNamespaceSchemaLocation="http://www.weather.gov/view/current_observation.xsd">
	<credit>NOAA's National Weather Service</credit>
	<credit_URL>http://weather.gov/</credit_URL>
	<image>
		<url>http://weather.gov/images/xml_logo.gif</url>
		<title>NOAA's National Weather Service</title>
		<link>http://weather.gov</link>
	</image>
	<suggested_pickup>15 minutes after the hour</suggested_pickup>
	<suggested_pickup_period>60</suggested_pickup_period>
	<location>Yoho Park Automatic Weather Reporting System, BC</location>
	<station_id>CWYL</station_id>
	<latitude>51.45</latitude>
	<longitude>-116.33333</longitude>
	<observation_time>Last Updated on Oct 17 2017, 11:00 am MDT</observation_time>
        <observation_time_rfc822>Tue, 17 Oct 2017 11:00:00 -0600</observation_time_rfc822>
	<temperature_string>37.0 F (3.0 C)</temperature_string>
	<temp_f>37.0</temp_f>
	<temp_c>3.0</temp_c>
	<relative_humidity>99</relative_humidity>
	<wind_string>from the West at 13.8 gusting to 19.6 MPH (12 gusting to 17 KT)</wind_string>
	<wind_dir>West</wind_dir>
	<wind_degrees>270</wind_degrees>
	<wind_mph>13.8</wind_mph>
	<wind_gust_mph>19.6</wind_gust_mph>
	<wind_kt>12</wind_kt>
	<wind_gust_kt>17</wind_gust_kt>
	<pressure_string>1000.8 mb</pressure_string>
	<pressure_mb>1000.8</pressure_mb>
	<dewpoint_string>37.0 F (2.8 C)</dewpoint_string>
	<dewpoint_f>37.0</dewpoint_f>
	<dewpoint_c>2.8</dewpoint_c>
	<windchill_string>28 F (-2 C)</windchill_string>
      	<windchill_f>28</windchill_f>
      	<windchill_c>-2</windchill_c>
	<two_day_history_url>http://www.weather.gov/data/obhistory/CWYL.html</two_day_history_url>
	<ob_url>http://www.weather.gov/data/METAR/CWYL.1.txt</ob_url>
	<disclaimer_url>http://weather.gov/disclaimer.html</disclaimer_url>
	<copyright_url>http://weather.gov/disclaimer.html</copyright_url>
	<privacy_policy_url>http://weather.gov/notice.html</privacy_policy_url>
</current_observation>
