<?xml version="1.0" encoding="ISO-8859-1"?> 
<?xml-stylesheet href="latest_ob.xsl" type="text/xsl"?>
<current_observation version="1.0"
	 xmlns:xsd="http://www.w3.org/2001/XMLSchema"
	 xmlns:xsi="http://www.w3.org/2001/XMLSchema-instance"
	 xsi:noNamespaceSchemaLocation="http://www.weather.gov/view/current_observation.xsd">
	<credit>NOAA's National Weather Service</credit>
	<credit_URL>http://weather.gov/</credit_URL>
	<image>
		<url>http://weather.gov/images/xml_logo.gif</url>
		<title>NOAA's National Weather Service</title>
		<link>http://weather.gov</link>
	</image>
	<suggested_pickup>15 minutes after the hour</suggested_pickup>
	<suggested_pickup_period>60</suggested_pickup_period>
	<location>Yoho Park Automatic Weather Reporting System, BC</location>
	<station_id>CWYL</station_id>
	<latitude>51.45</latitude>
	<longitude>-116.333</longitude>
	<observation_time>Last Updated on Feb 22 2018, 3:00 pm MST</observation_time>
        <observation_time_rfc822>Thu, 22 Feb 2018 15:00:00 -0700</observation_time_rfc822>
	<temperature_string>3.0 F (-16.3 C)</temperature_string>
	<temp_f>3.0</temp_f>
	<temp_c>-16.3</temp_c>
	<relative_humidity>77</relative_humidity>
	<wind_string>Southwest at 16.1 MPH (14 KT)</wind_string>
	<wind_dir>Southwest</wind_dir>
	<wind_degrees>240</wind_degrees>
	<wind_mph>16.1</wind_mph>
	<wind_kt>14</wind_kt>
	<pressure_string>1024.8 mb</pressure_string>
	<pressure_mb>1024.8</pressure_mb>
	<dewpoint_string>-3.1 F (-19.5 C)</dewpoint_string>
	<dewpoint_f>-3.1</dewpoint_f>
	<dewpoint_c>-19.5</dewpoint_c>
	<windchill_string>-16 F (-27 C)</windchill_string>
      	<windchill_f>-16</windchill_f>
      	<windchill_c>-27</windchill_c>
	<two_day_history_url>http://www.weather.gov/data/obhistory/CWYL.html</two_day_history_url>
	<ob_url>http://www.weather.gov/data/METAR/CWYL.1.txt</ob_url>
	<disclaimer_url>http://weather.gov/disclaimer.html</disclaimer_url>
	<copyright_url>http://weather.gov/disclaimer.html</copyright_url>
	<privacy_policy_url>http://weather.gov/notice.html</privacy_policy_url>
</current_observation>
