<?xml version="1.0" encoding="ISO-8859-1"?> 
<?xml-stylesheet href="latest_ob.xsl" type="text/xsl"?>
<current_observation version="1.0"
	 xmlns:xsd="http://www.w3.org/2001/XMLSchema"
	 xmlns:xsi="http://www.w3.org/2001/XMLSchema-instance"
	 xsi:noNamespaceSchemaLocation="http://www.weather.gov/view/current_observation.xsd">
	<credit>NOAA's National Weather Service</credit>
	<credit_URL>http://weather.gov/</credit_URL>
	<image>
		<url>http://weather.gov/images/xml_logo.gif</url>
		<title>NOAA's National Weather Service</title>
		<link>http://weather.gov</link>
	</image>
	<suggested_pickup>15 minutes after the hour</suggested_pickup>
	<suggested_pickup_period>60</suggested_pickup_period>
	<location>Cumshewa Island Meteorological Aeronautical Presentation System, BC</location>
	<station_id>CWZL</station_id>
	<latitude>53.0333</latitude>
	<longitude>-131.6</longitude>
	<observation_time>Last Updated on Feb 22 2018, 1:00 pm PST</observation_time>
        <observation_time_rfc822>Thu, 22 Feb 2018 13:00:00 -0800</observation_time_rfc822>
	<temperature_string>37.0 F (2.8 C)</temperature_string>
	<temp_f>37.0</temp_f>
	<temp_c>2.8</temp_c>
	<relative_humidity>72</relative_humidity>
	<wind_string>Northwest at 11.5 MPH (10 KT)</wind_string>
	<wind_dir>Northwest</wind_dir>
	<wind_degrees>330</wind_degrees>
	<wind_mph>11.5</wind_mph>
	<wind_kt>10</wind_kt>
	<pressure_string>1028.2 mb</pressure_string>
	<pressure_mb>1028.2</pressure_mb>
	<dewpoint_string>28.8 F (-1.8 C)</dewpoint_string>
	<dewpoint_f>28.8</dewpoint_f>
	<dewpoint_c>-1.8</dewpoint_c>
	<windchill_string>29 F (-2 C)</windchill_string>
      	<windchill_f>29</windchill_f>
      	<windchill_c>-2</windchill_c>
	<two_day_history_url>http://www.weather.gov/data/obhistory/CWZL.html</two_day_history_url>
	<ob_url>http://www.weather.gov/data/METAR/CWZL.1.txt</ob_url>
	<disclaimer_url>http://weather.gov/disclaimer.html</disclaimer_url>
	<copyright_url>http://weather.gov/disclaimer.html</copyright_url>
	<privacy_policy_url>http://weather.gov/notice.html</privacy_policy_url>
</current_observation>
