<?xml version="1.0" encoding="ISO-8859-1"?> 
<?xml-stylesheet href="latest_ob.xsl" type="text/xsl"?>
<current_observation version="1.0"
	 xmlns:xsd="http://www.w3.org/2001/XMLSchema"
	 xmlns:xsi="http://www.w3.org/2001/XMLSchema-instance"
	 xsi:noNamespaceSchemaLocation="http://www.weather.gov/view/current_observation.xsd">
	<credit>NOAA's National Weather Service</credit>
	<credit_URL>http://weather.gov/</credit_URL>
	<image>
		<url>http://weather.gov/images/xml_logo.gif</url>
		<title>NOAA's National Weather Service</title>
		<link>http://weather.gov</link>
	</image>
	<suggested_pickup>15 minutes after the hour</suggested_pickup>
	<suggested_pickup_period>60</suggested_pickup_period>
	<location>Kelp Reefs, BC</location>
	<station_id>CWZO</station_id>
	<latitude>48.5474</latitude>
	<longitude>-123.237</longitude>
	<observation_time>Last Updated on Feb 22 2018, 2:00 pm PST</observation_time>
        <observation_time_rfc822>Thu, 22 Feb 2018 14:00:00 -0800</observation_time_rfc822>
	<wind_string>North at 4.6 MPH (4 KT)</wind_string>
	<wind_dir>North</wind_dir>
	<wind_degrees>0</wind_degrees>
	<wind_mph>4.6</wind_mph>
	<wind_kt>4</wind_kt>
	<windchill_string>33 F (1 C)</windchill_string>
      	<windchill_f>33</windchill_f>
      	<windchill_c>1</windchill_c>
	<two_day_history_url>http://www.weather.gov/data/obhistory/CWZO.html</two_day_history_url>
	<ob_url>http://www.weather.gov/data/METAR/CWZO.1.txt</ob_url>
	<disclaimer_url>http://weather.gov/disclaimer.html</disclaimer_url>
	<copyright_url>http://weather.gov/disclaimer.html</copyright_url>
	<privacy_policy_url>http://weather.gov/notice.html</privacy_policy_url>
</current_observation>
