<?xml version="1.0" encoding="ISO-8859-1"?> 
<?xml-stylesheet href="latest_ob.xsl" type="text/xsl"?>
<current_observation version="1.0"
	 xmlns:xsd="http://www.w3.org/2001/XMLSchema"
	 xmlns:xsi="http://www.w3.org/2001/XMLSchema-instance"
	 xsi:noNamespaceSchemaLocation="http://www.weather.gov/view/current_observation.xsd">
	<credit>NOAA's National Weather Service</credit>
	<credit_URL>http://weather.gov/</credit_URL>
	<image>
		<url>http://weather.gov/images/xml_logo.gif</url>
		<title>NOAA's National Weather Service</title>
		<link>http://weather.gov</link>
	</image>
	<suggested_pickup>15 minutes after the hour</suggested_pickup>
	<suggested_pickup_period>60</suggested_pickup_period>
	<location>Grand Etang, NS</location>
	<station_id>CWZQ</station_id>
	<latitude>46.5471</latitude>
	<longitude>-61.0492</longitude>
	<observation_time>Last Updated on Feb 22 2018, 6:00 pm AST</observation_time>
        <observation_time_rfc822>Thu, 22 Feb 2018 18:00:00 -0400</observation_time_rfc822>
	<temperature_string>27.0 F (-2.7 C)</temperature_string>
	<temp_f>27.0</temp_f>
	<temp_c>-2.7</temp_c>
	<relative_humidity>94</relative_humidity>
	<wind_string>North at 12.7 MPH (11 KT)</wind_string>
	<wind_dir>North</wind_dir>
	<wind_degrees>20</wind_degrees>
	<wind_mph>12.7</wind_mph>
	<wind_kt>11</wind_kt>
	<pressure_string>1028.9 mb</pressure_string>
	<pressure_mb>1028.9</pressure_mb>
	<dewpoint_string>25.5 F (-3.6 C)</dewpoint_string>
	<dewpoint_f>25.5</dewpoint_f>
	<dewpoint_c>-3.6</dewpoint_c>
	<windchill_string>16 F (-9 C)</windchill_string>
      	<windchill_f>16</windchill_f>
      	<windchill_c>-9</windchill_c>
	<two_day_history_url>http://www.weather.gov/data/obhistory/CWZQ.html</two_day_history_url>
	<ob_url>http://www.weather.gov/data/METAR/CWZQ.1.txt</ob_url>
	<disclaimer_url>http://weather.gov/disclaimer.html</disclaimer_url>
	<copyright_url>http://weather.gov/disclaimer.html</copyright_url>
	<privacy_policy_url>http://weather.gov/notice.html</privacy_policy_url>
</current_observation>
