<?xml version="1.0" encoding="ISO-8859-1"?> 
<?xml-stylesheet href="latest_ob.xsl" type="text/xsl"?>
<current_observation version="1.0"
	 xmlns:xsd="http://www.w3.org/2001/XMLSchema"
	 xmlns:xsi="http://www.w3.org/2001/XMLSchema-instance"
	 xsi:noNamespaceSchemaLocation="http://www.weather.gov/view/current_observation.xsd">
	<credit>NOAA's National Weather Service</credit>
	<credit_URL>http://weather.gov/</credit_URL>
	<image>
		<url>http://weather.gov/images/xml_logo.gif</url>
		<title>NOAA's National Weather Service</title>
		<link>http://weather.gov</link>
	</image>
	<suggested_pickup>15 minutes after the hour</suggested_pickup>
	<suggested_pickup_period>60</suggested_pickup_period>
	<location>Amqui , Que., QC</location>
	<station_id>CWZS</station_id>
	<latitude>48.4667</latitude>
	<longitude>-67.4333</longitude>
	<observation_time>Last Updated on Feb 22 2018, 5:00 pm EST</observation_time>
        <observation_time_rfc822>Thu, 22 Feb 2018 17:00:00 -0500</observation_time_rfc822>
	<temperature_string>22.0 F (-5.8 C)</temperature_string>
	<temp_f>22.0</temp_f>
	<temp_c>-5.8</temp_c>
	<relative_humidity>85</relative_humidity>
	<wind_string>North at 3.5 MPH (3 KT)</wind_string>
	<wind_dir>North</wind_dir>
	<wind_degrees>10</wind_degrees>
	<wind_mph>3.5</wind_mph>
	<wind_kt>3</wind_kt>
	<pressure_string>1029.1 mb</pressure_string>
	<pressure_mb>1029.1</pressure_mb>
	<dewpoint_string>17.6 F (-8.0 C)</dewpoint_string>
	<dewpoint_f>17.6</dewpoint_f>
	<dewpoint_c>-8.0</dewpoint_c>
	<two_day_history_url>http://www.weather.gov/data/obhistory/CWZS.html</two_day_history_url>
	<ob_url>http://www.weather.gov/data/METAR/CWZS.1.txt</ob_url>
	<disclaimer_url>http://weather.gov/disclaimer.html</disclaimer_url>
	<copyright_url>http://weather.gov/disclaimer.html</copyright_url>
	<privacy_policy_url>http://weather.gov/notice.html</privacy_policy_url>
</current_observation>
