<?xml version="1.0" encoding="ISO-8859-1"?> 
<?xml-stylesheet href="latest_ob.xsl" type="text/xsl"?>
<current_observation version="1.0"
	 xmlns:xsd="http://www.w3.org/2001/XMLSchema"
	 xmlns:xsi="http://www.w3.org/2001/XMLSchema-instance"
	 xsi:noNamespaceSchemaLocation="http://www.weather.gov/view/current_observation.xsd">
	<credit>NOAA's National Weather Service</credit>
	<credit_URL>http://weather.gov/</credit_URL>
	<image>
		<url>http://weather.gov/images/xml_logo.gif</url>
		<title>NOAA's National Weather Service</title>
		<link>http://weather.gov</link>
	</image>
	<suggested_pickup>15 minutes after the hour</suggested_pickup>
	<suggested_pickup_period>60</suggested_pickup_period>
	<location>ARCTIC BAY CS, NU</location>
	<station_id>CXAT</station_id>
	<latitude>73.006</latitude>
	<longitude>-85.0033</longitude>
	<observation_time>Last Updated on Feb 22 2018, 3:00 pm CST</observation_time>
        <observation_time_rfc822>Thu, 22 Feb 2018 15:00:00 -0600</observation_time_rfc822>
	<temperature_string>-18.0 F (-27.5 C)</temperature_string>
	<temp_f>-18.0</temp_f>
	<temp_c>-27.5</temp_c>
	<relative_humidity>73</relative_humidity>
	<wind_string>West at 6.9 MPH (6 KT)</wind_string>
	<wind_dir>West</wind_dir>
	<wind_degrees>270</wind_degrees>
	<wind_mph>6.9</wind_mph>
	<wind_kt>6</wind_kt>
	<dewpoint_string>-23.6 F (-30.9 C)</dewpoint_string>
	<dewpoint_f>-23.6</dewpoint_f>
	<dewpoint_c>-30.9</dewpoint_c>
	<windchill_string>-35 F (-37 C)</windchill_string>
      	<windchill_f>-35</windchill_f>
      	<windchill_c>-37</windchill_c>
	<two_day_history_url>http://www.weather.gov/data/obhistory/CXAT.html</two_day_history_url>
	<ob_url>http://www.weather.gov/data/METAR/CXAT.1.txt</ob_url>
	<disclaimer_url>http://weather.gov/disclaimer.html</disclaimer_url>
	<copyright_url>http://weather.gov/disclaimer.html</copyright_url>
	<privacy_policy_url>http://weather.gov/notice.html</privacy_policy_url>
</current_observation>
