<?xml version="1.0" encoding="ISO-8859-1"?> 
<?xml-stylesheet href="latest_ob.xsl" type="text/xsl"?>
<current_observation version="1.0"
	 xmlns:xsd="http://www.w3.org/2001/XMLSchema"
	 xmlns:xsi="http://www.w3.org/2001/XMLSchema-instance"
	 xsi:noNamespaceSchemaLocation="http://www.weather.gov/view/current_observation.xsd">
	<credit>NOAA's National Weather Service</credit>
	<credit_URL>http://weather.gov/</credit_URL>
	<image>
		<url>http://weather.gov/images/xml_logo.gif</url>
		<title>NOAA's National Weather Service</title>
		<link>http://weather.gov</link>
	</image>
	<suggested_pickup>15 minutes after the hour</suggested_pickup>
	<suggested_pickup_period>60</suggested_pickup_period>
	<location>Bratts Lake, Sask., SK</location>
	<station_id>CXBK</station_id>
	<latitude>50.2</latitude>
	<longitude>-104.7</longitude>
	<observation_time>Last Updated on Oct 17 2017, 11:00 am CST</observation_time>
        <observation_time_rfc822>Tue, 17 Oct 2017 11:00:00 -0600</observation_time_rfc822>
	<temperature_string>63.0 F (17.3 C)</temperature_string>
	<temp_f>63.0</temp_f>
	<temp_c>17.3</temp_c>
	<relative_humidity>26</relative_humidity>
	<wind_string>from the West at 17.3 gusting to 23.0 MPH (15 gusting to 20 KT)</wind_string>
	<wind_dir>West</wind_dir>
	<wind_degrees>250</wind_degrees>
	<wind_mph>17.3</wind_mph>
	<wind_gust_mph>23.0</wind_gust_mph>
	<wind_kt>15</wind_kt>
	<wind_gust_kt>20</wind_gust_kt>
	<pressure_string>1003.6 mb</pressure_string>
	<pressure_mb>1003.6</pressure_mb>
	<dewpoint_string>27.1 F (-2.7 C)</dewpoint_string>
	<dewpoint_f>27.1</dewpoint_f>
	<dewpoint_c>-2.7</dewpoint_c>
	<windchill_string>61 F (16 C)</windchill_string>
      	<windchill_f>61</windchill_f>
      	<windchill_c>16</windchill_c>
	<two_day_history_url>http://www.weather.gov/data/obhistory/CXBK.html</two_day_history_url>
	<ob_url>http://www.weather.gov/data/METAR/CXBK.1.txt</ob_url>
	<disclaimer_url>http://weather.gov/disclaimer.html</disclaimer_url>
	<copyright_url>http://weather.gov/disclaimer.html</copyright_url>
	<privacy_policy_url>http://weather.gov/notice.html</privacy_policy_url>
</current_observation>
