<?xml version="1.0" encoding="ISO-8859-1"?> 
<?xml-stylesheet href="latest_ob.xsl" type="text/xsl"?>
<current_observation version="1.0"
	 xmlns:xsd="http://www.w3.org/2001/XMLSchema"
	 xmlns:xsi="http://www.w3.org/2001/XMLSchema-instance"
	 xsi:noNamespaceSchemaLocation="http://www.weather.gov/view/current_observation.xsd">
	<credit>NOAA's National Weather Service</credit>
	<credit_URL>http://weather.gov/</credit_URL>
	<image>
		<url>http://weather.gov/images/xml_logo.gif</url>
		<title>NOAA's National Weather Service</title>
		<link>http://weather.gov</link>
	</image>
	<suggested_pickup>15 minutes after the hour</suggested_pickup>
	<suggested_pickup_period>60</suggested_pickup_period>
	<location>BROCKET AGDM, AB</location>
	<station_id>CXBR</station_id>
	<latitude>49.62</latitude>
	<longitude>-113.82</longitude>
	<observation_time>Last Updated on Feb 22 2018, 2:00 pm MST</observation_time>
        <observation_time_rfc822>Thu, 22 Feb 2018 14:00:00 -0700</observation_time_rfc822>
	<temperature_string>16.0 F (-8.9 C)</temperature_string>
	<temp_f>16.0</temp_f>
	<temp_c>-8.9</temp_c>
	<relative_humidity>76</relative_humidity>
	<wind_string>Southwest at 8.1 MPH (7 KT)</wind_string>
	<wind_dir>Southwest</wind_dir>
	<wind_degrees>230</wind_degrees>
	<wind_mph>8.1</wind_mph>
	<wind_kt>7</wind_kt>
	<dewpoint_string>9.7 F (-12.4 C)</dewpoint_string>
	<dewpoint_f>9.7</dewpoint_f>
	<dewpoint_c>-12.4</dewpoint_c>
	<windchill_string>5 F (-15 C)</windchill_string>
      	<windchill_f>5</windchill_f>
      	<windchill_c>-15</windchill_c>
	<two_day_history_url>http://www.weather.gov/data/obhistory/CXBR.html</two_day_history_url>
	<ob_url>http://www.weather.gov/data/METAR/CXBR.1.txt</ob_url>
	<disclaimer_url>http://weather.gov/disclaimer.html</disclaimer_url>
	<copyright_url>http://weather.gov/disclaimer.html</copyright_url>
	<privacy_policy_url>http://weather.gov/notice.html</privacy_policy_url>
</current_observation>
