<?xml version="1.0" encoding="ISO-8859-1"?> 
<?xml-stylesheet href="latest_ob.xsl" type="text/xsl"?>
<current_observation version="1.0"
	 xmlns:xsd="http://www.w3.org/2001/XMLSchema"
	 xmlns:xsi="http://www.w3.org/2001/XMLSchema-instance"
	 xsi:noNamespaceSchemaLocation="http://www.weather.gov/view/current_observation.xsd">
	<credit>NOAA's National Weather Service</credit>
	<credit_URL>http://weather.gov/</credit_URL>
	<image>
		<url>http://weather.gov/images/xml_logo.gif</url>
		<title>NOAA's National Weather Service</title>
		<link>http://weather.gov</link>
	</image>
	<suggested_pickup>15 minutes after the hour</suggested_pickup>
	<suggested_pickup_period>60</suggested_pickup_period>
	<location>BARNWELL AGDM, AB</location>
	<station_id>CXBW</station_id>
	<latitude>49.8</latitude>
	<longitude>-112.3</longitude>
	<observation_time>Last Updated on Feb 22 2018, 1:00 pm MST</observation_time>
        <observation_time_rfc822>Thu, 22 Feb 2018 13:00:00 -0700</observation_time_rfc822>
	<temperature_string>15.0 F (-9.4 C)</temperature_string>
	<temp_f>15.0</temp_f>
	<temp_c>-9.4</temp_c>
	<relative_humidity>69</relative_humidity>
	<wind_string>Southwest at 9.2 MPH (8 KT)</wind_string>
	<wind_dir>Southwest</wind_dir>
	<wind_degrees>240</wind_degrees>
	<wind_mph>9.2</wind_mph>
	<wind_kt>8</wind_kt>
	<dewpoint_string>6.6 F (-14.1 C)</dewpoint_string>
	<dewpoint_f>6.6</dewpoint_f>
	<dewpoint_c>-14.1</dewpoint_c>
	<windchill_string>3 F (-16 C)</windchill_string>
      	<windchill_f>3</windchill_f>
      	<windchill_c>-16</windchill_c>
	<two_day_history_url>http://www.weather.gov/data/obhistory/CXBW.html</two_day_history_url>
	<ob_url>http://www.weather.gov/data/METAR/CXBW.1.txt</ob_url>
	<disclaimer_url>http://weather.gov/disclaimer.html</disclaimer_url>
	<copyright_url>http://weather.gov/disclaimer.html</copyright_url>
	<privacy_policy_url>http://weather.gov/notice.html</privacy_policy_url>
</current_observation>
