<?xml version="1.0" encoding="ISO-8859-1"?> 
<?xml-stylesheet href="latest_ob.xsl" type="text/xsl"?>
<current_observation version="1.0"
	 xmlns:xsd="http://www.w3.org/2001/XMLSchema"
	 xmlns:xsi="http://www.w3.org/2001/XMLSchema-instance"
	 xsi:noNamespaceSchemaLocation="http://www.weather.gov/view/current_observation.xsd">
	<credit>NOAA's National Weather Service</credit>
	<credit_URL>http://weather.gov/</credit_URL>
	<image>
		<url>http://weather.gov/images/xml_logo.gif</url>
		<title>NOAA's National Weather Service</title>
		<link>http://weather.gov</link>
	</image>
	<suggested_pickup>15 minutes after the hour</suggested_pickup>
	<suggested_pickup_period>60</suggested_pickup_period>
	<location>CAMERON FALLS (AUT), ON</location>
	<station_id>CXCA</station_id>
	<latitude>49.15</latitude>
	<longitude>-88.35</longitude>
	<observation_time>Last Updated on Feb 22 2018, 4:00 pm EST</observation_time>
        <observation_time_rfc822>Thu, 22 Feb 2018 16:00:00 -0500</observation_time_rfc822>
	<temperature_string>26.0 F (-3.6 C)</temperature_string>
	<temp_f>26.0</temp_f>
	<temp_c>-3.6</temp_c>
	<relative_humidity>47</relative_humidity>
	<wind_string>South at 11.5 MPH (10 KT)</wind_string>
	<wind_dir>South</wind_dir>
	<wind_degrees>180</wind_degrees>
	<wind_mph>11.5</wind_mph>
	<wind_kt>10</wind_kt>
	<pressure_string>1035.4 mb</pressure_string>
	<pressure_mb>1035.4</pressure_mb>
	<dewpoint_string>7.9 F (-13.4 C)</dewpoint_string>
	<dewpoint_f>7.9</dewpoint_f>
	<dewpoint_c>-13.4</dewpoint_c>
	<windchill_string>15 F (-9 C)</windchill_string>
      	<windchill_f>15</windchill_f>
      	<windchill_c>-9</windchill_c>
	<two_day_history_url>http://www.weather.gov/data/obhistory/CXCA.html</two_day_history_url>
	<ob_url>http://www.weather.gov/data/METAR/CXCA.1.txt</ob_url>
	<disclaimer_url>http://weather.gov/disclaimer.html</disclaimer_url>
	<copyright_url>http://weather.gov/disclaimer.html</copyright_url>
	<privacy_policy_url>http://weather.gov/notice.html</privacy_policy_url>
</current_observation>
