<?xml version="1.0" encoding="ISO-8859-1"?> 
<?xml-stylesheet href="latest_ob.xsl" type="text/xsl"?>
<current_observation version="1.0"
	 xmlns:xsd="http://www.w3.org/2001/XMLSchema"
	 xmlns:xsi="http://www.w3.org/2001/XMLSchema-instance"
	 xsi:noNamespaceSchemaLocation="http://www.weather.gov/view/current_observation.xsd">
	<credit>NOAA's National Weather Service</credit>
	<credit_URL>http://weather.gov/</credit_URL>
	<image>
		<url>http://weather.gov/images/xml_logo.gif</url>
		<title>NOAA's National Weather Service</title>
		<link>http://weather.gov</link>
	</image>
	<suggested_pickup>15 minutes after the hour</suggested_pickup>
	<suggested_pickup_period>60</suggested_pickup_period>
	<location>Cheticamp, NS</location>
	<station_id>CXCH</station_id>
	<latitude>46.6447</latitude>
	<longitude>-60.9473</longitude>
	<observation_time>Last Updated on Feb 22 2018, 6:00 pm AST</observation_time>
        <observation_time_rfc822>Thu, 22 Feb 2018 18:00:00 -0400</observation_time_rfc822>
	<temperature_string>52.0 F (11.3 C)</temperature_string>
	<temp_f>52.0</temp_f>
	<temp_c>11.3</temp_c>
	<relative_humidity>81</relative_humidity>
	<dewpoint_string>46.8 F (8.2 C)</dewpoint_string>
	<dewpoint_f>46.8</dewpoint_f>
	<dewpoint_c>8.2</dewpoint_c>
	<two_day_history_url>http://www.weather.gov/data/obhistory/CXCH.html</two_day_history_url>
	<ob_url>http://www.weather.gov/data/METAR/CXCH.1.txt</ob_url>
	<disclaimer_url>http://weather.gov/disclaimer.html</disclaimer_url>
	<copyright_url>http://weather.gov/disclaimer.html</copyright_url>
	<privacy_policy_url>http://weather.gov/notice.html</privacy_policy_url>
</current_observation>
