<?xml version="1.0" encoding="ISO-8859-1"?> 
<?xml-stylesheet href="latest_ob.xsl" type="text/xsl"?>
<current_observation version="1.0"
	 xmlns:xsd="http://www.w3.org/2001/XMLSchema"
	 xmlns:xsi="http://www.w3.org/2001/XMLSchema-instance"
	 xsi:noNamespaceSchemaLocation="http://www.weather.gov/view/current_observation.xsd">
	<credit>NOAA's National Weather Service</credit>
	<credit_URL>http://weather.gov/</credit_URL>
	<image>
		<url>http://weather.gov/images/xml_logo.gif</url>
		<title>NOAA's National Weather Service</title>
		<link>http://weather.gov</link>
	</image>
	<suggested_pickup>15 minutes after the hour</suggested_pickup>
	<suggested_pickup_period>60</suggested_pickup_period>
	<location>Carmacks CS, Y. T., YT</location>
	<station_id>CXCK</station_id>
	<latitude>62.1167</latitude>
	<longitude>-136.183</longitude>
	<observation_time>Last Updated on Feb 22 2018, 2:00 pm PST</observation_time>
        <observation_time_rfc822>Thu, 22 Feb 2018 14:00:00 -0800</observation_time_rfc822>
	<temperature_string>13.0 F (-10.3 C)</temperature_string>
	<temp_f>13.0</temp_f>
	<temp_c>-10.3</temp_c>
	<relative_humidity>54</relative_humidity>
	<wind_string>West at 1.2 MPH (1 KT)</wind_string>
	<wind_dir>West</wind_dir>
	<wind_degrees>260</wind_degrees>
	<wind_mph>1.2</wind_mph>
	<wind_kt>1</wind_kt>
	<pressure_string>1032.3 mb</pressure_string>
	<pressure_mb>1032.3</pressure_mb>
	<dewpoint_string>-0.2 F (-17.9 C)</dewpoint_string>
	<dewpoint_f>-0.2</dewpoint_f>
	<dewpoint_c>-17.9</dewpoint_c>
	<two_day_history_url>http://www.weather.gov/data/obhistory/CXCK.html</two_day_history_url>
	<ob_url>http://www.weather.gov/data/METAR/CXCK.1.txt</ob_url>
	<disclaimer_url>http://weather.gov/disclaimer.html</disclaimer_url>
	<copyright_url>http://weather.gov/disclaimer.html</copyright_url>
	<privacy_policy_url>http://weather.gov/notice.html</privacy_policy_url>
</current_observation>
