<?xml version="1.0" encoding="ISO-8859-1"?> 
<?xml-stylesheet href="latest_ob.xsl" type="text/xsl"?>
<current_observation version="1.0"
	 xmlns:xsd="http://www.w3.org/2001/XMLSchema"
	 xmlns:xsi="http://www.w3.org/2001/XMLSchema-instance"
	 xsi:noNamespaceSchemaLocation="http://www.weather.gov/view/current_observation.xsd">
	<credit>NOAA's National Weather Service</credit>
	<credit_URL>http://weather.gov/</credit_URL>
	<image>
		<url>http://weather.gov/images/xml_logo.gif</url>
		<title>NOAA's National Weather Service</title>
		<link>http://weather.gov</link>
	</image>
	<suggested_pickup>15 minutes after the hour</suggested_pickup>
	<suggested_pickup_period>60</suggested_pickup_period>
	<location>Deline , N. W. T., NT</location>
	<station_id>CXDE</station_id>
	<latitude>65.21667</latitude>
	<longitude>-123.43333</longitude>
	<observation_time>Last Updated on Oct 17 2017, 11:00 am MDT</observation_time>
        <observation_time_rfc822>Tue, 17 Oct 2017 11:00:00 -0600</observation_time_rfc822>
	<temperature_string>19.0 F (-7.5 C)</temperature_string>
	<temp_f>19.0</temp_f>
	<temp_c>-7.5</temp_c>
	<relative_humidity>84</relative_humidity>
	<wind_string>West at 1.2 MPH (1 KT)</wind_string>
	<wind_dir>West</wind_dir>
	<wind_degrees>280</wind_degrees>
	<wind_mph>1.2</wind_mph>
	<wind_kt>1</wind_kt>
	<pressure_string>1001.4 mb</pressure_string>
	<pressure_mb>1001.4</pressure_mb>
	<dewpoint_string>14.4 F (-9.8 C)</dewpoint_string>
	<dewpoint_f>14.4</dewpoint_f>
	<dewpoint_c>-9.8</dewpoint_c>
	<two_day_history_url>http://www.weather.gov/data/obhistory/CXDE.html</two_day_history_url>
	<ob_url>http://www.weather.gov/data/METAR/CXDE.1.txt</ob_url>
	<disclaimer_url>http://weather.gov/disclaimer.html</disclaimer_url>
	<copyright_url>http://weather.gov/disclaimer.html</copyright_url>
	<privacy_policy_url>http://weather.gov/notice.html</privacy_policy_url>
</current_observation>
