<?xml version="1.0" encoding="ISO-8859-1"?> 
<?xml-stylesheet href="latest_ob.xsl" type="text/xsl"?>
<current_observation version="1.0"
	 xmlns:xsd="http://www.w3.org/2001/XMLSchema"
	 xmlns:xsi="http://www.w3.org/2001/XMLSchema-instance"
	 xsi:noNamespaceSchemaLocation="http://www.weather.gov/view/current_observation.xsd">
	<credit>NOAA's National Weather Service</credit>
	<credit_URL>http://weather.gov/</credit_URL>
	<image>
		<url>http://weather.gov/images/xml_logo.gif</url>
		<title>NOAA's National Weather Service</title>
		<link>http://weather.gov</link>
	</image>
	<suggested_pickup>15 minutes after the hour</suggested_pickup>
	<suggested_pickup_period>60</suggested_pickup_period>
	<location>Deline , N. W. T., NT</location>
	<station_id>CXDE</station_id>
	<latitude>65.2167</latitude>
	<longitude>-123.433</longitude>
	<observation_time>Last Updated on Feb 22 2018, 3:00 pm MST</observation_time>
        <observation_time_rfc822>Thu, 22 Feb 2018 15:00:00 -0700</observation_time_rfc822>
	<temperature_string>19.0 F (-7.4 C)</temperature_string>
	<temp_f>19.0</temp_f>
	<temp_c>-7.4</temp_c>
	<relative_humidity>83</relative_humidity>
	<wind_string>from the North at 10.4 gusting to 17.3 MPH (9 gusting to 15 KT)</wind_string>
	<wind_dir>North</wind_dir>
	<wind_degrees>340</wind_degrees>
	<wind_mph>10.4</wind_mph>
	<wind_gust_mph>17.3</wind_gust_mph>
	<wind_kt>9</wind_kt>
	<wind_gust_kt>15</wind_gust_kt>
	<pressure_string>1016.1 mb</pressure_string>
	<pressure_mb>1016.1</pressure_mb>
	<dewpoint_string>14.4 F (-9.8 C)</dewpoint_string>
	<dewpoint_f>14.4</dewpoint_f>
	<dewpoint_c>-9.8</dewpoint_c>
	<windchill_string>7 F (-14 C)</windchill_string>
      	<windchill_f>7</windchill_f>
      	<windchill_c>-14</windchill_c>
	<two_day_history_url>http://www.weather.gov/data/obhistory/CXDE.html</two_day_history_url>
	<ob_url>http://www.weather.gov/data/METAR/CXDE.1.txt</ob_url>
	<disclaimer_url>http://weather.gov/disclaimer.html</disclaimer_url>
	<copyright_url>http://weather.gov/disclaimer.html</copyright_url>
	<privacy_policy_url>http://weather.gov/notice.html</privacy_policy_url>
</current_observation>
