<?xml version="1.0" encoding="ISO-8859-1"?> 
<?xml-stylesheet href="latest_ob.xsl" type="text/xsl"?>
<current_observation version="1.0"
	 xmlns:xsd="http://www.w3.org/2001/XMLSchema"
	 xmlns:xsi="http://www.w3.org/2001/XMLSchema-instance"
	 xsi:noNamespaceSchemaLocation="http://www.weather.gov/view/current_observation.xsd">
	<credit>NOAA's National Weather Service</credit>
	<credit_URL>http://weather.gov/</credit_URL>
	<image>
		<url>http://weather.gov/images/xml_logo.gif</url>
		<title>NOAA's National Weather Service</title>
		<link>http://weather.gov</link>
	</image>
	<suggested_pickup>15 minutes after the hour</suggested_pickup>
	<suggested_pickup_period>60</suggested_pickup_period>
	<location>Delhi CS, Ont., ON</location>
	<station_id>CXDI</station_id>
	<latitude>42.86667</latitude>
	<longitude>-80.55</longitude>
	<observation_time>Last Updated on Oct 17 2017, 1:00 pm EDT</observation_time>
        <observation_time_rfc822>Tue, 17 Oct 2017 13:00:00 -0400</observation_time_rfc822>
	<temperature_string>62.0 F (16.5 C)</temperature_string>
	<temp_f>62.0</temp_f>
	<temp_c>16.5</temp_c>
	<relative_humidity>48</relative_humidity>
	<wind_string>from the Southwest at 11.5 gusting to 21.9 MPH (10 gusting to 19 KT)</wind_string>
	<wind_dir>Southwest</wind_dir>
	<wind_degrees>210</wind_degrees>
	<wind_mph>11.5</wind_mph>
	<wind_gust_mph>21.9</wind_gust_mph>
	<wind_kt>10</wind_kt>
	<wind_gust_kt>19</wind_gust_kt>
	<pressure_string>1021.7 mb</pressure_string>
	<pressure_mb>1021.7</pressure_mb>
	<dewpoint_string>41.7 F (5.4 C)</dewpoint_string>
	<dewpoint_f>41.7</dewpoint_f>
	<dewpoint_c>5.4</dewpoint_c>
	<windchill_string>61 F (16 C)</windchill_string>
      	<windchill_f>61</windchill_f>
      	<windchill_c>16</windchill_c>
	<two_day_history_url>http://www.weather.gov/data/obhistory/CXDI.html</two_day_history_url>
	<ob_url>http://www.weather.gov/data/METAR/CXDI.1.txt</ob_url>
	<disclaimer_url>http://weather.gov/disclaimer.html</disclaimer_url>
	<copyright_url>http://weather.gov/disclaimer.html</copyright_url>
	<privacy_policy_url>http://weather.gov/notice.html</privacy_policy_url>
</current_observation>
