<?xml version="1.0" encoding="ISO-8859-1"?> 
<?xml-stylesheet href="latest_ob.xsl" type="text/xsl"?>
<current_observation version="1.0"
	 xmlns:xsd="http://www.w3.org/2001/XMLSchema"
	 xmlns:xsi="http://www.w3.org/2001/XMLSchema-instance"
	 xsi:noNamespaceSchemaLocation="http://www.weather.gov/view/current_observation.xsd">
	<credit>NOAA's National Weather Service</credit>
	<credit_URL>http://weather.gov/</credit_URL>
	<image>
		<url>http://weather.gov/images/xml_logo.gif</url>
		<title>NOAA's National Weather Service</title>
		<link>http://weather.gov</link>
	</image>
	<suggested_pickup>15 minutes after the hour</suggested_pickup>
	<suggested_pickup_period>60</suggested_pickup_period>
	<location>DEADMEN VALLEY, NT</location>
	<station_id>CXDK</station_id>
	<latitude>61.25</latitude>
	<longitude>-124.47</longitude>
	<observation_time>Last Updated on Feb 22 2018, 2:00 pm MST</observation_time>
        <observation_time_rfc822>Thu, 22 Feb 2018 14:00:00 -0700</observation_time_rfc822>
	<temperature_string>24.0 F (-4.6 C)</temperature_string>
	<temp_f>24.0</temp_f>
	<temp_c>-4.6</temp_c>
	<relative_humidity>40</relative_humidity>
	<dewpoint_string>2.5 F (-16.4 C)</dewpoint_string>
	<dewpoint_f>2.5</dewpoint_f>
	<dewpoint_c>-16.4</dewpoint_c>
	<two_day_history_url>http://www.weather.gov/data/obhistory/CXDK.html</two_day_history_url>
	<ob_url>http://www.weather.gov/data/METAR/CXDK.1.txt</ob_url>
	<disclaimer_url>http://weather.gov/disclaimer.html</disclaimer_url>
	<copyright_url>http://weather.gov/disclaimer.html</copyright_url>
	<privacy_policy_url>http://weather.gov/notice.html</privacy_policy_url>
</current_observation>
