<?xml version="1.0" encoding="ISO-8859-1"?> 
<?xml-stylesheet href="latest_ob.xsl" type="text/xsl"?>
<current_observation version="1.0"
	 xmlns:xsd="http://www.w3.org/2001/XMLSchema"
	 xmlns:xsi="http://www.w3.org/2001/XMLSchema-instance"
	 xsi:noNamespaceSchemaLocation="http://www.weather.gov/view/current_observation.xsd">
	<credit>NOAA's National Weather Service</credit>
	<credit_URL>http://weather.gov/</credit_URL>
	<image>
		<url>http://weather.gov/images/xml_logo.gif</url>
		<title>NOAA's National Weather Service</title>
		<link>http://weather.gov</link>
	</image>
	<suggested_pickup>15 minutes after the hour</suggested_pickup>
	<suggested_pickup_period>60</suggested_pickup_period>
	<location>Edmonton International CS , Alta., AB</location>
	<station_id>CXEG</station_id>
	<latitude>53.3</latitude>
	<longitude>-113.6</longitude>
	<observation_time>Last Updated on Feb 22 2018, 4:00 pm MST</observation_time>
        <observation_time_rfc822>Thu, 22 Feb 2018 16:00:00 -0700</observation_time_rfc822>
	<temperature_string>16.0 F (-8.8 C)</temperature_string>
	<temp_f>16.0</temp_f>
	<temp_c>-8.8</temp_c>
	<relative_humidity>65</relative_humidity>
	<dewpoint_string>6.3 F (-14.3 C)</dewpoint_string>
	<dewpoint_f>6.3</dewpoint_f>
	<dewpoint_c>-14.3</dewpoint_c>
	<two_day_history_url>http://www.weather.gov/data/obhistory/CXEG.html</two_day_history_url>
	<ob_url>http://www.weather.gov/data/METAR/CXEG.1.txt</ob_url>
	<disclaimer_url>http://weather.gov/disclaimer.html</disclaimer_url>
	<copyright_url>http://weather.gov/disclaimer.html</copyright_url>
	<privacy_policy_url>http://weather.gov/notice.html</privacy_policy_url>
</current_observation>
