<?xml version="1.0" encoding="ISO-8859-1"?> 
<?xml-stylesheet href="latest_ob.xsl" type="text/xsl"?>
<current_observation version="1.0"
	 xmlns:xsd="http://www.w3.org/2001/XMLSchema"
	 xmlns:xsi="http://www.w3.org/2001/XMLSchema-instance"
	 xsi:noNamespaceSchemaLocation="http://www.weather.gov/view/current_observation.xsd">
	<credit>NOAA's National Weather Service</credit>
	<credit_URL>http://weather.gov/</credit_URL>
	<image>
		<url>http://weather.gov/images/xml_logo.gif</url>
		<title>NOAA's National Weather Service</title>
		<link>http://weather.gov</link>
	</image>
	<suggested_pickup>15 minutes after the hour</suggested_pickup>
	<suggested_pickup_period>60</suggested_pickup_period>
	<location>HIGH PRAIRIE AGDM, AB</location>
	<station_id>CXHP</station_id>
	<latitude>55.4</latitude>
	<longitude>-116.48</longitude>
	<observation_time>Last Updated on Sep 7 2017, 7:00 am MDT</observation_time>
        <observation_time_rfc822>Thu, 07 Sep 2017 07:00:00 -0600</observation_time_rfc822>
	<temperature_string>43.0 F (6.2 C)</temperature_string>
	<temp_f>43.0</temp_f>
	<temp_c>6.2</temp_c>
	<relative_humidity>98</relative_humidity>
	<wind_string>East at 3.5 MPH (3 KT)</wind_string>
	<wind_dir>East</wind_dir>
	<wind_degrees>90</wind_degrees>
	<wind_mph>3.5</wind_mph>
	<wind_kt>3</wind_kt>
	<dewpoint_string>42.6 F (5.9 C)</dewpoint_string>
	<dewpoint_f>42.6</dewpoint_f>
	<dewpoint_c>5.9</dewpoint_c>
	<two_day_history_url>http://www.weather.gov/data/obhistory/CXHP.html</two_day_history_url>
	<ob_url>http://www.weather.gov/data/METAR/CXHP.1.txt</ob_url>
	<disclaimer_url>http://weather.gov/disclaimer.html</disclaimer_url>
	<copyright_url>http://weather.gov/disclaimer.html</copyright_url>
	<privacy_policy_url>http://weather.gov/notice.html</privacy_policy_url>
</current_observation>
