<?xml version="1.0" encoding="ISO-8859-1"?> 
<?xml-stylesheet href="latest_ob.xsl" type="text/xsl"?>
<current_observation version="1.0"
	 xmlns:xsd="http://www.w3.org/2001/XMLSchema"
	 xmlns:xsi="http://www.w3.org/2001/XMLSchema-instance"
	 xsi:noNamespaceSchemaLocation="http://www.weather.gov/view/current_observation.xsd">
	<credit>NOAA's National Weather Service</credit>
	<credit_URL>http://weather.gov/</credit_URL>
	<image>
		<url>http://weather.gov/images/xml_logo.gif</url>
		<title>NOAA's National Weather Service</title>
		<link>http://weather.gov</link>
	</image>
	<suggested_pickup>15 minutes after the hour</suggested_pickup>
	<suggested_pickup_period>60</suggested_pickup_period>
	<location>KAPUSKASING CDA ON, ON</location>
	<station_id>CXKA</station_id>
	<latitude>49.4</latitude>
	<longitude>-82.45</longitude>
	<observation_time>Last Updated on Feb 22 2018, 5:00 pm EST</observation_time>
        <observation_time_rfc822>Thu, 22 Feb 2018 17:00:00 -0500</observation_time_rfc822>
	<temperature_string>6.0 F (-14.6 C)</temperature_string>
	<temp_f>6.0</temp_f>
	<temp_c>-14.6</temp_c>
	<relative_humidity>93</relative_humidity>
	<wind_string>East at 2.3 MPH (2 KT)</wind_string>
	<wind_dir>East</wind_dir>
	<wind_degrees>100</wind_degrees>
	<wind_mph>2.3</wind_mph>
	<wind_kt>2</wind_kt>
	<pressure_string>1014.3 mb</pressure_string>
	<pressure_mb>1014.3</pressure_mb>
	<dewpoint_string>4.1 F (-15.5 C)</dewpoint_string>
	<dewpoint_f>4.1</dewpoint_f>
	<dewpoint_c>-15.5</dewpoint_c>
	<two_day_history_url>http://www.weather.gov/data/obhistory/CXKA.html</two_day_history_url>
	<ob_url>http://www.weather.gov/data/METAR/CXKA.1.txt</ob_url>
	<disclaimer_url>http://weather.gov/disclaimer.html</disclaimer_url>
	<copyright_url>http://weather.gov/disclaimer.html</copyright_url>
	<privacy_policy_url>http://weather.gov/notice.html</privacy_policy_url>
</current_observation>
