<?xml version="1.0" encoding="ISO-8859-1"?> 
<?xml-stylesheet href="latest_ob.xsl" type="text/xsl"?>
<current_observation version="1.0"
	 xmlns:xsd="http://www.w3.org/2001/XMLSchema"
	 xmlns:xsi="http://www.w3.org/2001/XMLSchema-instance"
	 xsi:noNamespaceSchemaLocation="http://www.weather.gov/view/current_observation.xsd">
	<credit>NOAA's National Weather Service</credit>
	<credit_URL>http://weather.gov/</credit_URL>
	<image>
		<url>http://weather.gov/images/xml_logo.gif</url>
		<title>NOAA's National Weather Service</title>
		<link>http://weather.gov</link>
	</image>
	<suggested_pickup>15 minutes after the hour</suggested_pickup>
	<suggested_pickup_period>60</suggested_pickup_period>
	<location>Lunenburg, NS</location>
	<station_id>CXLB</station_id>
	<latitude>44.3667</latitude>
	<longitude>-64.3</longitude>
	<observation_time>Last Updated on Jan 17 2018, 5:00 am AST</observation_time>
        <observation_time_rfc822>Wed, 17 Jan 2018 05:00:00 -0400</observation_time_rfc822>
	<temperature_string>23.0 F (-4.8 C)</temperature_string>
	<temp_f>23.0</temp_f>
	<temp_c>-4.8</temp_c>
	<relative_humidity>96</relative_humidity>
	<wind_string>Northwest at 1.2 MPH (1 KT)</wind_string>
	<wind_dir>Northwest</wind_dir>
	<wind_degrees>330</wind_degrees>
	<wind_mph>1.2</wind_mph>
	<wind_kt>1</wind_kt>
	<pressure_string>1031.0 mb</pressure_string>
	<pressure_mb>1031.0</pressure_mb>
	<dewpoint_string>22.3 F (-5.4 C)</dewpoint_string>
	<dewpoint_f>22.3</dewpoint_f>
	<dewpoint_c>-5.4</dewpoint_c>
	<two_day_history_url>http://www.weather.gov/data/obhistory/CXLB.html</two_day_history_url>
	<ob_url>http://www.weather.gov/data/METAR/CXLB.1.txt</ob_url>
	<disclaimer_url>http://weather.gov/disclaimer.html</disclaimer_url>
	<copyright_url>http://weather.gov/disclaimer.html</copyright_url>
	<privacy_policy_url>http://weather.gov/notice.html</privacy_policy_url>
</current_observation>
