<?xml version="1.0" encoding="ISO-8859-1"?> 
<?xml-stylesheet href="latest_ob.xsl" type="text/xsl"?>
<current_observation version="1.0"
	 xmlns:xsd="http://www.w3.org/2001/XMLSchema"
	 xmlns:xsi="http://www.w3.org/2001/XMLSchema-instance"
	 xsi:noNamespaceSchemaLocation="http://www.weather.gov/view/current_observation.xsd">
	<credit>NOAA's National Weather Service</credit>
	<credit_URL>http://weather.gov/</credit_URL>
	<image>
		<url>http://weather.gov/images/xml_logo.gif</url>
		<title>NOAA's National Weather Service</title>
		<link>http://weather.gov</link>
	</image>
	<suggested_pickup>15 minutes after the hour</suggested_pickup>
	<suggested_pickup_period>60</suggested_pickup_period>
	<location>Lindberg Landing , N. W. T., NT</location>
	<station_id>CXLL</station_id>
	<latitude>61.11667</latitude>
	<longitude>-122.85</longitude>
	<observation_time>Last Updated on Oct 17 2017, 11:00 am MDT</observation_time>
        <observation_time_rfc822>Tue, 17 Oct 2017 11:00:00 -0600</observation_time_rfc822>
	<temperature_string>26.0 F (-3.1 C)</temperature_string>
	<temp_f>26.0</temp_f>
	<temp_c>-3.1</temp_c>
	<relative_humidity>92</relative_humidity>
	<wind_string>North at 1.2 MPH (1 KT)</wind_string>
	<wind_dir>North</wind_dir>
	<wind_degrees>350</wind_degrees>
	<wind_mph>1.2</wind_mph>
	<wind_kt>1</wind_kt>
	<pressure_string>999.2 mb</pressure_string>
	<pressure_mb>999.2</pressure_mb>
	<dewpoint_string>24.3 F (-4.3 C)</dewpoint_string>
	<dewpoint_f>24.3</dewpoint_f>
	<dewpoint_c>-4.3</dewpoint_c>
	<two_day_history_url>http://www.weather.gov/data/obhistory/CXLL.html</two_day_history_url>
	<ob_url>http://www.weather.gov/data/METAR/CXLL.1.txt</ob_url>
	<disclaimer_url>http://weather.gov/disclaimer.html</disclaimer_url>
	<copyright_url>http://weather.gov/disclaimer.html</copyright_url>
	<privacy_policy_url>http://weather.gov/notice.html</privacy_policy_url>
</current_observation>
