<?xml version="1.0" encoding="ISO-8859-1"?> 
<?xml-stylesheet href="latest_ob.xsl" type="text/xsl"?>
<current_observation version="1.0"
	 xmlns:xsd="http://www.w3.org/2001/XMLSchema"
	 xmlns:xsi="http://www.w3.org/2001/XMLSchema-instance"
	 xsi:noNamespaceSchemaLocation="http://www.weather.gov/view/current_observation.xsd">
	<credit>NOAA's National Weather Service</credit>
	<credit_URL>http://weather.gov/</credit_URL>
	<image>
		<url>http://weather.gov/images/xml_logo.gif</url>
		<title>NOAA's National Weather Service</title>
		<link>http://weather.gov</link>
	</image>
	<suggested_pickup>15 minutes after the hour</suggested_pickup>
	<suggested_pickup_period>60</suggested_pickup_period>
	<location>Lindberg Landing , N. W. T., NT</location>
	<station_id>CXLL</station_id>
	<latitude>61.1167</latitude>
	<longitude>-122.85</longitude>
	<observation_time>Last Updated on Feb 22 2018, 2:00 pm MST</observation_time>
        <observation_time_rfc822>Thu, 22 Feb 2018 14:00:00 -0700</observation_time_rfc822>
	<temperature_string>28.0 F (-2.5 C)</temperature_string>
	<temp_f>28.0</temp_f>
	<temp_c>-2.5</temp_c>
	<relative_humidity>38</relative_humidity>
	<wind_string>Southwest at 5.8 MPH (5 KT)</wind_string>
	<wind_dir>Southwest</wind_dir>
	<wind_degrees>220</wind_degrees>
	<wind_mph>5.8</wind_mph>
	<wind_kt>5</wind_kt>
	<dewpoint_string>5.2 F (-14.9 C)</dewpoint_string>
	<dewpoint_f>5.2</dewpoint_f>
	<dewpoint_c>-14.9</dewpoint_c>
	<windchill_string>22 F (-6 C)</windchill_string>
      	<windchill_f>22</windchill_f>
      	<windchill_c>-6</windchill_c>
	<two_day_history_url>http://www.weather.gov/data/obhistory/CXLL.html</two_day_history_url>
	<ob_url>http://www.weather.gov/data/METAR/CXLL.1.txt</ob_url>
	<disclaimer_url>http://weather.gov/disclaimer.html</disclaimer_url>
	<copyright_url>http://weather.gov/disclaimer.html</copyright_url>
	<privacy_policy_url>http://weather.gov/notice.html</privacy_policy_url>
</current_observation>
