<?xml version="1.0" encoding="ISO-8859-1"?> 
<?xml-stylesheet href="latest_ob.xsl" type="text/xsl"?>
<current_observation version="1.0"
	 xmlns:xsd="http://www.w3.org/2001/XMLSchema"
	 xmlns:xsi="http://www.w3.org/2001/XMLSchema-instance"
	 xsi:noNamespaceSchemaLocation="http://www.weather.gov/view/current_observation.xsd">
	<credit>NOAA's National Weather Service</credit>
	<credit_URL>http://weather.gov/</credit_URL>
	<image>
		<url>http://weather.gov/images/xml_logo.gif</url>
		<title>NOAA's National Weather Service</title>
		<link>http://weather.gov</link>
	</image>
	<suggested_pickup>15 minutes after the hour</suggested_pickup>
	<suggested_pickup_period>60</suggested_pickup_period>
	<location>McNabs Island , N. S., NS</location>
	<station_id>CXMI</station_id>
	<latitude>44.6</latitude>
	<longitude>-63.53333</longitude>
	<observation_time>Last Updated on Oct 17 2017, 1:00 pm EDT</observation_time>
        <observation_time_rfc822>Tue, 17 Oct 2017 13:00:00 -0400</observation_time_rfc822>
	<temperature_string>51.0 F (10.7 C)</temperature_string>
	<temp_f>51.0</temp_f>
	<temp_c>10.7</temp_c>
	<relative_humidity>52</relative_humidity>
	<wind_string>from the Northwest at 8.1 gusting to 17.3 MPH (7 gusting to 15 KT)</wind_string>
	<wind_dir>Northwest</wind_dir>
	<wind_degrees>320</wind_degrees>
	<wind_mph>8.1</wind_mph>
	<wind_gust_mph>17.3</wind_gust_mph>
	<wind_kt>7</wind_kt>
	<wind_gust_kt>15</wind_gust_kt>
	<dewpoint_string>34.2 F (1.2 C)</dewpoint_string>
	<dewpoint_f>34.2</dewpoint_f>
	<dewpoint_c>1.2</dewpoint_c>
	<windchill_string>48 F (9 C)</windchill_string>
      	<windchill_f>48</windchill_f>
      	<windchill_c>9</windchill_c>
	<two_day_history_url>http://www.weather.gov/data/obhistory/CXMI.html</two_day_history_url>
	<ob_url>http://www.weather.gov/data/METAR/CXMI.1.txt</ob_url>
	<disclaimer_url>http://weather.gov/disclaimer.html</disclaimer_url>
	<copyright_url>http://weather.gov/disclaimer.html</copyright_url>
	<privacy_policy_url>http://weather.gov/notice.html</privacy_policy_url>
</current_observation>
