<?xml version="1.0" encoding="ISO-8859-1"?> 
<?xml-stylesheet href="latest_ob.xsl" type="text/xsl"?>
<current_observation version="1.0"
	 xmlns:xsd="http://www.w3.org/2001/XMLSchema"
	 xmlns:xsi="http://www.w3.org/2001/XMLSchema-instance"
	 xsi:noNamespaceSchemaLocation="http://www.weather.gov/view/current_observation.xsd">
	<credit>NOAA's National Weather Service</credit>
	<credit_URL>http://weather.gov/</credit_URL>
	<image>
		<url>http://weather.gov/images/xml_logo.gif</url>
		<title>NOAA's National Weather Service</title>
		<link>http://weather.gov</link>
	</image>
	<suggested_pickup>15 minutes after the hour</suggested_pickup>
	<suggested_pickup_period>60</suggested_pickup_period>
	<location>Nappan, NS</location>
	<station_id>CXNP</station_id>
	<latitude>45.75963</latitude>
	<longitude>-64.24144</longitude>
	<observation_time>Last Updated on Oct 17 2017, 2:00 pm ADT</observation_time>
        <observation_time_rfc822>Tue, 17 Oct 2017 14:00:00 -0300</observation_time_rfc822>
	<temperature_string>49.0 F (9.3 C)</temperature_string>
	<temp_f>49.0</temp_f>
	<temp_c>9.3</temp_c>
	<relative_humidity>37</relative_humidity>
	<wind_string>from the Northwest at 12.7 gusting to 18.4 MPH (11 gusting to 16 KT)</wind_string>
	<wind_dir>Northwest</wind_dir>
	<wind_degrees>310</wind_degrees>
	<wind_mph>12.7</wind_mph>
	<wind_gust_mph>18.4</wind_gust_mph>
	<wind_kt>11</wind_kt>
	<wind_gust_kt>16</wind_gust_kt>
	<pressure_string>1019.7 mb</pressure_string>
	<pressure_mb>1019.7</pressure_mb>
	<dewpoint_string>23.4 F (-4.8 C)</dewpoint_string>
	<dewpoint_f>23.4</dewpoint_f>
	<dewpoint_c>-4.8</dewpoint_c>
	<windchill_string>44 F (7 C)</windchill_string>
      	<windchill_f>44</windchill_f>
      	<windchill_c>7</windchill_c>
	<two_day_history_url>http://www.weather.gov/data/obhistory/CXNP.html</two_day_history_url>
	<ob_url>http://www.weather.gov/data/METAR/CXNP.1.txt</ob_url>
	<disclaimer_url>http://weather.gov/disclaimer.html</disclaimer_url>
	<copyright_url>http://weather.gov/disclaimer.html</copyright_url>
	<privacy_policy_url>http://weather.gov/notice.html</privacy_policy_url>
</current_observation>
