<?xml version="1.0" encoding="ISO-8859-1"?> 
<?xml-stylesheet href="latest_ob.xsl" type="text/xsl"?>
<current_observation version="1.0"
	 xmlns:xsd="http://www.w3.org/2001/XMLSchema"
	 xmlns:xsi="http://www.w3.org/2001/XMLSchema-instance"
	 xsi:noNamespaceSchemaLocation="http://www.weather.gov/view/current_observation.xsd">
	<credit>NOAA's National Weather Service</credit>
	<credit_URL>http://weather.gov/</credit_URL>
	<image>
		<url>http://weather.gov/images/xml_logo.gif</url>
		<title>NOAA's National Weather Service</title>
		<link>http://weather.gov</link>
	</image>
	<suggested_pickup>15 minutes after the hour</suggested_pickup>
	<suggested_pickup_period>60</suggested_pickup_period>
	<location>PEORIA AGDM, AB</location>
	<station_id>CXPA</station_id>
	<latitude>55.62</latitude>
	<longitude>-118.3</longitude>
	<observation_time>Last Updated on Feb 22 2018, 2:00 pm MST</observation_time>
        <observation_time_rfc822>Thu, 22 Feb 2018 14:00:00 -0700</observation_time_rfc822>
	<temperature_string>24.0 F (-4.5 C)</temperature_string>
	<temp_f>24.0</temp_f>
	<temp_c>-4.5</temp_c>
	<relative_humidity>59</relative_humidity>
	<wind_string>Southwest at 11.5 MPH (10 KT)</wind_string>
	<wind_dir>Southwest</wind_dir>
	<wind_degrees>220</wind_degrees>
	<wind_mph>11.5</wind_mph>
	<wind_kt>10</wind_kt>
	<dewpoint_string>11.7 F (-11.3 C)</dewpoint_string>
	<dewpoint_f>11.7</dewpoint_f>
	<dewpoint_c>-11.3</dewpoint_c>
	<windchill_string>13 F (-11 C)</windchill_string>
      	<windchill_f>13</windchill_f>
      	<windchill_c>-11</windchill_c>
	<two_day_history_url>http://www.weather.gov/data/obhistory/CXPA.html</two_day_history_url>
	<ob_url>http://www.weather.gov/data/METAR/CXPA.1.txt</ob_url>
	<disclaimer_url>http://weather.gov/disclaimer.html</disclaimer_url>
	<copyright_url>http://weather.gov/disclaimer.html</copyright_url>
	<privacy_policy_url>http://weather.gov/notice.html</privacy_policy_url>
</current_observation>
