<?xml version="1.0" encoding="ISO-8859-1"?> 
<?xml-stylesheet href="latest_ob.xsl" type="text/xsl"?>
<current_observation version="1.0"
	 xmlns:xsd="http://www.w3.org/2001/XMLSchema"
	 xmlns:xsi="http://www.w3.org/2001/XMLSchema-instance"
	 xsi:noNamespaceSchemaLocation="http://www.weather.gov/view/current_observation.xsd">
	<credit>NOAA's National Weather Service</credit>
	<credit_URL>http://weather.gov/</credit_URL>
	<image>
		<url>http://weather.gov/images/xml_logo.gif</url>
		<title>NOAA's National Weather Service</title>
		<link>http://weather.gov</link>
	</image>
	<suggested_pickup>15 minutes after the hour</suggested_pickup>
	<suggested_pickup_period>60</suggested_pickup_period>
	<location>Rocky Harbour CS, Nfld., NF</location>
	<station_id>CXRH</station_id>
	<latitude>49.5667</latitude>
	<longitude>-57.8833</longitude>
	<observation_time>Last Updated on Feb 22 2018, 10:00 pm ZST</observation_time>
        <observation_time_rfc822>Thu, 22 Feb 2018 22:00:00 +0000</observation_time_rfc822>
	<temperature_string>32.0 F (0.0 C)</temperature_string>
	<temp_f>32.0</temp_f>
	<temp_c>0.0</temp_c>
	<wind_string>Southwest at 4.6 MPH (4 KT)</wind_string>
	<wind_dir>Southwest</wind_dir>
	<wind_degrees>230</wind_degrees>
	<wind_mph>4.6</wind_mph>
	<wind_kt>4</wind_kt>
	<windchill_string>27 F (-3 C)</windchill_string>
      	<windchill_f>27</windchill_f>
      	<windchill_c>-3</windchill_c>
	<two_day_history_url>http://www.weather.gov/data/obhistory/CXRH.html</two_day_history_url>
	<ob_url>http://www.weather.gov/data/METAR/CXRH.1.txt</ob_url>
	<disclaimer_url>http://weather.gov/disclaimer.html</disclaimer_url>
	<copyright_url>http://weather.gov/disclaimer.html</copyright_url>
	<privacy_policy_url>http://weather.gov/notice.html</privacy_policy_url>
</current_observation>
