<?xml version="1.0" encoding="ISO-8859-1"?> 
<?xml-stylesheet href="latest_ob.xsl" type="text/xsl"?>
<current_observation version="1.0"
	 xmlns:xsd="http://www.w3.org/2001/XMLSchema"
	 xmlns:xsi="http://www.w3.org/2001/XMLSchema-instance"
	 xsi:noNamespaceSchemaLocation="http://www.weather.gov/view/current_observation.xsd">
	<credit>NOAA's National Weather Service</credit>
	<credit_URL>http://weather.gov/</credit_URL>
	<image>
		<url>http://weather.gov/images/xml_logo.gif</url>
		<title>NOAA's National Weather Service</title>
		<link>http://weather.gov</link>
	</image>
	<suggested_pickup>15 minutes after the hour</suggested_pickup>
	<suggested_pickup_period>60</suggested_pickup_period>
	<location>SCHULER AGDM, AB</location>
	<station_id>CXSC</station_id>
	<latitude>50.3</latitude>
	<longitude>-110.08</longitude>
	<observation_time>Last Updated on Feb 22 2018, 2:00 pm MST</observation_time>
        <observation_time_rfc822>Thu, 22 Feb 2018 14:00:00 -0700</observation_time_rfc822>
	<temperature_string>10.0 F (-12.3 C)</temperature_string>
	<temp_f>10.0</temp_f>
	<temp_c>-12.3</temp_c>
	<relative_humidity>85</relative_humidity>
	<wind_string>West at 15.0 MPH (13 KT)</wind_string>
	<wind_dir>West</wind_dir>
	<wind_degrees>250</wind_degrees>
	<wind_mph>15.0</wind_mph>
	<wind_kt>13</wind_kt>
	<dewpoint_string>6.1 F (-14.4 C)</dewpoint_string>
	<dewpoint_f>6.1</dewpoint_f>
	<dewpoint_c>-14.4</dewpoint_c>
	<windchill_string>-7 F (-22 C)</windchill_string>
      	<windchill_f>-7</windchill_f>
      	<windchill_c>-22</windchill_c>
	<two_day_history_url>http://www.weather.gov/data/obhistory/CXSC.html</two_day_history_url>
	<ob_url>http://www.weather.gov/data/METAR/CXSC.1.txt</ob_url>
	<disclaimer_url>http://weather.gov/disclaimer.html</disclaimer_url>
	<copyright_url>http://weather.gov/disclaimer.html</copyright_url>
	<privacy_policy_url>http://weather.gov/notice.html</privacy_policy_url>
</current_observation>
