<?xml version="1.0" encoding="ISO-8859-1"?> 
<?xml-stylesheet href="latest_ob.xsl" type="text/xsl"?>
<current_observation version="1.0"
	 xmlns:xsd="http://www.w3.org/2001/XMLSchema"
	 xmlns:xsi="http://www.w3.org/2001/XMLSchema-instance"
	 xsi:noNamespaceSchemaLocation="http://www.weather.gov/view/current_observation.xsd">
	<credit>NOAA's National Weather Service</credit>
	<credit_URL>http://weather.gov/</credit_URL>
	<image>
		<url>http://weather.gov/images/xml_logo.gif</url>
		<title>NOAA's National Weather Service</title>
		<link>http://weather.gov</link>
	</image>
	<suggested_pickup>15 minutes after the hour</suggested_pickup>
	<suggested_pickup_period>60</suggested_pickup_period>
	<location>ST.PAUL AGDM, AB</location>
	<station_id>CXSP</station_id>
	<latitude>54.02</latitude>
	<longitude>-111.27</longitude>
	<observation_time>Last Updated on Oct 17 2017, 11:00 am MDT</observation_time>
        <observation_time_rfc822>Tue, 17 Oct 2017 11:00:00 -0600</observation_time_rfc822>
	<temperature_string>51.0 F (10.7 C)</temperature_string>
	<temp_f>51.0</temp_f>
	<temp_c>10.7</temp_c>
	<relative_humidity>58</relative_humidity>
	<wind_string>Southeast at 10.4 MPH (9 KT)</wind_string>
	<wind_dir>Southeast</wind_dir>
	<wind_degrees>140</wind_degrees>
	<wind_mph>10.4</wind_mph>
	<wind_kt>9</wind_kt>
	<dewpoint_string>36.9 F (2.7 C)</dewpoint_string>
	<dewpoint_f>36.9</dewpoint_f>
	<dewpoint_c>2.7</dewpoint_c>
	<windchill_string>47 F (8 C)</windchill_string>
      	<windchill_f>47</windchill_f>
      	<windchill_c>8</windchill_c>
	<two_day_history_url>http://www.weather.gov/data/obhistory/CXSP.html</two_day_history_url>
	<ob_url>http://www.weather.gov/data/METAR/CXSP.1.txt</ob_url>
	<disclaimer_url>http://weather.gov/disclaimer.html</disclaimer_url>
	<copyright_url>http://weather.gov/disclaimer.html</copyright_url>
	<privacy_policy_url>http://weather.gov/notice.html</privacy_policy_url>
</current_observation>
