<?xml version="1.0" encoding="ISO-8859-1"?> 
<?xml-stylesheet href="latest_ob.xsl" type="text/xsl"?>
<current_observation version="1.0"
	 xmlns:xsd="http://www.w3.org/2001/XMLSchema"
	 xmlns:xsi="http://www.w3.org/2001/XMLSchema-instance"
	 xsi:noNamespaceSchemaLocation="http://www.weather.gov/view/current_observation.xsd">
	<credit>NOAA's National Weather Service</credit>
	<credit_URL>http://weather.gov/</credit_URL>
	<image>
		<url>http://weather.gov/images/xml_logo.gif</url>
		<title>NOAA's National Weather Service</title>
		<link>http://weather.gov</link>
	</image>
	<suggested_pickup>15 minutes after the hour</suggested_pickup>
	<suggested_pickup_period>60</suggested_pickup_period>
	<location>Tuktut Nogait , N. W. T., NT</location>
	<station_id>CXTN</station_id>
	<latitude>69.18333</latitude>
	<longitude>-122.35</longitude>
	<observation_time>Last Updated on Oct 17 2017, 10:00 am MDT</observation_time>
        <observation_time_rfc822>Tue, 17 Oct 2017 10:00:00 -0600</observation_time_rfc822>
	<weather>Breezy</weather>
	<temperature_string>10.0 F (-12.5 C)</temperature_string>
	<temp_f>10.0</temp_f>
	<temp_c>-12.5</temp_c>
	<relative_humidity>82</relative_humidity>
	<wind_string>Southwest at 20.7 MPH (18 KT)</wind_string>
	<wind_dir>Southwest</wind_dir>
	<wind_degrees>240</wind_degrees>
	<wind_mph>20.7</wind_mph>
	<wind_kt>18</wind_kt>
	<pressure_string>998.1 mb</pressure_string>
	<pressure_mb>998.1</pressure_mb>
	<dewpoint_string>5.0 F (-15.0 C)</dewpoint_string>
	<dewpoint_f>5.0</dewpoint_f>
	<dewpoint_c>-15.0</dewpoint_c>
	<windchill_string>-9 F (-23 C)</windchill_string>
      	<windchill_f>-9</windchill_f>
      	<windchill_c>-23</windchill_c>
 	<icon_url_base>http://forecast.weather.gov/images/wtf/small/</icon_url_base>
	<two_day_history_url>http://www.weather.gov/data/obhistory/CXTN.html</two_day_history_url>
	<icon_url_name>wind.png</icon_url_name>
	<ob_url>http://www.weather.gov/data/METAR/CXTN.1.txt</ob_url>
	<disclaimer_url>http://weather.gov/disclaimer.html</disclaimer_url>
	<copyright_url>http://weather.gov/disclaimer.html</copyright_url>
	<privacy_policy_url>http://weather.gov/notice.html</privacy_policy_url>
</current_observation>
