<?xml version="1.0" encoding="ISO-8859-1"?> 
<?xml-stylesheet href="latest_ob.xsl" type="text/xsl"?>
<current_observation version="1.0"
	 xmlns:xsd="http://www.w3.org/2001/XMLSchema"
	 xmlns:xsi="http://www.w3.org/2001/XMLSchema-instance"
	 xsi:noNamespaceSchemaLocation="http://www.weather.gov/view/current_observation.xsd">
	<credit>NOAA's National Weather Service</credit>
	<credit_URL>http://weather.gov/</credit_URL>
	<image>
		<url>http://weather.gov/images/xml_logo.gif</url>
		<title>NOAA's National Weather Service</title>
		<link>http://weather.gov</link>
	</image>
	<suggested_pickup>15 minutes after the hour</suggested_pickup>
	<suggested_pickup_period>60</suggested_pickup_period>
	<location>Terra Nova National Park CS, Nfld., NF</location>
	<station_id>CXTP</station_id>
	<latitude>48.55694</latitude>
	<longitude>-53.97444</longitude>
	<observation_time>Last Updated on Oct 17 2017, 6:00 pm ZDT</observation_time>
        <observation_time_rfc822>Tue, 17 Oct 2017 18:00:00 +0100</observation_time_rfc822>
	<temperature_string>41.0 F (4.9 C)</temperature_string>
	<temp_f>41.0</temp_f>
	<temp_c>4.9</temp_c>
	<relative_humidity>82</relative_humidity>
	<wind_string>Northeast at 2.3 MPH (2 KT)</wind_string>
	<wind_dir>Northeast</wind_dir>
	<wind_degrees>50</wind_degrees>
	<wind_mph>2.3</wind_mph>
	<wind_kt>2</wind_kt>
	<pressure_string>1010.8 mb</pressure_string>
	<pressure_mb>1010.8</pressure_mb>
	<dewpoint_string>35.8 F (2.1 C)</dewpoint_string>
	<dewpoint_f>35.8</dewpoint_f>
	<dewpoint_c>2.1</dewpoint_c>
	<two_day_history_url>http://www.weather.gov/data/obhistory/CXTP.html</two_day_history_url>
	<ob_url>http://www.weather.gov/data/METAR/CXTP.1.txt</ob_url>
	<disclaimer_url>http://weather.gov/disclaimer.html</disclaimer_url>
	<copyright_url>http://weather.gov/disclaimer.html</copyright_url>
	<privacy_policy_url>http://weather.gov/notice.html</privacy_policy_url>
</current_observation>
