<?xml version="1.0" encoding="ISO-8859-1"?> 
<?xml-stylesheet href="latest_ob.xsl" type="text/xsl"?>
<current_observation version="1.0"
	 xmlns:xsd="http://www.w3.org/2001/XMLSchema"
	 xmlns:xsi="http://www.w3.org/2001/XMLSchema-instance"
	 xsi:noNamespaceSchemaLocation="http://www.weather.gov/view/current_observation.xsd">
	<credit>NOAA's National Weather Service</credit>
	<credit_URL>http://weather.gov/</credit_URL>
	<image>
		<url>http://weather.gov/images/xml_logo.gif</url>
		<title>NOAA's National Weather Service</title>
		<link>http://weather.gov</link>
	</image>
	<suggested_pickup>15 minutes after the hour</suggested_pickup>
	<suggested_pickup_period>60</suggested_pickup_period>
	<location>Trail Valley , N. W. T., NT</location>
	<station_id>CXTV</station_id>
	<latitude>68.75</latitude>
	<longitude>-133.5</longitude>
	<observation_time>Last Updated on Oct 17 2017, 11:00 am MDT</observation_time>
        <observation_time_rfc822>Tue, 17 Oct 2017 11:00:00 -0600</observation_time_rfc822>
	<temperature_string>18.0 F (-7.9 C)</temperature_string>
	<temp_f>18.0</temp_f>
	<temp_c>-7.9</temp_c>
	<relative_humidity>92</relative_humidity>
	<wind_string>West at 6.9 MPH (6 KT)</wind_string>
	<wind_dir>West</wind_dir>
	<wind_degrees>260</wind_degrees>
	<wind_mph>6.9</wind_mph>
	<wind_kt>6</wind_kt>
	<pressure_string>996.5 mb</pressure_string>
	<pressure_mb>996.5</pressure_mb>
	<dewpoint_string>15.8 F (-9.0 C)</dewpoint_string>
	<dewpoint_f>15.8</dewpoint_f>
	<dewpoint_c>-9.0</dewpoint_c>
	<windchill_string>9 F (-13 C)</windchill_string>
      	<windchill_f>9</windchill_f>
      	<windchill_c>-13</windchill_c>
	<two_day_history_url>http://www.weather.gov/data/obhistory/CXTV.html</two_day_history_url>
	<ob_url>http://www.weather.gov/data/METAR/CXTV.1.txt</ob_url>
	<disclaimer_url>http://weather.gov/disclaimer.html</disclaimer_url>
	<copyright_url>http://weather.gov/disclaimer.html</copyright_url>
	<privacy_policy_url>http://weather.gov/notice.html</privacy_policy_url>
</current_observation>
