<?xml version="1.0" encoding="ISO-8859-1"?> 
<?xml-stylesheet href="latest_ob.xsl" type="text/xsl"?>
<current_observation version="1.0"
	 xmlns:xsd="http://www.w3.org/2001/XMLSchema"
	 xmlns:xsi="http://www.w3.org/2001/XMLSchema-instance"
	 xsi:noNamespaceSchemaLocation="http://www.weather.gov/view/current_observation.xsd">
	<credit>NOAA's National Weather Service</credit>
	<credit_URL>http://weather.gov/</credit_URL>
	<image>
		<url>http://weather.gov/images/xml_logo.gif</url>
		<title>NOAA's National Weather Service</title>
		<link>http://weather.gov</link>
	</image>
	<suggested_pickup>15 minutes after the hour</suggested_pickup>
	<suggested_pickup_period>60</suggested_pickup_period>
	<location>VINELAND STATION RCS, ON</location>
	<station_id>CXVN</station_id>
	<latitude>43.18</latitude>
	<longitude>-79.4</longitude>
	<observation_time>Last Updated on Oct 17 2017, 1:00 pm EDT</observation_time>
        <observation_time_rfc822>Tue, 17 Oct 2017 13:00:00 -0400</observation_time_rfc822>
	<temperature_string>62.0 F (16.8 C)</temperature_string>
	<temp_f>62.0</temp_f>
	<temp_c>16.8</temp_c>
	<relative_humidity>60</relative_humidity>
	<wind_string>from the Southwest at 18.4 gusting to 27.6 MPH (16 gusting to 24 KT)</wind_string>
	<wind_dir>Southwest</wind_dir>
	<wind_degrees>210</wind_degrees>
	<wind_mph>18.4</wind_mph>
	<wind_gust_mph>27.6</wind_gust_mph>
	<wind_kt>16</wind_kt>
	<wind_gust_kt>24</wind_gust_kt>
	<pressure_string>1020.5 mb</pressure_string>
	<pressure_mb>1020.5</pressure_mb>
	<dewpoint_string>48.2 F (9.0 C)</dewpoint_string>
	<dewpoint_f>48.2</dewpoint_f>
	<dewpoint_c>9.0</dewpoint_c>
	<windchill_string>60 F (16 C)</windchill_string>
      	<windchill_f>60</windchill_f>
      	<windchill_c>16</windchill_c>
	<two_day_history_url>http://www.weather.gov/data/obhistory/CXVN.html</two_day_history_url>
	<ob_url>http://www.weather.gov/data/METAR/CXVN.1.txt</ob_url>
	<disclaimer_url>http://weather.gov/disclaimer.html</disclaimer_url>
	<copyright_url>http://weather.gov/disclaimer.html</copyright_url>
	<privacy_policy_url>http://weather.gov/notice.html</privacy_policy_url>
</current_observation>
