<?xml version="1.0" encoding="ISO-8859-1"?> 
<?xml-stylesheet href="latest_ob.xsl" type="text/xsl"?>
<current_observation version="1.0"
	 xmlns:xsd="http://www.w3.org/2001/XMLSchema"
	 xmlns:xsi="http://www.w3.org/2001/XMLSchema-instance"
	 xsi:noNamespaceSchemaLocation="http://www.weather.gov/view/current_observation.xsd">
	<credit>NOAA's National Weather Service</credit>
	<credit_URL>http://weather.gov/</credit_URL>
	<image>
		<url>http://weather.gov/images/xml_logo.gif</url>
		<title>NOAA's National Weather Service</title>
		<link>http://weather.gov</link>
	</image>
	<suggested_pickup>15 minutes after the hour</suggested_pickup>
	<suggested_pickup_period>60</suggested_pickup_period>
	<location>MOOSONEE RCS, ON</location>
	<station_id>CXZC</station_id>
	<latitude>51.3</latitude>
	<longitude>-80.62</longitude>
	<observation_time>Last Updated on Oct 17 2017, 1:00 pm EDT</observation_time>
        <observation_time_rfc822>Tue, 17 Oct 2017 13:00:00 -0400</observation_time_rfc822>
	<temperature_string>47.0 F (8.5 C)</temperature_string>
	<temp_f>47.0</temp_f>
	<temp_c>8.5</temp_c>
	<relative_humidity>86</relative_humidity>
	<wind_string>West at 6.9 MPH (6 KT)</wind_string>
	<wind_dir>West</wind_dir>
	<wind_degrees>260</wind_degrees>
	<wind_mph>6.9</wind_mph>
	<wind_kt>6</wind_kt>
	<pressure_string>1001.4 mb</pressure_string>
	<pressure_mb>1001.4</pressure_mb>
	<dewpoint_string>43.2 F (6.2 C)</dewpoint_string>
	<dewpoint_f>43.2</dewpoint_f>
	<dewpoint_c>6.2</dewpoint_c>
	<windchill_string>44 F (7 C)</windchill_string>
      	<windchill_f>44</windchill_f>
      	<windchill_c>7</windchill_c>
	<two_day_history_url>http://www.weather.gov/data/obhistory/CXZC.html</two_day_history_url>
	<ob_url>http://www.weather.gov/data/METAR/CXZC.1.txt</ob_url>
	<disclaimer_url>http://weather.gov/disclaimer.html</disclaimer_url>
	<copyright_url>http://weather.gov/disclaimer.html</copyright_url>
	<privacy_policy_url>http://weather.gov/notice.html</privacy_policy_url>
</current_observation>
