<?xml version="1.0" encoding="ISO-8859-1"?> 
<?xml-stylesheet href="latest_ob.xsl" type="text/xsl"?>
<current_observation version="1.0"
	 xmlns:xsd="http://www.w3.org/2001/XMLSchema"
	 xmlns:xsi="http://www.w3.org/2001/XMLSchema-instance"
	 xsi:noNamespaceSchemaLocation="http://www.weather.gov/view/current_observation.xsd">
	<credit>NOAA's National Weather Service</credit>
	<credit_URL>http://weather.gov/</credit_URL>
	<image>
		<url>http://weather.gov/images/xml_logo.gif</url>
		<title>NOAA's National Weather Service</title>
		<link>http://weather.gov</link>
	</image>
	<suggested_pickup>15 minutes after the hour</suggested_pickup>
	<suggested_pickup_period>60</suggested_pickup_period>
	<location>Sept Iles, QC</location>
	<station_id>CXZV</station_id>
	<latitude>50.2167</latitude>
	<longitude>-66.25</longitude>
	<observation_time>Last Updated on Feb 22 2018, 4:00 pm EST</observation_time>
        <observation_time_rfc822>Thu, 22 Feb 2018 16:00:00 -0500</observation_time_rfc822>
	<temperature_string>16.0 F (-8.8 C)</temperature_string>
	<temp_f>16.0</temp_f>
	<temp_c>-8.8</temp_c>
	<relative_humidity>47</relative_humidity>
	<wind_string>Northwest at 8.1 MPH (7 KT)</wind_string>
	<wind_dir>Northwest</wind_dir>
	<wind_degrees>300</wind_degrees>
	<wind_mph>8.1</wind_mph>
	<wind_kt>7</wind_kt>
	<pressure_string>1033.5 mb</pressure_string>
	<pressure_mb>1033.5</pressure_mb>
	<dewpoint_string>-0.6 F (-18.1 C)</dewpoint_string>
	<dewpoint_f>-0.6</dewpoint_f>
	<dewpoint_c>-18.1</dewpoint_c>
	<windchill_string>5 F (-15 C)</windchill_string>
      	<windchill_f>5</windchill_f>
      	<windchill_c>-15</windchill_c>
	<two_day_history_url>http://www.weather.gov/data/obhistory/CXZV.html</two_day_history_url>
	<ob_url>http://www.weather.gov/data/METAR/CXZV.1.txt</ob_url>
	<disclaimer_url>http://weather.gov/disclaimer.html</disclaimer_url>
	<copyright_url>http://weather.gov/disclaimer.html</copyright_url>
	<privacy_policy_url>http://weather.gov/notice.html</privacy_policy_url>
</current_observation>
