<?xml version="1.0" encoding="ISO-8859-1"?> 
<?xml-stylesheet href="latest_ob.xsl" type="text/xsl"?>
<current_observation version="1.0"
	 xmlns:xsd="http://www.w3.org/2001/XMLSchema"
	 xmlns:xsi="http://www.w3.org/2001/XMLSchema-instance"
	 xsi:noNamespaceSchemaLocation="http://www.weather.gov/view/current_observation.xsd">
	<credit>NOAA's National Weather Service</credit>
	<credit_URL>http://weather.gov/</credit_URL>
	<image>
		<url>http://weather.gov/images/xml_logo.gif</url>
		<title>NOAA's National Weather Service</title>
		<link>http://weather.gov</link>
	</image>
	<suggested_pickup>15 minutes after the hour</suggested_pickup>
	<suggested_pickup_period>60</suggested_pickup_period>
	<location>Shearwater N. S., NS</location>
	<station_id>CYAW</station_id>
	<latitude>44.6364</latitude>
	<longitude>-63.5065</longitude>
	<observation_time>Last Updated on Feb 22 2018, 4:00 pm AST</observation_time>
        <observation_time_rfc822>Thu, 22 Feb 2018 16:00:00 -0400</observation_time_rfc822>
	<weather>Mostly Cloudy</weather>
	<temperature_string>34.0 F (1.0 C)</temperature_string>
	<temp_f>34.0</temp_f>
	<temp_c>1.0</temp_c>
	<relative_humidity>44</relative_humidity>
	<wind_string>Northwest at 13.8 MPH (12 KT)</wind_string>
	<wind_dir>Northwest</wind_dir>
	<wind_degrees>330</wind_degrees>
	<wind_mph>13.8</wind_mph>
	<wind_kt>12</wind_kt>
	<pressure_string>1033.7 mb</pressure_string>
	<pressure_mb>1033.7</pressure_mb>
	<pressure_in>30.52</pressure_in>
	<dewpoint_string>14.0 F (-10.0 C)</dewpoint_string>
	<dewpoint_f>14.0</dewpoint_f>
	<dewpoint_c>-10.0</dewpoint_c>
	<windchill_string>25 F (-4 C)</windchill_string>
      	<windchill_f>25</windchill_f>
      	<windchill_c>-4</windchill_c>
	<visibility_mi>15.00</visibility_mi>
 	<icon_url_base>http://forecast.weather.gov/images/wtf/small/</icon_url_base>
	<two_day_history_url>http://www.weather.gov/data/obhistory/CYAW.html</two_day_history_url>
	<icon_url_name>bkn.png</icon_url_name>
	<ob_url>http://www.weather.gov/data/METAR/CYAW.1.txt</ob_url>
	<disclaimer_url>http://weather.gov/disclaimer.html</disclaimer_url>
	<copyright_url>http://weather.gov/disclaimer.html</copyright_url>
	<privacy_policy_url>http://weather.gov/notice.html</privacy_policy_url>
</current_observation>
