<?xml version="1.0" encoding="ISO-8859-1"?> 
<?xml-stylesheet href="latest_ob.xsl" type="text/xsl"?>
<current_observation version="1.0"
	 xmlns:xsd="http://www.w3.org/2001/XMLSchema"
	 xmlns:xsi="http://www.w3.org/2001/XMLSchema-instance"
	 xsi:noNamespaceSchemaLocation="http://www.weather.gov/view/current_observation.xsd">
	<credit>NOAA's National Weather Service</credit>
	<credit_URL>http://weather.gov/</credit_URL>
	<image>
		<url>http://weather.gov/images/xml_logo.gif</url>
		<title>NOAA's National Weather Service</title>
		<link>http://weather.gov</link>
	</image>
	<suggested_pickup>15 minutes after the hour</suggested_pickup>
	<suggested_pickup_period>60</suggested_pickup_period>
	<location>Iqaluit, N. W. T., NU</location>
	<station_id>CYFB</station_id>
	<latitude>63.75</latitude>
	<longitude>-68.55</longitude>
	<observation_time>Last Updated on Feb 22 2018, 4:00 pm EST</observation_time>
        <observation_time_rfc822>Thu, 22 Feb 2018 16:00:00 -0500</observation_time_rfc822>
	<weather>Ice Crystals</weather>
	<temperature_string>-22.0 F (-30.0 C)</temperature_string>
	<temp_f>-22.0</temp_f>
	<temp_c>-30.0</temp_c>
	<relative_humidity>68</relative_humidity>
	<wind_string>Northwest at 10.4 MPH (9 KT)</wind_string>
	<wind_dir>Northwest</wind_dir>
	<wind_degrees>330</wind_degrees>
	<wind_mph>10.4</wind_mph>
	<wind_kt>9</wind_kt>
	<pressure_string>1012.7 mb</pressure_string>
	<pressure_mb>1012.7</pressure_mb>
	<pressure_in>29.88</pressure_in>
	<dewpoint_string>-29.2 F (-34.0 C)</dewpoint_string>
	<dewpoint_f>-29.2</dewpoint_f>
	<dewpoint_c>-34.0</dewpoint_c>
	<windchill_string>-44 F (-42 C)</windchill_string>
      	<windchill_f>-44</windchill_f>
      	<windchill_c>-42</windchill_c>
	<visibility_mi>25.00</visibility_mi>
 	<icon_url_base>http://forecast.weather.gov/images/wtf/small/</icon_url_base>
	<two_day_history_url>http://www.weather.gov/data/obhistory/CYFB.html</two_day_history_url>
	<icon_url_name>ip.png</icon_url_name>
	<ob_url>http://www.weather.gov/data/METAR/CYFB.1.txt</ob_url>
	<disclaimer_url>http://weather.gov/disclaimer.html</disclaimer_url>
	<copyright_url>http://weather.gov/disclaimer.html</copyright_url>
	<privacy_policy_url>http://weather.gov/notice.html</privacy_policy_url>
</current_observation>
