<?xml version="1.0" encoding="ISO-8859-1"?> 
<?xml-stylesheet href="latest_ob.xsl" type="text/xsl"?>
<current_observation version="1.0"
	 xmlns:xsd="http://www.w3.org/2001/XMLSchema"
	 xmlns:xsi="http://www.w3.org/2001/XMLSchema-instance"
	 xsi:noNamespaceSchemaLocation="http://www.weather.gov/view/current_observation.xsd">
	<credit>NOAA's National Weather Service</credit>
	<credit_URL>http://weather.gov/</credit_URL>
	<image>
		<url>http://weather.gov/images/xml_logo.gif</url>
		<title>NOAA's National Weather Service</title>
		<link>http://weather.gov</link>
	</image>
	<suggested_pickup>15 minutes after the hour</suggested_pickup>
	<suggested_pickup_period>60</suggested_pickup_period>
	<location>Makkovik Airport, NF</location>
	<station_id>CYFT</station_id>
	<latitude>55.0833</latitude>
	<longitude>-59.1833</longitude>
	<observation_time>Last Updated on Feb 22 2018, 5:00 pm AST</observation_time>
        <observation_time_rfc822>Thu, 22 Feb 2018 17:00:00 -0400</observation_time_rfc822>
	<weather>Low Drifting Snow and Windy</weather>
	<temperature_string>3.0 F (-16.0 C)</temperature_string>
	<temp_f>3.0</temp_f>
	<temp_c>-16.0</temp_c>
	<relative_humidity>55</relative_humidity>
	<wind_string>from the West at 29.9 gusting to 38.0 MPH (26 gusting to 33 KT)</wind_string>
	<wind_dir>West</wind_dir>
	<wind_degrees>260</wind_degrees>
	<wind_mph>29.9</wind_mph>
	<wind_gust_mph>38.0</wind_gust_mph>
	<wind_kt>26</wind_kt>
	<wind_gust_kt>33</wind_gust_kt>
	<pressure_string>1020.4 mb</pressure_string>
	<pressure_mb>1020.4</pressure_mb>
	<pressure_in>30.10</pressure_in>
	<dewpoint_string>-9.4 F (-23.0 C)</dewpoint_string>
	<dewpoint_f>-9.4</dewpoint_f>
	<dewpoint_c>-23.0</dewpoint_c>
	<windchill_string>-22 F (-30 C)</windchill_string>
      	<windchill_f>-22</windchill_f>
      	<windchill_c>-30</windchill_c>
	<visibility_mi>15.00</visibility_mi>
	<two_day_history_url>http://www.weather.gov/data/obhistory/CYFT.html</two_day_history_url>
	<ob_url>http://www.weather.gov/data/METAR/CYFT.1.txt</ob_url>
	<disclaimer_url>http://weather.gov/disclaimer.html</disclaimer_url>
	<copyright_url>http://weather.gov/disclaimer.html</copyright_url>
	<privacy_policy_url>http://weather.gov/notice.html</privacy_policy_url>
</current_observation>
