<?xml version="1.0" encoding="ISO-8859-1"?> 
<?xml-stylesheet href="latest_ob.xsl" type="text/xsl"?>
<current_observation version="1.0"
	 xmlns:xsd="http://www.w3.org/2001/XMLSchema"
	 xmlns:xsi="http://www.w3.org/2001/XMLSchema-instance"
	 xsi:noNamespaceSchemaLocation="http://www.weather.gov/view/current_observation.xsd">
	<credit>NOAA's National Weather Service</credit>
	<credit_URL>http://weather.gov/</credit_URL>
	<image>
		<url>http://weather.gov/images/xml_logo.gif</url>
		<title>NOAA's National Weather Service</title>
		<link>http://weather.gov</link>
	</image>
	<suggested_pickup>15 minutes after the hour</suggested_pickup>
	<suggested_pickup_period>60</suggested_pickup_period>
	<location>Stephenville, Nfld., NF</location>
	<station_id>CYJT</station_id>
	<latitude>48.5333</latitude>
	<longitude>-58.55</longitude>
	<observation_time>Last Updated on Feb 22 2018, 9:00 pm ZST</observation_time>
        <observation_time_rfc822>Thu, 22 Feb 2018 21:00:00 +0000</observation_time_rfc822>
	<weather>Mostly Cloudy</weather>
	<temperature_string>18.0 F (-8.0 C)</temperature_string>
	<temp_f>18.0</temp_f>
	<temp_c>-8.0</temp_c>
	<relative_humidity>68</relative_humidity>
	<wind_string>Northwest at 16.1 MPH (14 KT)</wind_string>
	<wind_dir>Northwest</wind_dir>
	<wind_degrees>300</wind_degrees>
	<wind_mph>16.1</wind_mph>
	<wind_kt>14</wind_kt>
	<pressure_string>1028.8 mb</pressure_string>
	<pressure_mb>1028.8</pressure_mb>
	<pressure_in>30.37</pressure_in>
	<dewpoint_string>8.6 F (-13.0 C)</dewpoint_string>
	<dewpoint_f>8.6</dewpoint_f>
	<dewpoint_c>-13.0</dewpoint_c>
	<windchill_string>3 F (-16 C)</windchill_string>
      	<windchill_f>3</windchill_f>
      	<windchill_c>-16</windchill_c>
	<visibility_mi>15.00</visibility_mi>
 	<icon_url_base>http://forecast.weather.gov/images/wtf/small/</icon_url_base>
	<two_day_history_url>http://www.weather.gov/data/obhistory/CYJT.html</two_day_history_url>
	<icon_url_name>nbkn.png</icon_url_name>
	<ob_url>http://www.weather.gov/data/METAR/CYJT.1.txt</ob_url>
	<disclaimer_url>http://weather.gov/disclaimer.html</disclaimer_url>
	<copyright_url>http://weather.gov/disclaimer.html</copyright_url>
	<privacy_policy_url>http://weather.gov/notice.html</privacy_policy_url>
</current_observation>
