<?xml version="1.0" encoding="ISO-8859-1"?> 
<?xml-stylesheet href="latest_ob.xsl" type="text/xsl"?>
<current_observation version="1.0"
	 xmlns:xsd="http://www.w3.org/2001/XMLSchema"
	 xmlns:xsi="http://www.w3.org/2001/XMLSchema-instance"
	 xsi:noNamespaceSchemaLocation="http://www.weather.gov/view/current_observation.xsd">
	<credit>NOAA's National Weather Service</credit>
	<credit_URL>http://weather.gov/</credit_URL>
	<image>
		<url>http://weather.gov/images/xml_logo.gif</url>
		<title>NOAA's National Weather Service</title>
		<link>http://weather.gov</link>
	</image>
	<suggested_pickup>15 minutes after the hour</suggested_pickup>
	<suggested_pickup_period>60</suggested_pickup_period>
	<location>Schefferville, Que., QC</location>
	<station_id>CYKL</station_id>
	<latitude>54.8</latitude>
	<longitude>-66.8</longitude>
	<observation_time>Last Updated on Feb 22 2018, 4:00 pm EST</observation_time>
        <observation_time_rfc822>Thu, 22 Feb 2018 16:00:00 -0500</observation_time_rfc822>
	<weather>Light Snow</weather>
	<temperature_string>-6.0 F (-21.0 C)</temperature_string>
	<temp_f>-6.0</temp_f>
	<temp_c>-21.0</temp_c>
	<relative_humidity>70</relative_humidity>
	<wind_string>from the West at 12.7 gusting to 23.0 MPH (11 gusting to 20 KT)</wind_string>
	<wind_dir>West</wind_dir>
	<wind_degrees>280</wind_degrees>
	<wind_mph>12.7</wind_mph>
	<wind_gust_mph>23.0</wind_gust_mph>
	<wind_kt>11</wind_kt>
	<wind_gust_kt>20</wind_gust_kt>
	<pressure_string>1028.2 mb</pressure_string>
	<pressure_mb>1028.2</pressure_mb>
	<pressure_in>30.16</pressure_in>
	<dewpoint_string>-13.0 F (-25.0 C)</dewpoint_string>
	<dewpoint_f>-13.0</dewpoint_f>
	<dewpoint_c>-25.0</dewpoint_c>
	<windchill_string>-26 F (-32 C)</windchill_string>
      	<windchill_f>-26</windchill_f>
      	<windchill_c>-32</windchill_c>
	<visibility_mi>9.00</visibility_mi>
 	<icon_url_base>http://forecast.weather.gov/images/wtf/small/</icon_url_base>
	<two_day_history_url>http://www.weather.gov/data/obhistory/CYKL.html</two_day_history_url>
	<icon_url_name>sn.png</icon_url_name>
	<ob_url>http://www.weather.gov/data/METAR/CYKL.1.txt</ob_url>
	<disclaimer_url>http://weather.gov/disclaimer.html</disclaimer_url>
	<copyright_url>http://weather.gov/disclaimer.html</copyright_url>
	<privacy_policy_url>http://weather.gov/notice.html</privacy_policy_url>
</current_observation>
