<?xml version="1.0" encoding="ISO-8859-1"?> 
<?xml-stylesheet href="latest_ob.xsl" type="text/xsl"?>
<current_observation version="1.0"
	 xmlns:xsd="http://www.w3.org/2001/XMLSchema"
	 xmlns:xsi="http://www.w3.org/2001/XMLSchema-instance"
	 xsi:noNamespaceSchemaLocation="http://www.weather.gov/view/current_observation.xsd">
	<credit>NOAA's National Weather Service</credit>
	<credit_URL>http://weather.gov/</credit_URL>
	<image>
		<url>http://weather.gov/images/xml_logo.gif</url>
		<title>NOAA's National Weather Service</title>
		<link>http://weather.gov</link>
	</image>
	<suggested_pickup>15 minutes after the hour</suggested_pickup>
	<suggested_pickup_period>60</suggested_pickup_period>
	<location>Mary's Harbour, NF</location>
	<station_id>CYMH</station_id>
	<latitude>52.3</latitude>
	<longitude>-55.85</longitude>
	<observation_time>Last Updated on Feb 22 2018, 9:00 pm ZST</observation_time>
        <observation_time_rfc822>Thu, 22 Feb 2018 21:00:00 +0000</observation_time_rfc822>
	<weather>Fair</weather>
	<temperature_string>7.0 F (-14.0 C)</temperature_string>
	<temp_f>7.0</temp_f>
	<temp_c>-14.0</temp_c>
	<relative_humidity>51</relative_humidity>
	<wind_string>from the West at 11.5 gusting to 20.7 MPH (10 gusting to 18 KT)</wind_string>
	<wind_dir>West</wind_dir>
	<wind_degrees>290</wind_degrees>
	<wind_mph>11.5</wind_mph>
	<wind_gust_mph>20.7</wind_gust_mph>
	<wind_kt>10</wind_kt>
	<wind_gust_kt>18</wind_gust_kt>
	<pressure_string>1020.0 mb</pressure_string>
	<pressure_mb>1020.0</pressure_mb>
	<pressure_in>30.11</pressure_in>
	<dewpoint_string>-7.6 F (-22.0 C)</dewpoint_string>
	<dewpoint_f>-7.6</dewpoint_f>
	<dewpoint_c>-22.0</dewpoint_c>
	<windchill_string>-8 F (-22 C)</windchill_string>
      	<windchill_f>-8</windchill_f>
      	<windchill_c>-22</windchill_c>
	<visibility_mi>9.00</visibility_mi>
 	<icon_url_base>http://forecast.weather.gov/images/wtf/small/</icon_url_base>
	<two_day_history_url>http://www.weather.gov/data/obhistory/CYMH.html</two_day_history_url>
	<icon_url_name>nskc.png</icon_url_name>
	<ob_url>http://www.weather.gov/data/METAR/CYMH.1.txt</ob_url>
	<disclaimer_url>http://weather.gov/disclaimer.html</disclaimer_url>
	<copyright_url>http://weather.gov/disclaimer.html</copyright_url>
	<privacy_policy_url>http://weather.gov/notice.html</privacy_policy_url>
</current_observation>
