<?xml version="1.0" encoding="ISO-8859-1"?> 
<?xml-stylesheet href="latest_ob.xsl" type="text/xsl"?>
<current_observation version="1.0"
	 xmlns:xsd="http://www.w3.org/2001/XMLSchema"
	 xmlns:xsi="http://www.w3.org/2001/XMLSchema-instance"
	 xsi:noNamespaceSchemaLocation="http://www.weather.gov/view/current_observation.xsd">
	<credit>NOAA's National Weather Service</credit>
	<credit_URL>http://weather.gov/</credit_URL>
	<image>
		<url>http://weather.gov/images/xml_logo.gif</url>
		<title>NOAA's National Weather Service</title>
		<link>http://weather.gov</link>
	</image>
	<suggested_pickup>15 minutes after the hour</suggested_pickup>
	<suggested_pickup_period>60</suggested_pickup_period>
	<location>Mary's Harbour, NF</location>
	<station_id>CYMH</station_id>
	<latitude>52.3</latitude>
	<longitude>-55.85</longitude>
	<observation_time>Last Updated on Oct 17 2017, 12:00 pm ZDT</observation_time>
        <observation_time_rfc822>Tue, 17 Oct 2017 12:00:00 +0100</observation_time_rfc822>
	<temperature_string>28.0 F (-2.0 C)</temperature_string>
	<temp_f>28.0</temp_f>
	<temp_c>-2.0</temp_c>
	<relative_humidity>93</relative_humidity>
	<wind_string>Southwest at 3.5 MPH (3 KT)</wind_string>
	<wind_dir>Southwest</wind_dir>
	<wind_degrees>210</wind_degrees>
	<wind_mph>3.5</wind_mph>
	<wind_kt>3</wind_kt>
	<pressure_string>1012.5 mb</pressure_string>
	<pressure_mb>1012.5</pressure_mb>
	<pressure_in>29.89</pressure_in>
	<dewpoint_string>26.6 F (-3.0 C)</dewpoint_string>
	<dewpoint_f>26.6</dewpoint_f>
	<dewpoint_c>-3.0</dewpoint_c>
	<visibility_mi>9.00</visibility_mi>
	<two_day_history_url>http://www.weather.gov/data/obhistory/CYMH.html</two_day_history_url>
	<ob_url>http://www.weather.gov/data/METAR/CYMH.1.txt</ob_url>
	<disclaimer_url>http://weather.gov/disclaimer.html</disclaimer_url>
	<copyright_url>http://weather.gov/disclaimer.html</copyright_url>
	<privacy_policy_url>http://weather.gov/notice.html</privacy_policy_url>
</current_observation>
