<?xml version="1.0" encoding="ISO-8859-1"?> 
<?xml-stylesheet href="latest_ob.xsl" type="text/xsl"?>
<current_observation version="1.0"
	 xmlns:xsd="http://www.w3.org/2001/XMLSchema"
	 xmlns:xsi="http://www.w3.org/2001/XMLSchema-instance"
	 xsi:noNamespaceSchemaLocation="http://www.weather.gov/view/current_observation.xsd">
	<credit>NOAA's National Weather Service</credit>
	<credit_URL>http://weather.gov/</credit_URL>
	<image>
		<url>http://weather.gov/images/xml_logo.gif</url>
		<title>NOAA's National Weather Service</title>
		<link>http://weather.gov</link>
	</image>
	<suggested_pickup>15 minutes after the hour</suggested_pickup>
	<suggested_pickup_period>60</suggested_pickup_period>
	<location>Quebec, Que, QC</location>
	<station_id>CYQB</station_id>
	<latitude>46.8</latitude>
	<longitude>-71.3833</longitude>
	<observation_time>Last Updated on Feb 22 2018, 4:00 pm EST</observation_time>
        <observation_time_rfc822>Thu, 22 Feb 2018 16:00:00 -0500</observation_time_rfc822>
	<weather>Partly Cloudy</weather>
	<temperature_string>21.0 F (-6.0 C)</temperature_string>
	<temp_f>21.0</temp_f>
	<temp_c>-6.0</temp_c>
	<relative_humidity>58</relative_humidity>
	<wind_string>from the Southwest at 15.0 gusting to 20.7 MPH (13 gusting to 18 KT)</wind_string>
	<wind_dir>Southwest</wind_dir>
	<wind_degrees>230</wind_degrees>
	<wind_mph>15.0</wind_mph>
	<wind_gust_mph>20.7</wind_gust_mph>
	<wind_kt>13</wind_kt>
	<wind_gust_kt>18</wind_gust_kt>
	<pressure_string>1039.6 mb</pressure_string>
	<pressure_mb>1039.6</pressure_mb>
	<pressure_in>30.68</pressure_in>
	<dewpoint_string>8.6 F (-13.0 C)</dewpoint_string>
	<dewpoint_f>8.6</dewpoint_f>
	<dewpoint_c>-13.0</dewpoint_c>
	<windchill_string>7 F (-14 C)</windchill_string>
      	<windchill_f>7</windchill_f>
      	<windchill_c>-14</windchill_c>
	<visibility_mi>30.00</visibility_mi>
 	<icon_url_base>http://forecast.weather.gov/images/wtf/small/</icon_url_base>
	<two_day_history_url>http://www.weather.gov/data/obhistory/CYQB.html</two_day_history_url>
	<icon_url_name>sct.png</icon_url_name>
	<ob_url>http://www.weather.gov/data/METAR/CYQB.1.txt</ob_url>
	<disclaimer_url>http://weather.gov/disclaimer.html</disclaimer_url>
	<copyright_url>http://weather.gov/disclaimer.html</copyright_url>
	<privacy_policy_url>http://weather.gov/notice.html</privacy_policy_url>
</current_observation>
