<?xml version="1.0" encoding="ISO-8859-1"?> 
<?xml-stylesheet href="latest_ob.xsl" type="text/xsl"?>
<current_observation version="1.0"
	 xmlns:xsd="http://www.w3.org/2001/XMLSchema"
	 xmlns:xsi="http://www.w3.org/2001/XMLSchema-instance"
	 xsi:noNamespaceSchemaLocation="http://www.weather.gov/view/current_observation.xsd">
	<credit>NOAA's National Weather Service</credit>
	<credit_URL>http://weather.gov/</credit_URL>
	<image>
		<url>http://weather.gov/images/xml_logo.gif</url>
		<title>NOAA's National Weather Service</title>
		<link>http://weather.gov</link>
	</image>
	<suggested_pickup>15 minutes after the hour</suggested_pickup>
	<suggested_pickup_period>60</suggested_pickup_period>
	<location>Gander Int. Airport, Nfld., NF</location>
	<station_id>CYQX</station_id>
	<latitude>48.95</latitude>
	<longitude>-54.5667</longitude>
	<observation_time>Last Updated on Feb 22 2018, 9:00 pm ZST</observation_time>
        <observation_time_rfc822>Thu, 22 Feb 2018 21:00:00 +0000</observation_time_rfc822>
	<weather>A Few Clouds</weather>
	<temperature_string>18.0 F (-8.0 C)</temperature_string>
	<temp_f>18.0</temp_f>
	<temp_c>-8.0</temp_c>
	<relative_humidity>49</relative_humidity>
	<wind_string>from the West at 13.8 gusting to 21.9 MPH (12 gusting to 19 KT)</wind_string>
	<wind_dir>West</wind_dir>
	<wind_degrees>280</wind_degrees>
	<wind_mph>13.8</wind_mph>
	<wind_gust_mph>21.9</wind_gust_mph>
	<wind_kt>12</wind_kt>
	<wind_gust_kt>19</wind_gust_kt>
	<pressure_string>1021.9 mb</pressure_string>
	<pressure_mb>1021.9</pressure_mb>
	<pressure_in>30.14</pressure_in>
	<dewpoint_string>1.4 F (-17.0 C)</dewpoint_string>
	<dewpoint_f>1.4</dewpoint_f>
	<dewpoint_c>-17.0</dewpoint_c>
	<windchill_string>4 F (-16 C)</windchill_string>
      	<windchill_f>4</windchill_f>
      	<windchill_c>-16</windchill_c>
	<visibility_mi>20.00</visibility_mi>
 	<icon_url_base>http://forecast.weather.gov/images/wtf/small/</icon_url_base>
	<two_day_history_url>http://www.weather.gov/data/obhistory/CYQX.html</two_day_history_url>
	<icon_url_name>nfew.png</icon_url_name>
	<ob_url>http://www.weather.gov/data/METAR/CYQX.1.txt</ob_url>
	<disclaimer_url>http://weather.gov/disclaimer.html</disclaimer_url>
	<copyright_url>http://weather.gov/disclaimer.html</copyright_url>
	<privacy_policy_url>http://weather.gov/notice.html</privacy_policy_url>
</current_observation>
