<?xml version="1.0" encoding="ISO-8859-1"?> 
<?xml-stylesheet href="latest_ob.xsl" type="text/xsl"?>
<current_observation version="1.0"
	 xmlns:xsd="http://www.w3.org/2001/XMLSchema"
	 xmlns:xsi="http://www.w3.org/2001/XMLSchema-instance"
	 xsi:noNamespaceSchemaLocation="http://www.weather.gov/view/current_observation.xsd">
	<credit>NOAA's National Weather Service</credit>
	<credit_URL>http://weather.gov/</credit_URL>
	<image>
		<url>http://weather.gov/images/xml_logo.gif</url>
		<title>NOAA's National Weather Service</title>
		<link>http://weather.gov</link>
	</image>
	<suggested_pickup>15 minutes after the hour</suggested_pickup>
	<suggested_pickup_period>60</suggested_pickup_period>
	<location>Cape Dorset, N. W. T., NU</location>
	<station_id>CYTE</station_id>
	<latitude>64.2167</latitude>
	<longitude>-76.5333</longitude>
	<observation_time>Last Updated on Feb 22 2018, 4:00 pm EST</observation_time>
        <observation_time_rfc822>Thu, 22 Feb 2018 16:00:00 -0500</observation_time_rfc822>
	<weather>Fog/Mist and Breezy</weather>
	<temperature_string>-11.0 F (-24.0 C)</temperature_string>
	<temp_f>-11.0</temp_f>
	<temp_c>-24.0</temp_c>
	<relative_humidity>84</relative_humidity>
	<wind_string>from the West at 21.9 gusting to 27.6 MPH (19 gusting to 24 KT)</wind_string>
	<wind_dir>West</wind_dir>
	<wind_degrees>250</wind_degrees>
	<wind_mph>21.9</wind_mph>
	<wind_gust_mph>27.6</wind_gust_mph>
	<wind_kt>19</wind_kt>
	<wind_gust_kt>24</wind_gust_kt>
	<pressure_string>1012.6 mb</pressure_string>
	<pressure_mb>1012.6</pressure_mb>
	<pressure_in>29.87</pressure_in>
	<dewpoint_string>-14.8 F (-26.0 C)</dewpoint_string>
	<dewpoint_f>-14.8</dewpoint_f>
	<dewpoint_c>-26.0</dewpoint_c>
	<windchill_string>-37 F (-38 C)</windchill_string>
      	<windchill_f>-37</windchill_f>
      	<windchill_c>-38</windchill_c>
	<visibility_mi>3.00</visibility_mi>
	<two_day_history_url>http://www.weather.gov/data/obhistory/CYTE.html</two_day_history_url>
	<ob_url>http://www.weather.gov/data/METAR/CYTE.1.txt</ob_url>
	<disclaimer_url>http://weather.gov/disclaimer.html</disclaimer_url>
	<copyright_url>http://weather.gov/disclaimer.html</copyright_url>
	<privacy_policy_url>http://weather.gov/notice.html</privacy_policy_url>
</current_observation>
