<?xml version="1.0" encoding="ISO-8859-1"?> 
<?xml-stylesheet href="latest_ob.xsl" type="text/xsl"?>
<current_observation version="1.0"
	 xmlns:xsd="http://www.w3.org/2001/XMLSchema"
	 xmlns:xsi="http://www.w3.org/2001/XMLSchema-instance"
	 xsi:noNamespaceSchemaLocation="http://www.weather.gov/view/current_observation.xsd">
	<credit>NOAA's National Weather Service</credit>
	<credit_URL>http://weather.gov/</credit_URL>
	<image>
		<url>http://weather.gov/images/xml_logo.gif</url>
		<title>NOAA's National Weather Service</title>
		<link>http://weather.gov</link>
	</image>
	<suggested_pickup>15 minutes after the hour</suggested_pickup>
	<suggested_pickup_period>60</suggested_pickup_period>
	<location>Rouyn Airport, QC</location>
	<station_id>CYUY</station_id>
	<latitude>48.2</latitude>
	<longitude>-78.8333</longitude>
	<observation_time>Last Updated on Feb 22 2018, 4:00 pm EST</observation_time>
        <observation_time_rfc822>Thu, 22 Feb 2018 16:00:00 -0500</observation_time_rfc822>
	<weather>A Few Clouds</weather>
	<temperature_string>25.0 F (-4.0 C)</temperature_string>
	<temp_f>25.0</temp_f>
	<temp_c>-4.0</temp_c>
	<relative_humidity>46</relative_humidity>
	<wind_string>Southwest at 8.1 MPH (7 KT)</wind_string>
	<wind_dir>Southwest</wind_dir>
	<wind_degrees>240</wind_degrees>
	<wind_mph>8.1</wind_mph>
	<wind_kt>7</wind_kt>
	<pressure_string>1039.7 mb</pressure_string>
	<pressure_mb>1039.7</pressure_mb>
	<pressure_in>30.62</pressure_in>
	<dewpoint_string>6.8 F (-14.0 C)</dewpoint_string>
	<dewpoint_f>6.8</dewpoint_f>
	<dewpoint_c>-14.0</dewpoint_c>
	<windchill_string>16 F (-9 C)</windchill_string>
      	<windchill_f>16</windchill_f>
      	<windchill_c>-9</windchill_c>
	<visibility_mi>15.00</visibility_mi>
 	<icon_url_base>http://forecast.weather.gov/images/wtf/small/</icon_url_base>
	<two_day_history_url>http://www.weather.gov/data/obhistory/CYUY.html</two_day_history_url>
	<icon_url_name>few.png</icon_url_name>
	<ob_url>http://www.weather.gov/data/METAR/CYUY.1.txt</ob_url>
	<disclaimer_url>http://weather.gov/disclaimer.html</disclaimer_url>
	<copyright_url>http://weather.gov/disclaimer.html</copyright_url>
	<privacy_policy_url>http://weather.gov/notice.html</privacy_policy_url>
</current_observation>
