<?xml version="1.0" encoding="ISO-8859-1"?> 
<?xml-stylesheet href="latest_ob.xsl" type="text/xsl"?>
<current_observation version="1.0"
	 xmlns:xsd="http://www.w3.org/2001/XMLSchema"
	 xmlns:xsi="http://www.w3.org/2001/XMLSchema-instance"
	 xsi:noNamespaceSchemaLocation="http://www.weather.gov/view/current_observation.xsd">
	<credit>NOAA's National Weather Service</credit>
	<credit_URL>http://weather.gov/</credit_URL>
	<image>
		<url>http://weather.gov/images/xml_logo.gif</url>
		<title>NOAA's National Weather Service</title>
		<link>http://weather.gov</link>
	</image>
	<suggested_pickup>15 minutes after the hour</suggested_pickup>
	<suggested_pickup_period>60</suggested_pickup_period>
	<location>Kuujjuaq, Que., QC</location>
	<station_id>CYVP</station_id>
	<latitude>58.1</latitude>
	<longitude>-68.4167</longitude>
	<observation_time>Last Updated on Feb 22 2018, 4:00 pm EST</observation_time>
        <observation_time_rfc822>Thu, 22 Feb 2018 16:00:00 -0500</observation_time_rfc822>
	<weather>Light Snow Low Drifting Snow</weather>
	<temperature_string>-9.0 F (-23.0 C)</temperature_string>
	<temp_f>-9.0</temp_f>
	<temp_c>-23.0</temp_c>
	<relative_humidity>64</relative_humidity>
	<wind_string>from the West at 5.8 gusting to 19.6 MPH (5 gusting to 17 KT)</wind_string>
	<wind_dir>West</wind_dir>
	<wind_degrees>280</wind_degrees>
	<wind_mph>5.8</wind_mph>
	<wind_gust_mph>19.6</wind_gust_mph>
	<wind_kt>5</wind_kt>
	<wind_gust_kt>17</wind_gust_kt>
	<pressure_string>1026.8 mb</pressure_string>
	<pressure_mb>1026.8</pressure_mb>
	<pressure_in>30.30</pressure_in>
	<dewpoint_string>-18.4 F (-28.0 C)</dewpoint_string>
	<dewpoint_f>-18.4</dewpoint_f>
	<dewpoint_c>-28.0</dewpoint_c>
	<windchill_string>-22 F (-30 C)</windchill_string>
      	<windchill_f>-22</windchill_f>
      	<windchill_c>-30</windchill_c>
	<visibility_mi>3.00</visibility_mi>
 	<icon_url_base>http://forecast.weather.gov/images/wtf/small/</icon_url_base>
	<two_day_history_url>http://www.weather.gov/data/obhistory/CYVP.html</two_day_history_url>
	<icon_url_name>sn.png</icon_url_name>
	<ob_url>http://www.weather.gov/data/METAR/CYVP.1.txt</ob_url>
	<disclaimer_url>http://weather.gov/disclaimer.html</disclaimer_url>
	<copyright_url>http://weather.gov/disclaimer.html</copyright_url>
	<privacy_policy_url>http://weather.gov/notice.html</privacy_policy_url>
</current_observation>
