<?xml version="1.0" encoding="ISO-8859-1"?> 
<?xml-stylesheet href="latest_ob.xsl" type="text/xsl"?>
<current_observation version="1.0"
	 xmlns:xsd="http://www.w3.org/2001/XMLSchema"
	 xmlns:xsi="http://www.w3.org/2001/XMLSchema-instance"
	 xsi:noNamespaceSchemaLocation="http://www.weather.gov/view/current_observation.xsd">
	<credit>NOAA's National Weather Service</credit>
	<credit_URL>http://weather.gov/</credit_URL>
	<image>
		<url>http://weather.gov/images/xml_logo.gif</url>
		<title>NOAA's National Weather Service</title>
		<link>http://weather.gov</link>
	</image>
	<suggested_pickup>15 minutes after the hour</suggested_pickup>
	<suggested_pickup_period>60</suggested_pickup_period>
	<location>Wabush Lake, Nfld., NF</location>
	<station_id>CYWK</station_id>
	<latitude>52.9333</latitude>
	<longitude>-66.8667</longitude>
	<observation_time>Last Updated on Feb 22 2018, 5:00 pm AST</observation_time>
        <observation_time_rfc822>Thu, 22 Feb 2018 17:00:00 -0400</observation_time_rfc822>
	<weather>Partly Cloudy</weather>
	<temperature_string>3.0 F (-16.0 C)</temperature_string>
	<temp_f>3.0</temp_f>
	<temp_c>-16.0</temp_c>
	<relative_humidity>60</relative_humidity>
	<wind_string>from the West at 10.4 gusting to 18.4 MPH (9 gusting to 16 KT)</wind_string>
	<wind_dir>West</wind_dir>
	<wind_degrees>260</wind_degrees>
	<wind_mph>10.4</wind_mph>
	<wind_gust_mph>18.4</wind_gust_mph>
	<wind_kt>9</wind_kt>
	<wind_gust_kt>16</wind_gust_kt>
	<pressure_string>1031.4 mb</pressure_string>
	<pressure_mb>1031.4</pressure_mb>
	<pressure_in>30.27</pressure_in>
	<dewpoint_string>-7.6 F (-22.0 C)</dewpoint_string>
	<dewpoint_f>-7.6</dewpoint_f>
	<dewpoint_c>-22.0</dewpoint_c>
	<windchill_string>-13 F (-25 C)</windchill_string>
      	<windchill_f>-13</windchill_f>
      	<windchill_c>-25</windchill_c>
	<visibility_mi>15.00</visibility_mi>
 	<icon_url_base>http://forecast.weather.gov/images/wtf/small/</icon_url_base>
	<two_day_history_url>http://www.weather.gov/data/obhistory/CYWK.html</two_day_history_url>
	<icon_url_name>sct.png</icon_url_name>
	<ob_url>http://www.weather.gov/data/METAR/CYWK.1.txt</ob_url>
	<disclaimer_url>http://weather.gov/disclaimer.html</disclaimer_url>
	<copyright_url>http://weather.gov/disclaimer.html</copyright_url>
	<privacy_policy_url>http://weather.gov/notice.html</privacy_policy_url>
</current_observation>
