<?xml version="1.0" encoding="ISO-8859-1"?> 
<?xml-stylesheet href="latest_ob.xsl" type="text/xsl"?>
<current_observation version="1.0"
	 xmlns:xsd="http://www.w3.org/2001/XMLSchema"
	 xmlns:xsi="http://www.w3.org/2001/XMLSchema-instance"
	 xsi:noNamespaceSchemaLocation="http://www.weather.gov/view/current_observation.xsd">
	<credit>NOAA's National Weather Service</credit>
	<credit_URL>http://weather.gov/</credit_URL>
	<image>
		<url>http://weather.gov/images/xml_logo.gif</url>
		<title>NOAA's National Weather Service</title>
		<link>http://weather.gov</link>
	</image>
	<suggested_pickup>15 minutes after the hour</suggested_pickup>
	<suggested_pickup_period>60</suggested_pickup_period>
	<location>Abbotsford, B. C., BC</location>
	<station_id>CYXX</station_id>
	<latitude>49.03333</latitude>
	<longitude>-122.36667</longitude>
	<observation_time>Last Updated on Oct 17 2017, 10:00 am PDT</observation_time>
        <observation_time_rfc822>Tue, 17 Oct 2017 10:00:00 -0700</observation_time_rfc822>
	<weather>Mostly Cloudy</weather>
	<temperature_string>52.0 F (11.0 C)</temperature_string>
	<temp_f>52.0</temp_f>
	<temp_c>11.0</temp_c>
	<relative_humidity>94</relative_humidity>
	<wind_string>from the South at 19.6 gusting to 28.8 MPH (17 gusting to 25 KT)</wind_string>
	<wind_dir>South</wind_dir>
	<wind_degrees>190</wind_degrees>
	<wind_mph>19.6</wind_mph>
	<wind_gust_mph>28.8</wind_gust_mph>
	<wind_kt>17</wind_kt>
	<wind_gust_kt>25</wind_gust_kt>
	<pressure_string>1009.9 mb</pressure_string>
	<pressure_mb>1009.9</pressure_mb>
	<pressure_in>29.82</pressure_in>
	<dewpoint_string>50.0 F (10.0 C)</dewpoint_string>
	<dewpoint_f>50.0</dewpoint_f>
	<dewpoint_c>10.0</dewpoint_c>
	<windchill_string>46 F (8 C)</windchill_string>
      	<windchill_f>46</windchill_f>
      	<windchill_c>8</windchill_c>
	<visibility_mi>10.00</visibility_mi>
 	<icon_url_base>http://forecast.weather.gov/images/wtf/small/</icon_url_base>
	<two_day_history_url>http://www.weather.gov/data/obhistory/CYXX.html</two_day_history_url>
	<icon_url_name>bkn.png</icon_url_name>
	<ob_url>http://www.weather.gov/data/METAR/CYXX.1.txt</ob_url>
	<disclaimer_url>http://weather.gov/disclaimer.html</disclaimer_url>
	<copyright_url>http://weather.gov/disclaimer.html</copyright_url>
	<privacy_policy_url>http://weather.gov/notice.html</privacy_policy_url>
</current_observation>
