<?xml version="1.0" encoding="ISO-8859-1"?> 
<?xml-stylesheet href="latest_ob.xsl" type="text/xsl"?>
<current_observation version="1.0"
	 xmlns:xsd="http://www.w3.org/2001/XMLSchema"
	 xmlns:xsi="http://www.w3.org/2001/XMLSchema-instance"
	 xsi:noNamespaceSchemaLocation="http://www.weather.gov/view/current_observation.xsd">
	<credit>NOAA's National Weather Service</credit>
	<credit_URL>http://weather.gov/</credit_URL>
	<image>
		<url>http://weather.gov/images/xml_logo.gif</url>
		<title>NOAA's National Weather Service</title>
		<link>http://weather.gov</link>
	</image>
	<suggested_pickup>15 minutes after the hour</suggested_pickup>
	<suggested_pickup_period>60</suggested_pickup_period>
	<location>Goose, Nfld., NF</location>
	<station_id>CYYR</station_id>
	<latitude>53.3167</latitude>
	<longitude>-60.4167</longitude>
	<observation_time>Last Updated on Feb 22 2018, 5:00 pm AST</observation_time>
        <observation_time_rfc822>Thu, 22 Feb 2018 17:00:00 -0400</observation_time_rfc822>
	<weather>Low Drifting Snow and Breezy</weather>
	<temperature_string>7.0 F (-14.0 C)</temperature_string>
	<temp_f>7.0</temp_f>
	<temp_c>-14.0</temp_c>
	<relative_humidity>47</relative_humidity>
	<wind_string>from the West at 20.7 gusting to 28.8 MPH (18 gusting to 25 KT)</wind_string>
	<wind_dir>West</wind_dir>
	<wind_degrees>280</wind_degrees>
	<wind_mph>20.7</wind_mph>
	<wind_gust_mph>28.8</wind_gust_mph>
	<wind_kt>18</wind_kt>
	<wind_gust_kt>25</wind_gust_kt>
	<pressure_string>1024.9 mb</pressure_string>
	<pressure_mb>1024.9</pressure_mb>
	<pressure_in>30.25</pressure_in>
	<dewpoint_string>-9.4 F (-23.0 C)</dewpoint_string>
	<dewpoint_f>-9.4</dewpoint_f>
	<dewpoint_c>-23.0</dewpoint_c>
	<windchill_string>-13 F (-25 C)</windchill_string>
      	<windchill_f>-13</windchill_f>
      	<windchill_c>-25</windchill_c>
	<visibility_mi>15.00</visibility_mi>
	<two_day_history_url>http://www.weather.gov/data/obhistory/CYYR.html</two_day_history_url>
	<ob_url>http://www.weather.gov/data/METAR/CYYR.1.txt</ob_url>
	<disclaimer_url>http://weather.gov/disclaimer.html</disclaimer_url>
	<copyright_url>http://weather.gov/disclaimer.html</copyright_url>
	<privacy_policy_url>http://weather.gov/notice.html</privacy_policy_url>
</current_observation>
