<?xml version="1.0" encoding="ISO-8859-1"?> 
<?xml-stylesheet href="latest_ob.xsl" type="text/xsl"?>
<current_observation version="1.0"
	 xmlns:xsd="http://www.w3.org/2001/XMLSchema"
	 xmlns:xsi="http://www.w3.org/2001/XMLSchema-instance"
	 xsi:noNamespaceSchemaLocation="http://www.weather.gov/view/current_observation.xsd">
	<credit>NOAA's National Weather Service</credit>
	<credit_URL>http://weather.gov/</credit_URL>
	<image>
		<url>http://weather.gov/images/xml_logo.gif</url>
		<title>NOAA's National Weather Service</title>
		<link>http://weather.gov</link>
	</image>
	<suggested_pickup>15 minutes after the hour</suggested_pickup>
	<suggested_pickup_period>60</suggested_pickup_period>
	<location>St. John's, Nfld, NF</location>
	<station_id>CYYT</station_id>
	<latitude>47.61667</latitude>
	<longitude>-52.73333</longitude>
	<observation_time>Last Updated on Oct 17 2017, 6:00 pm ZDT</observation_time>
        <observation_time_rfc822>Tue, 17 Oct 2017 18:00:00 +0100</observation_time_rfc822>
	<weather>Light Rain</weather>
	<temperature_string>39.0 F (4.0 C)</temperature_string>
	<temp_f>39.0</temp_f>
	<temp_c>4.0</temp_c>
	<relative_humidity>100</relative_humidity>
	<wind_string>Northeast at 6.9 MPH (6 KT)</wind_string>
	<wind_dir>Northeast</wind_dir>
	<wind_degrees>50</wind_degrees>
	<wind_mph>6.9</wind_mph>
	<wind_kt>6</wind_kt>
	<pressure_string>1010.2 mb</pressure_string>
	<pressure_mb>1010.2</pressure_mb>
	<pressure_in>29.81</pressure_in>
	<dewpoint_string>39.2 F (4.0 C)</dewpoint_string>
	<dewpoint_f>39.2</dewpoint_f>
	<dewpoint_c>4.0</dewpoint_c>
	<windchill_string>34 F (1 C)</windchill_string>
      	<windchill_f>34</windchill_f>
      	<windchill_c>1</windchill_c>
	<visibility_mi>15.00</visibility_mi>
 	<icon_url_base>http://forecast.weather.gov/images/wtf/small/</icon_url_base>
	<two_day_history_url>http://www.weather.gov/data/obhistory/CYYT.html</two_day_history_url>
	<icon_url_name>ra.png</icon_url_name>
	<ob_url>http://www.weather.gov/data/METAR/CYYT.1.txt</ob_url>
	<disclaimer_url>http://weather.gov/disclaimer.html</disclaimer_url>
	<copyright_url>http://weather.gov/disclaimer.html</copyright_url>
	<privacy_policy_url>http://weather.gov/notice.html</privacy_policy_url>
</current_observation>
