<?xml version="1.0" encoding="ISO-8859-1"?> 
<?xml-stylesheet href="latest_ob.xsl" type="text/xsl"?>
<current_observation version="1.0"
	 xmlns:xsd="http://www.w3.org/2001/XMLSchema"
	 xmlns:xsi="http://www.w3.org/2001/XMLSchema-instance"
	 xsi:noNamespaceSchemaLocation="http://www.weather.gov/view/current_observation.xsd">
	<credit>NOAA's National Weather Service</credit>
	<credit_URL>http://weather.gov/</credit_URL>
	<image>
		<url>http://weather.gov/images/xml_logo.gif</url>
		<title>NOAA's National Weather Service</title>
		<link>http://weather.gov</link>
	</image>
	<suggested_pickup>15 minutes after the hour</suggested_pickup>
	<suggested_pickup_period>60</suggested_pickup_period>
	<location>Yellowknife, N. W. T., NT</location>
	<station_id>CYZF</station_id>
	<latitude>62.46667</latitude>
	<longitude>-114.45</longitude>
	<observation_time>Last Updated on Oct 17 2017, 11:00 am MDT</observation_time>
        <observation_time_rfc822>Tue, 17 Oct 2017 11:00:00 -0600</observation_time_rfc822>
	<weather>Mostly Cloudy</weather>
	<temperature_string>21.0 F (-6.0 C)</temperature_string>
	<temp_f>21.0</temp_f>
	<temp_c>-6.0</temp_c>
	<relative_humidity>93</relative_humidity>
	<wind_string>Northeast at 5.8 MPH (5 KT)</wind_string>
	<wind_dir>Northeast</wind_dir>
	<wind_degrees>60</wind_degrees>
	<wind_mph>5.8</wind_mph>
	<wind_kt>5</wind_kt>
	<pressure_string>1000.0 mb</pressure_string>
	<pressure_mb>1000.0</pressure_mb>
	<pressure_in>29.48</pressure_in>
	<dewpoint_string>19.4 F (-7.0 C)</dewpoint_string>
	<dewpoint_f>19.4</dewpoint_f>
	<dewpoint_c>-7.0</dewpoint_c>
	<windchill_string>13 F (-11 C)</windchill_string>
      	<windchill_f>13</windchill_f>
      	<windchill_c>-11</windchill_c>
	<visibility_mi>8.00</visibility_mi>
 	<icon_url_base>http://forecast.weather.gov/images/wtf/small/</icon_url_base>
	<two_day_history_url>http://www.weather.gov/data/obhistory/CYZF.html</two_day_history_url>
	<icon_url_name>bkn.png</icon_url_name>
	<ob_url>http://www.weather.gov/data/METAR/CYZF.1.txt</ob_url>
	<disclaimer_url>http://weather.gov/disclaimer.html</disclaimer_url>
	<copyright_url>http://weather.gov/disclaimer.html</copyright_url>
	<privacy_policy_url>http://weather.gov/notice.html</privacy_policy_url>
</current_observation>
