<?xml version="1.0" encoding="ISO-8859-1"?> 
<?xml-stylesheet href="latest_ob.xsl" type="text/xsl"?>
<current_observation version="1.0"
	 xmlns:xsd="http://www.w3.org/2001/XMLSchema"
	 xmlns:xsi="http://www.w3.org/2001/XMLSchema-instance"
	 xsi:noNamespaceSchemaLocation="http://www.weather.gov/view/current_observation.xsd">
	<credit>NOAA's National Weather Service</credit>
	<credit_URL>http://weather.gov/</credit_URL>
	<image>
		<url>http://weather.gov/images/xml_logo.gif</url>
		<title>NOAA's National Weather Service</title>
		<link>http://weather.gov</link>
	</image>
	<suggested_pickup>15 minutes after the hour</suggested_pickup>
	<suggested_pickup_period>60</suggested_pickup_period>
	<location>Yellowknife, N. W. T., NT</location>
	<station_id>CYZF</station_id>
	<latitude>62.4667</latitude>
	<longitude>-114.45</longitude>
	<observation_time>Last Updated on Feb 22 2018, 2:00 pm MST</observation_time>
        <observation_time_rfc822>Thu, 22 Feb 2018 14:00:00 -0700</observation_time_rfc822>
	<weather>Light Snow Low Drifting Snow</weather>
	<temperature_string>-8.0 F (-22.0 C)</temperature_string>
	<temp_f>-8.0</temp_f>
	<temp_c>-22.0</temp_c>
	<relative_humidity>70</relative_humidity>
	<wind_string>South at 16.1 MPH (14 KT)</wind_string>
	<wind_dir>South</wind_dir>
	<wind_degrees>180</wind_degrees>
	<wind_mph>16.1</wind_mph>
	<wind_kt>14</wind_kt>
	<pressure_string>1016.7 mb</pressure_string>
	<pressure_mb>1016.7</pressure_mb>
	<pressure_in>29.93</pressure_in>
	<dewpoint_string>-14.8 F (-26.0 C)</dewpoint_string>
	<dewpoint_f>-14.8</dewpoint_f>
	<dewpoint_c>-26.0</dewpoint_c>
	<windchill_string>-30 F (-34 C)</windchill_string>
      	<windchill_f>-30</windchill_f>
      	<windchill_c>-34</windchill_c>
	<visibility_mi>1.50</visibility_mi>
 	<icon_url_base>http://forecast.weather.gov/images/wtf/small/</icon_url_base>
	<two_day_history_url>http://www.weather.gov/data/obhistory/CYZF.html</two_day_history_url>
	<icon_url_name>sn.png</icon_url_name>
	<ob_url>http://www.weather.gov/data/METAR/CYZF.1.txt</ob_url>
	<disclaimer_url>http://weather.gov/disclaimer.html</disclaimer_url>
	<copyright_url>http://weather.gov/disclaimer.html</copyright_url>
	<privacy_policy_url>http://weather.gov/notice.html</privacy_policy_url>
</current_observation>
