<?xml version="1.0" encoding="ISO-8859-1"?> 
<?xml-stylesheet href="latest_ob.xsl" type="text/xsl"?>
<current_observation version="1.0"
	 xmlns:xsd="http://www.w3.org/2001/XMLSchema"
	 xmlns:xsi="http://www.w3.org/2001/XMLSchema-instance"
	 xsi:noNamespaceSchemaLocation="http://www.weather.gov/view/current_observation.xsd">
	<credit>NOAA's National Weather Service</credit>
	<credit_URL>http://weather.gov/</credit_URL>
	<image>
		<url>http://weather.gov/images/xml_logo.gif</url>
		<title>NOAA's National Weather Service</title>
		<link>http://weather.gov</link>
	</image>
	<suggested_pickup>15 minutes after the hour</suggested_pickup>
	<suggested_pickup_period>60</suggested_pickup_period>
	<location>Sept-Iles, Que., QC</location>
	<station_id>CYZV</station_id>
	<latitude>50.21667</latitude>
	<longitude>-66.26667</longitude>
	<observation_time>Last Updated on Oct 17 2017, 1:00 pm EDT</observation_time>
        <observation_time_rfc822>Tue, 17 Oct 2017 13:00:00 -0400</observation_time_rfc822>
	<weather>Partly Cloudy</weather>
	<temperature_string>39.0 F (4.0 C)</temperature_string>
	<temp_f>39.0</temp_f>
	<temp_c>4.0</temp_c>
	<relative_humidity>52</relative_humidity>
	<wind_string>from the South at 9.2 gusting to 17.3 MPH (8 gusting to 15 KT)</wind_string>
	<wind_dir>South</wind_dir>
	<wind_degrees>190</wind_degrees>
	<wind_mph>9.2</wind_mph>
	<wind_gust_mph>17.3</wind_gust_mph>
	<wind_kt>8</wind_kt>
	<wind_gust_kt>15</wind_gust_kt>
	<pressure_string>1016.6 mb</pressure_string>
	<pressure_mb>1016.6</pressure_mb>
	<pressure_in>30.01</pressure_in>
	<dewpoint_string>23.0 F (-5.0 C)</dewpoint_string>
	<dewpoint_f>23.0</dewpoint_f>
	<dewpoint_c>-5.0</dewpoint_c>
	<windchill_string>33 F (1 C)</windchill_string>
      	<windchill_f>33</windchill_f>
      	<windchill_c>1</windchill_c>
	<visibility_mi>30.00</visibility_mi>
 	<icon_url_base>http://forecast.weather.gov/images/wtf/small/</icon_url_base>
	<two_day_history_url>http://www.weather.gov/data/obhistory/CYZV.html</two_day_history_url>
	<icon_url_name>sct.png</icon_url_name>
	<ob_url>http://www.weather.gov/data/METAR/CYZV.1.txt</ob_url>
	<disclaimer_url>http://weather.gov/disclaimer.html</disclaimer_url>
	<copyright_url>http://weather.gov/disclaimer.html</copyright_url>
	<privacy_policy_url>http://weather.gov/notice.html</privacy_policy_url>
</current_observation>
