<?xml version="1.0" encoding="ISO-8859-1"?> 
<?xml-stylesheet href="latest_ob.xsl" type="text/xsl"?>
<current_observation version="1.0"
	 xmlns:xsd="http://www.w3.org/2001/XMLSchema"
	 xmlns:xsi="http://www.w3.org/2001/XMLSchema-instance"
	 xsi:noNamespaceSchemaLocation="http://www.weather.gov/view/current_observation.xsd">
	<credit>NOAA's National Weather Service</credit>
	<credit_URL>http://weather.gov/</credit_URL>
	<image>
		<url>http://weather.gov/images/xml_logo.gif</url>
		<title>NOAA's National Weather Service</title>
		<link>http://weather.gov</link>
	</image>
	<suggested_pickup>15 minutes after the hour</suggested_pickup>
	<suggested_pickup_period>60</suggested_pickup_period>
	<location>Sept-Iles, Que., QC</location>
	<station_id>CYZV</station_id>
	<latitude>50.2167</latitude>
	<longitude>-66.2667</longitude>
	<observation_time>Last Updated on Feb 22 2018, 4:00 pm EST</observation_time>
        <observation_time_rfc822>Thu, 22 Feb 2018 16:00:00 -0500</observation_time_rfc822>
	<weather>Partly Cloudy</weather>
	<temperature_string>16.0 F (-9.0 C)</temperature_string>
	<temp_f>16.0</temp_f>
	<temp_c>-9.0</temp_c>
	<relative_humidity>41</relative_humidity>
	<wind_string>Northwest at 13.8 MPH (12 KT)</wind_string>
	<wind_dir>Northwest</wind_dir>
	<wind_degrees>300</wind_degrees>
	<wind_mph>13.8</wind_mph>
	<wind_kt>12</wind_kt>
	<pressure_string>1033.7 mb</pressure_string>
	<pressure_mb>1033.7</pressure_mb>
	<pressure_in>30.51</pressure_in>
	<dewpoint_string>-4.0 F (-20.0 C)</dewpoint_string>
	<dewpoint_f>-4.0</dewpoint_f>
	<dewpoint_c>-20.0</dewpoint_c>
	<windchill_string>2 F (-17 C)</windchill_string>
      	<windchill_f>2</windchill_f>
      	<windchill_c>-17</windchill_c>
	<visibility_mi>30.00</visibility_mi>
 	<icon_url_base>http://forecast.weather.gov/images/wtf/small/</icon_url_base>
	<two_day_history_url>http://www.weather.gov/data/obhistory/CYZV.html</two_day_history_url>
	<icon_url_name>sct.png</icon_url_name>
	<ob_url>http://www.weather.gov/data/METAR/CYZV.1.txt</ob_url>
	<disclaimer_url>http://weather.gov/disclaimer.html</disclaimer_url>
	<copyright_url>http://weather.gov/disclaimer.html</copyright_url>
	<privacy_policy_url>http://weather.gov/notice.html</privacy_policy_url>
</current_observation>
