<?xml version="1.0" encoding="ISO-8859-1"?> 
<?xml-stylesheet href="latest_ob.xsl" type="text/xsl"?>
<current_observation version="1.0"
	 xmlns:xsd="http://www.w3.org/2001/XMLSchema"
	 xmlns:xsi="http://www.w3.org/2001/XMLSchema-instance"
	 xsi:noNamespaceSchemaLocation="http://www.weather.gov/view/current_observation.xsd">
	<credit>NOAA's National Weather Service</credit>
	<credit_URL>http://weather.gov/</credit_URL>
	<image>
		<url>http://weather.gov/images/xml_logo.gif</url>
		<title>NOAA's National Weather Service</title>
		<link>http://weather.gov</link>
	</image>
	<suggested_pickup>15 minutes after the hour</suggested_pickup>
	<suggested_pickup_period>60</suggested_pickup_period>
	<location>Mackenzie, B. C., BC</location>
	<station_id>CYZY</station_id>
	<latitude>55.3</latitude>
	<longitude>-123.133</longitude>
	<observation_time>Last Updated on Feb 22 2018, 1:00 pm PST</observation_time>
        <observation_time_rfc822>Thu, 22 Feb 2018 13:00:00 -0800</observation_time_rfc822>
	<weather>Light Snow</weather>
	<temperature_string>12.0 F (-11.0 C)</temperature_string>
	<temp_f>12.0</temp_f>
	<temp_c>-11.0</temp_c>
	<relative_humidity>92</relative_humidity>
	<wind_string>South at 9.2 MPH (8 KT)</wind_string>
	<wind_dir>South</wind_dir>
	<wind_degrees>170</wind_degrees>
	<wind_mph>9.2</wind_mph>
	<wind_kt>8</wind_kt>
	<pressure_string>1030.5 mb</pressure_string>
	<pressure_mb>1030.5</pressure_mb>
	<pressure_in>30.23</pressure_in>
	<dewpoint_string>10.4 F (-12.0 C)</dewpoint_string>
	<dewpoint_f>10.4</dewpoint_f>
	<dewpoint_c>-12.0</dewpoint_c>
	<visibility_mi>9.00</visibility_mi>
 	<icon_url_base>http://forecast.weather.gov/images/wtf/small/</icon_url_base>
	<two_day_history_url>http://www.weather.gov/data/obhistory/CYZY.html</two_day_history_url>
	<icon_url_name>sn.png</icon_url_name>
	<ob_url>http://www.weather.gov/data/METAR/CYZY.1.txt</ob_url>
	<disclaimer_url>http://weather.gov/disclaimer.html</disclaimer_url>
	<copyright_url>http://weather.gov/disclaimer.html</copyright_url>
	<privacy_policy_url>http://weather.gov/notice.html</privacy_policy_url>
</current_observation>
