<?xml version="1.0" encoding="ISO-8859-1"?> 
<?xml-stylesheet href="latest_ob.xsl" type="text/xsl"?>
<current_observation version="1.0"
	 xmlns:xsd="http://www.w3.org/2001/XMLSchema"
	 xmlns:xsi="http://www.w3.org/2001/XMLSchema-instance"
	 xsi:noNamespaceSchemaLocation="http://www.weather.gov/view/current_observation.xsd">
	<credit>NOAA's National Weather Service</credit>
	<credit_URL>http://weather.gov/</credit_URL>
	<image>
		<url>http://weather.gov/images/xml_logo.gif</url>
		<title>NOAA's National Weather Service</title>
		<link>http://weather.gov</link>
	</image>
	<suggested_pickup>15 minutes after the hour</suggested_pickup>
	<suggested_pickup_period>60</suggested_pickup_period>
	<location>Bathurst Airport Aviation Weather Reporting Station, NB</location>
	<station_id>CZBF</station_id>
	<latitude>47.6333</latitude>
	<longitude>-65.75</longitude>
	<observation_time>Last Updated on Feb 22 2018, 5:00 pm AST</observation_time>
        <observation_time_rfc822>Thu, 22 Feb 2018 17:00:00 -0400</observation_time_rfc822>
	<weather>Overcast</weather>
	<temperature_string>23.0 F (-5.0 C)</temperature_string>
	<temp_f>23.0</temp_f>
	<temp_c>-5.0</temp_c>
	<relative_humidity>42</relative_humidity>
	<wind_string>from the West at 8.1 gusting to 18.4 MPH (7 gusting to 16 KT)</wind_string>
	<wind_dir>West</wind_dir>
	<wind_degrees>290</wind_degrees>
	<wind_mph>8.1</wind_mph>
	<wind_gust_mph>18.4</wind_gust_mph>
	<wind_kt>7</wind_kt>
	<wind_gust_kt>16</wind_gust_kt>
	<pressure_string>1035.3 mb</pressure_string>
	<pressure_mb>1035.3</pressure_mb>
	<pressure_in>30.55</pressure_in>
	<dewpoint_string>3.2 F (-16.0 C)</dewpoint_string>
	<dewpoint_f>3.2</dewpoint_f>
	<dewpoint_c>-16.0</dewpoint_c>
	<windchill_string>14 F (-10 C)</windchill_string>
      	<windchill_f>14</windchill_f>
      	<windchill_c>-10</windchill_c>
	<visibility_mi>15.00</visibility_mi>
 	<icon_url_base>http://forecast.weather.gov/images/wtf/small/</icon_url_base>
	<two_day_history_url>http://www.weather.gov/data/obhistory/CZBF.html</two_day_history_url>
	<icon_url_name>ovc.png</icon_url_name>
	<ob_url>http://www.weather.gov/data/METAR/CZBF.1.txt</ob_url>
	<disclaimer_url>http://weather.gov/disclaimer.html</disclaimer_url>
	<copyright_url>http://weather.gov/disclaimer.html</copyright_url>
	<privacy_policy_url>http://weather.gov/notice.html</privacy_policy_url>
</current_observation>
