<?xml version="1.0" encoding="ISO-8859-1"?> 
<?xml-stylesheet href="latest_ob.xsl" type="text/xsl"?>
<current_observation version="1.0"
	 xmlns:xsd="http://www.w3.org/2001/XMLSchema"
	 xmlns:xsi="http://www.w3.org/2001/XMLSchema-instance"
	 xsi:noNamespaceSchemaLocation="http://www.weather.gov/view/current_observation.xsd">
	<credit>NOAA's National Weather Service</credit>
	<credit_URL>http://weather.gov/</credit_URL>
	<image>
		<url>http://weather.gov/images/xml_logo.gif</url>
		<title>NOAA's National Weather Service</title>
		<link>http://weather.gov</link>
	</image>
	<suggested_pickup>15 minutes after the hour</suggested_pickup>
	<suggested_pickup_period>60</suggested_pickup_period>
	<location>CHARLO AUTO, NB</location>
	<station_id>CZCR</station_id>
	<latitude>47.98</latitude>
	<longitude>-66.33</longitude>
	<observation_time>Last Updated on Feb 22 2018, 5:00 pm AST</observation_time>
        <observation_time_rfc822>Thu, 22 Feb 2018 17:00:00 -0400</observation_time_rfc822>
	<temperature_string>21.0 F (-6.3 C)</temperature_string>
	<temp_f>21.0</temp_f>
	<temp_c>-6.3</temp_c>
	<relative_humidity>50</relative_humidity>
	<wind_string>West at 16.1 MPH (14 KT)</wind_string>
	<wind_dir>West</wind_dir>
	<wind_degrees>290</wind_degrees>
	<wind_mph>16.1</wind_mph>
	<wind_kt>14</wind_kt>
	<pressure_string>1035.6 mb</pressure_string>
	<pressure_mb>1035.6</pressure_mb>
	<dewpoint_string>4.8 F (-15.1 C)</dewpoint_string>
	<dewpoint_f>4.8</dewpoint_f>
	<dewpoint_c>-15.1</dewpoint_c>
	<windchill_string>7 F (-14 C)</windchill_string>
      	<windchill_f>7</windchill_f>
      	<windchill_c>-14</windchill_c>
	<two_day_history_url>http://www.weather.gov/data/obhistory/CZCR.html</two_day_history_url>
	<ob_url>http://www.weather.gov/data/METAR/CZCR.1.txt</ob_url>
	<disclaimer_url>http://weather.gov/disclaimer.html</disclaimer_url>
	<copyright_url>http://weather.gov/disclaimer.html</copyright_url>
	<privacy_policy_url>http://weather.gov/notice.html</privacy_policy_url>
</current_observation>
