<?xml version="1.0" encoding="ISO-8859-1"?> 
<?xml-stylesheet href="latest_ob.xsl" type="text/xsl"?>
<current_observation version="1.0"
	 xmlns:xsd="http://www.w3.org/2001/XMLSchema"
	 xmlns:xsi="http://www.w3.org/2001/XMLSchema-instance"
	 xsi:noNamespaceSchemaLocation="http://www.weather.gov/view/current_observation.xsd">
	<credit>NOAA's National Weather Service</credit>
	<credit_URL>http://weather.gov/</credit_URL>
	<image>
		<url>http://weather.gov/images/xml_logo.gif</url>
		<title>NOAA's National Weather Service</title>
		<link>http://weather.gov</link>
	</image>
	<suggested_pickup>15 minutes after the hour</suggested_pickup>
	<suggested_pickup_period>60</suggested_pickup_period>
	<location>HAY RIVER CLIMATE, NT</location>
	<station_id>CZHY</station_id>
	<latitude>60.83</latitude>
	<longitude>-115.78</longitude>
	<observation_time>Last Updated on Oct 17 2017, 11:00 am MDT</observation_time>
        <observation_time_rfc822>Tue, 17 Oct 2017 11:00:00 -0600</observation_time_rfc822>
	<temperature_string>33.0 F (0.5 C)</temperature_string>
	<temp_f>33.0</temp_f>
	<temp_c>0.5</temp_c>
	<relative_humidity>95</relative_humidity>
	<wind_string>from the East at 9.2 gusting to 18.4 MPH (8 gusting to 16 KT)</wind_string>
	<wind_dir>East</wind_dir>
	<wind_degrees>80</wind_degrees>
	<wind_mph>9.2</wind_mph>
	<wind_gust_mph>18.4</wind_gust_mph>
	<wind_kt>8</wind_kt>
	<wind_gust_kt>16</wind_gust_kt>
	<pressure_string>996.5 mb</pressure_string>
	<pressure_mb>996.5</pressure_mb>
	<dewpoint_string>31.6 F (-0.2 C)</dewpoint_string>
	<dewpoint_f>31.6</dewpoint_f>
	<dewpoint_c>-0.2</dewpoint_c>
	<windchill_string>25 F (-4 C)</windchill_string>
      	<windchill_f>25</windchill_f>
      	<windchill_c>-4</windchill_c>
	<two_day_history_url>http://www.weather.gov/data/obhistory/CZHY.html</two_day_history_url>
	<ob_url>http://www.weather.gov/data/METAR/CZHY.1.txt</ob_url>
	<disclaimer_url>http://weather.gov/disclaimer.html</disclaimer_url>
	<copyright_url>http://weather.gov/disclaimer.html</copyright_url>
	<privacy_policy_url>http://weather.gov/notice.html</privacy_policy_url>
</current_observation>
