<?xml version="1.0" encoding="ISO-8859-1"?> 
<?xml-stylesheet href="latest_ob.xsl" type="text/xsl"?>
<current_observation version="1.0"
	 xmlns:xsd="http://www.w3.org/2001/XMLSchema"
	 xmlns:xsi="http://www.w3.org/2001/XMLSchema-instance"
	 xsi:noNamespaceSchemaLocation="http://www.weather.gov/view/current_observation.xsd">
	<credit>NOAA's National Weather Service</credit>
	<credit_URL>http://weather.gov/</credit_URL>
	<image>
		<url>http://weather.gov/images/xml_logo.gif</url>
		<title>NOAA's National Weather Service</title>
		<link>http://weather.gov</link>
	</image>
	<suggested_pickup>15 minutes after the hour</suggested_pickup>
	<suggested_pickup_period>60</suggested_pickup_period>
	<location>MUNDARE AGDM, AB</location>
	<station_id>CZMU</station_id>
	<latitude>53.57</latitude>
	<longitude>-112.3</longitude>
	<observation_time>Last Updated on Oct 17 2017, 11:00 am MDT</observation_time>
        <observation_time_rfc822>Tue, 17 Oct 2017 11:00:00 -0600</observation_time_rfc822>
	<temperature_string>48.0 F (8.9 C)</temperature_string>
	<temp_f>48.0</temp_f>
	<temp_c>8.9</temp_c>
	<relative_humidity>69</relative_humidity>
	<wind_string>South at 5.8 MPH (5 KT)</wind_string>
	<wind_dir>South</wind_dir>
	<wind_degrees>170</wind_degrees>
	<wind_mph>5.8</wind_mph>
	<wind_kt>5</wind_kt>
	<dewpoint_string>38.1 F (3.4 C)</dewpoint_string>
	<dewpoint_f>38.1</dewpoint_f>
	<dewpoint_c>3.4</dewpoint_c>
	<windchill_string>45 F (7 C)</windchill_string>
      	<windchill_f>45</windchill_f>
      	<windchill_c>7</windchill_c>
	<two_day_history_url>http://www.weather.gov/data/obhistory/CZMU.html</two_day_history_url>
	<ob_url>http://www.weather.gov/data/METAR/CZMU.1.txt</ob_url>
	<disclaimer_url>http://weather.gov/disclaimer.html</disclaimer_url>
	<copyright_url>http://weather.gov/disclaimer.html</copyright_url>
	<privacy_policy_url>http://weather.gov/notice.html</privacy_policy_url>
</current_observation>
