<?xml version="1.0" encoding="ISO-8859-1"?> 
<?xml-stylesheet href="latest_ob.xsl" type="text/xsl"?>
<current_observation version="1.0"
	 xmlns:xsd="http://www.w3.org/2001/XMLSchema"
	 xmlns:xsi="http://www.w3.org/2001/XMLSchema-instance"
	 xsi:noNamespaceSchemaLocation="http://www.weather.gov/view/current_observation.xsd">
	<credit>NOAA's National Weather Service</credit>
	<credit_URL>http://weather.gov/</credit_URL>
	<image>
		<url>http://weather.gov/images/xml_logo.gif</url>
		<title>NOAA's National Weather Service</title>
		<link>http://weather.gov</link>
	</image>
	<suggested_pickup>15 minutes after the hour</suggested_pickup>
	<suggested_pickup_period>60</suggested_pickup_period>
	<location>PRENTISS ALBERTA, AB</location>
	<station_id>CZPS</station_id>
	<latitude>52.43</latitude>
	<longitude>-113.6</longitude>
	<observation_time>Last Updated on Feb 22 2018, 2:00 pm MST</observation_time>
        <observation_time_rfc822>Thu, 22 Feb 2018 14:00:00 -0700</observation_time_rfc822>
	<temperature_string>20.0 F (-6.5 C)</temperature_string>
	<temp_f>20.0</temp_f>
	<temp_c>-6.5</temp_c>
	<relative_humidity>72</relative_humidity>
	<wind_string>West at 5.8 MPH (5 KT)</wind_string>
	<wind_dir>West</wind_dir>
	<wind_degrees>280</wind_degrees>
	<wind_mph>5.8</wind_mph>
	<wind_kt>5</wind_kt>
	<dewpoint_string>12.6 F (-10.8 C)</dewpoint_string>
	<dewpoint_f>12.6</dewpoint_f>
	<dewpoint_c>-10.8</dewpoint_c>
	<windchill_string>12 F (-11 C)</windchill_string>
      	<windchill_f>12</windchill_f>
      	<windchill_c>-11</windchill_c>
	<two_day_history_url>http://www.weather.gov/data/obhistory/CZPS.html</two_day_history_url>
	<ob_url>http://www.weather.gov/data/METAR/CZPS.1.txt</ob_url>
	<disclaimer_url>http://weather.gov/disclaimer.html</disclaimer_url>
	<copyright_url>http://weather.gov/disclaimer.html</copyright_url>
	<privacy_policy_url>http://weather.gov/notice.html</privacy_policy_url>
</current_observation>
