<?xml version="1.0" encoding="ISO-8859-1"?> 
<?xml-stylesheet href="latest_ob.xsl" type="text/xsl"?>
<current_observation version="1.0"
	 xmlns:xsd="http://www.w3.org/2001/XMLSchema"
	 xmlns:xsi="http://www.w3.org/2001/XMLSchema-instance"
	 xsi:noNamespaceSchemaLocation="http://www.weather.gov/view/current_observation.xsd">
	<credit>NOAA's National Weather Service</credit>
	<credit_URL>http://weather.gov/</credit_URL>
	<image>
		<url>http://weather.gov/images/xml_logo.gif</url>
		<title>NOAA's National Weather Service</title>
		<link>http://weather.gov</link>
	</image>
	<suggested_pickup>15 minutes after the hour</suggested_pickup>
	<suggested_pickup_period>60</suggested_pickup_period>
	<location>ST. PETERS, PE</location>
	<station_id>CZSP</station_id>
	<latitude>46.45</latitude>
	<longitude>-62.58</longitude>
	<observation_time>Last Updated on Feb 22 2018, 4:00 pm AST</observation_time>
        <observation_time_rfc822>Thu, 22 Feb 2018 16:00:00 -0400</observation_time_rfc822>
	<temperature_string>50.0 F (9.9 C)</temperature_string>
	<temp_f>50.0</temp_f>
	<temp_c>9.9</temp_c>
	<relative_humidity>86</relative_humidity>
	<wind_string>from the Southwest at 19.6 gusting to 26.5 MPH (17 gusting to 23 KT)</wind_string>
	<wind_dir>Southwest</wind_dir>
	<wind_degrees>210</wind_degrees>
	<wind_mph>19.6</wind_mph>
	<wind_gust_mph>26.5</wind_gust_mph>
	<wind_kt>17</wind_kt>
	<wind_gust_kt>23</wind_gust_kt>
	<pressure_string>1011.8 mb</pressure_string>
	<pressure_mb>1011.8</pressure_mb>
	<dewpoint_string>45.9 F (7.7 C)</dewpoint_string>
	<dewpoint_f>45.9</dewpoint_f>
	<dewpoint_c>7.7</dewpoint_c>
	<windchill_string>44 F (7 C)</windchill_string>
      	<windchill_f>44</windchill_f>
      	<windchill_c>7</windchill_c>
	<two_day_history_url>http://www.weather.gov/data/obhistory/CZSP.html</two_day_history_url>
	<ob_url>http://www.weather.gov/data/METAR/CZSP.1.txt</ob_url>
	<disclaimer_url>http://weather.gov/disclaimer.html</disclaimer_url>
	<copyright_url>http://weather.gov/disclaimer.html</copyright_url>
	<privacy_policy_url>http://weather.gov/notice.html</privacy_policy_url>
</current_observation>
