<?xml version="1.0" encoding="ISO-8859-1"?> 
<?xml-stylesheet href="latest_ob.xsl" type="text/xsl"?>
<current_observation version="1.0"
	 xmlns:xsd="http://www.w3.org/2001/XMLSchema"
	 xmlns:xsi="http://www.w3.org/2001/XMLSchema-instance"
	 xsi:noNamespaceSchemaLocation="http://www.weather.gov/view/current_observation.xsd">
	<credit>NOAA's National Weather Service</credit>
	<credit_URL>http://weather.gov/</credit_URL>
	<image>
		<url>http://weather.gov/images/xml_logo.gif</url>
		<title>NOAA's National Weather Service</title>
		<link>http://weather.gov</link>
	</image>
	<suggested_pickup>15 minutes after the hour</suggested_pickup>
	<suggested_pickup_period>60</suggested_pickup_period>
	<location>Berthoud Pass, CO</location>
	<station_id>K0CO</station_id>
	<latitude>39.7945</latitude>
	<longitude>-105.764</longitude>
	<observation_time>Last Updated on Feb 22 2018, 2:54 pm MST</observation_time>
        <observation_time_rfc822>Thu, 22 Feb 2018 14:54:00 -0700</observation_time_rfc822>
	<weather>Light Snow</weather>
	<temperature_string>5.0 F (-15.0 C)</temperature_string>
	<temp_f>5.0</temp_f>
	<temp_c>-15.0</temp_c>
	<relative_humidity>60</relative_humidity>
	<wind_string>from the Northwest at 8.1 gusting to 16.1 MPH (7 gusting to 14 KT)</wind_string>
	<wind_dir>Northwest</wind_dir>
	<wind_degrees>320</wind_degrees>
	<wind_mph>8.1</wind_mph>
	<wind_gust_mph>16.1</wind_gust_mph>
	<wind_kt>7</wind_kt>
	<wind_gust_kt>14</wind_gust_kt>
	<pressure_in>29.74</pressure_in>
	<dewpoint_string>-5.8 F (-21.0 C)</dewpoint_string>
	<dewpoint_f>-5.8</dewpoint_f>
	<dewpoint_c>-21.0</dewpoint_c>
	<windchill_string>-8 F (-22 C)</windchill_string>
      	<windchill_f>-8</windchill_f>
      	<windchill_c>-22</windchill_c>
	<visibility_mi>0.50</visibility_mi>
 	<icon_url_base>http://forecast.weather.gov/images/wtf/small/</icon_url_base>
	<two_day_history_url>http://www.weather.gov/data/obhistory/K0CO.html</two_day_history_url>
	<icon_url_name>sn.png</icon_url_name>
	<ob_url>http://www.weather.gov/data/METAR/K0CO.1.txt</ob_url>
	<disclaimer_url>http://weather.gov/disclaimer.html</disclaimer_url>
	<copyright_url>http://weather.gov/disclaimer.html</copyright_url>
	<privacy_policy_url>http://weather.gov/notice.html</privacy_policy_url>
</current_observation>
