<?xml version="1.0" encoding="ISO-8859-1"?> 
<?xml-stylesheet href="latest_ob.xsl" type="text/xsl"?>
<current_observation version="1.0"
	 xmlns:xsd="http://www.w3.org/2001/XMLSchema"
	 xmlns:xsi="http://www.w3.org/2001/XMLSchema-instance"
	 xsi:noNamespaceSchemaLocation="http://www.weather.gov/view/current_observation.xsd">
	<credit>NOAA's National Weather Service</credit>
	<credit_URL>http://weather.gov/</credit_URL>
	<image>
		<url>http://weather.gov/images/xml_logo.gif</url>
		<title>NOAA's National Weather Service</title>
		<link>http://weather.gov</link>
	</image>
	<suggested_pickup>15 minutes after the hour</suggested_pickup>
	<suggested_pickup_period>60</suggested_pickup_period>
	<location>Moriarty Municipal Airport, NM</location>
	<station_id>K0E0</station_id>
	<latitude>34.9837</latitude>
	<longitude>-105.996</longitude>
	<observation_time>Last Updated on Feb 22 2018, 2:35 pm MST</observation_time>
        <observation_time_rfc822>Thu, 22 Feb 2018 14:35:00 -0700</observation_time_rfc822>
	<weather>Partly Cloudy</weather>
	<temperature_string>45.0 F (7.2 C)</temperature_string>
	<temp_f>45.0</temp_f>
	<temp_c>7.2</temp_c>
	<relative_humidity>36</relative_humidity>
	<wind_string>from the West at 16.1 gusting to 24.2 MPH (14 gusting to 21 KT)</wind_string>
	<wind_dir>West</wind_dir>
	<wind_degrees>280</wind_degrees>
	<wind_mph>16.1</wind_mph>
	<wind_gust_mph>24.2</wind_gust_mph>
	<wind_kt>14</wind_kt>
	<wind_gust_kt>21</wind_gust_kt>
	<pressure_in>30.03</pressure_in>
	<dewpoint_string>19.2 F (-7.1 C)</dewpoint_string>
	<dewpoint_f>19.2</dewpoint_f>
	<dewpoint_c>-7.1</dewpoint_c>
	<windchill_string>38 F (3 C)</windchill_string>
      	<windchill_f>38</windchill_f>
      	<windchill_c>3</windchill_c>
	<visibility_mi>10.00</visibility_mi>
 	<icon_url_base>http://forecast.weather.gov/images/wtf/small/</icon_url_base>
	<two_day_history_url>http://www.weather.gov/data/obhistory/K0E0.html</two_day_history_url>
	<icon_url_name>sct.png</icon_url_name>
	<ob_url>http://www.weather.gov/data/METAR/K0E0.1.txt</ob_url>
	<disclaimer_url>http://weather.gov/disclaimer.html</disclaimer_url>
	<copyright_url>http://weather.gov/disclaimer.html</copyright_url>
	<privacy_policy_url>http://weather.gov/notice.html</privacy_policy_url>
</current_observation>
