<?xml version="1.0" encoding="ISO-8859-1"?> 
<?xml-stylesheet href="latest_ob.xsl" type="text/xsl"?>
<current_observation version="1.0"
	 xmlns:xsd="http://www.w3.org/2001/XMLSchema"
	 xmlns:xsi="http://www.w3.org/2001/XMLSchema-instance"
	 xsi:noNamespaceSchemaLocation="http://www.weather.gov/view/current_observation.xsd">
	<credit>NOAA's National Weather Service</credit>
	<credit_URL>http://weather.gov/</credit_URL>
	<image>
		<url>http://weather.gov/images/xml_logo.gif</url>
		<title>NOAA's National Weather Service</title>
		<link>http://weather.gov</link>
	</image>
	<suggested_pickup>15 minutes after the hour</suggested_pickup>
	<suggested_pickup_period>60</suggested_pickup_period>
	<location>Brenham, Brenham Municipal Airport, TX</location>
	<station_id>K11R</station_id>
	<latitude>30.2189</latitude>
	<longitude>-96.3742</longitude>
	<observation_time>Last Updated on Feb 22 2018, 3:35 pm CST</observation_time>
        <observation_time_rfc822>Thu, 22 Feb 2018 15:35:00 -0600</observation_time_rfc822>
	<weather>Fog/Mist</weather>
	<temperature_string>49.0 F (9.2 C)</temperature_string>
	<temp_f>49.0</temp_f>
	<temp_c>9.2</temp_c>
	<relative_humidity>100</relative_humidity>
	<wind_string>North at 5.8 MPH (5 KT)</wind_string>
	<wind_dir>North</wind_dir>
	<wind_degrees>350</wind_degrees>
	<wind_mph>5.8</wind_mph>
	<wind_kt>5</wind_kt>
	<pressure_in>30.18</pressure_in>
	<dewpoint_string>48.6 F (9.2 C)</dewpoint_string>
	<dewpoint_f>48.6</dewpoint_f>
	<dewpoint_c>9.2</dewpoint_c>
	<windchill_string>47 F (8 C)</windchill_string>
      	<windchill_f>47</windchill_f>
      	<windchill_c>8</windchill_c>
	<visibility_mi>1.00</visibility_mi>
 	<icon_url_base>http://forecast.weather.gov/images/wtf/small/</icon_url_base>
	<two_day_history_url>http://www.weather.gov/data/obhistory/K11R.html</two_day_history_url>
	<icon_url_name>fg.png</icon_url_name>
	<ob_url>http://www.weather.gov/data/METAR/K11R.1.txt</ob_url>
	<disclaimer_url>http://weather.gov/disclaimer.html</disclaimer_url>
	<copyright_url>http://weather.gov/disclaimer.html</copyright_url>
	<privacy_policy_url>http://weather.gov/notice.html</privacy_policy_url>
</current_observation>
