<?xml version="1.0" encoding="ISO-8859-1"?> 
<?xml-stylesheet href="latest_ob.xsl" type="text/xsl"?>
<current_observation version="1.0"
	 xmlns:xsd="http://www.w3.org/2001/XMLSchema"
	 xmlns:xsi="http://www.w3.org/2001/XMLSchema-instance"
	 xsi:noNamespaceSchemaLocation="http://www.weather.gov/view/current_observation.xsd">
	<credit>NOAA's National Weather Service</credit>
	<credit_URL>http://weather.gov/</credit_URL>
	<image>
		<url>http://weather.gov/images/xml_logo.gif</url>
		<title>NOAA's National Weather Service</title>
		<link>http://weather.gov</link>
	</image>
	<suggested_pickup>15 minutes after the hour</suggested_pickup>
	<suggested_pickup_period>60</suggested_pickup_period>
	<location>Middlesboro, Middlesboro-Bell County Airport, KY</location>
	<station_id>K1A6</station_id>
	<latitude>36.61056</latitude>
	<longitude>-83.73722</longitude>
	<observation_time>Last Updated on Oct 17 2017, 1:35 pm EDT</observation_time>
        <observation_time_rfc822>Tue, 17 Oct 2017 13:35:00 -0400</observation_time_rfc822>
	<weather>Fair</weather>
	<temperature_string>60.0 F (15.8 C)</temperature_string>
	<temp_f>60.0</temp_f>
	<temp_c>15.8</temp_c>
	<relative_humidity>50</relative_humidity>
	<wind_string>Calm</wind_string>
	<wind_dir>North</wind_dir>
	<wind_degrees>0</wind_degrees>
	<wind_mph>0.0</wind_mph>
	<wind_kt>0</wind_kt>
	<pressure_in>30.36</pressure_in>
	<dewpoint_string>41.5 F (5.3 C)</dewpoint_string>
	<dewpoint_f>41.5</dewpoint_f>
	<dewpoint_c>5.3</dewpoint_c>
	<visibility_mi>10.00</visibility_mi>
 	<icon_url_base>http://forecast.weather.gov/images/wtf/small/</icon_url_base>
	<two_day_history_url>http://www.weather.gov/data/obhistory/K1A6.html</two_day_history_url>
	<icon_url_name>skc.png</icon_url_name>
	<ob_url>http://www.weather.gov/data/METAR/K1A6.1.txt</ob_url>
	<disclaimer_url>http://weather.gov/disclaimer.html</disclaimer_url>
	<copyright_url>http://weather.gov/disclaimer.html</copyright_url>
	<privacy_policy_url>http://weather.gov/notice.html</privacy_policy_url>
</current_observation>
