<?xml version="1.0" encoding="ISO-8859-1"?> 
<?xml-stylesheet href="latest_ob.xsl" type="text/xsl"?>
<current_observation version="1.0"
	 xmlns:xsd="http://www.w3.org/2001/XMLSchema"
	 xmlns:xsi="http://www.w3.org/2001/XMLSchema-instance"
	 xsi:noNamespaceSchemaLocation="http://www.weather.gov/view/current_observation.xsd">
	<credit>NOAA's National Weather Service</credit>
	<credit_URL>http://weather.gov/</credit_URL>
	<image>
		<url>http://weather.gov/images/xml_logo.gif</url>
		<title>NOAA's National Weather Service</title>
		<link>http://weather.gov</link>
	</image>
	<suggested_pickup>15 minutes after the hour</suggested_pickup>
	<suggested_pickup_period>60</suggested_pickup_period>
	<location>Ardmore, Ardmore Downtown Executive Airport, OK</location>
	<station_id>K1F0</station_id>
	<latitude>34.14694</latitude>
	<longitude>-97.1225</longitude>
	<observation_time>Last Updated on Oct 17 2017, 12:35 pm CDT</observation_time>
        <observation_time_rfc822>Tue, 17 Oct 2017 12:35:00 -0500</observation_time_rfc822>
	<temperature_string>68.0 F (20.0 C)</temperature_string>
	<temp_f>68.0</temp_f>
	<temp_c>20.0</temp_c>
	<relative_humidity>35</relative_humidity>
	<wind_string>South at 6.9 MPH (6 KT)</wind_string>
	<wind_dir>South</wind_dir>
	<wind_degrees>190</wind_degrees>
	<wind_mph>6.9</wind_mph>
	<wind_kt>6</wind_kt>
	<pressure_in>30.27</pressure_in>
	<dewpoint_string>39.2 F (4.0 C)</dewpoint_string>
	<dewpoint_f>39.2</dewpoint_f>
	<dewpoint_c>4.0</dewpoint_c>
	<visibility_mi>10.00</visibility_mi>
	<two_day_history_url>http://www.weather.gov/data/obhistory/K1F0.html</two_day_history_url>
	<ob_url>http://www.weather.gov/data/METAR/K1F0.1.txt</ob_url>
	<disclaimer_url>http://weather.gov/disclaimer.html</disclaimer_url>
	<copyright_url>http://weather.gov/disclaimer.html</copyright_url>
	<privacy_policy_url>http://weather.gov/notice.html</privacy_policy_url>
</current_observation>
