<?xml version="1.0" encoding="ISO-8859-1"?> 
<?xml-stylesheet href="latest_ob.xsl" type="text/xsl"?>
<current_observation version="1.0"
	 xmlns:xsd="http://www.w3.org/2001/XMLSchema"
	 xmlns:xsi="http://www.w3.org/2001/XMLSchema-instance"
	 xsi:noNamespaceSchemaLocation="http://www.weather.gov/view/current_observation.xsd">
	<credit>NOAA's National Weather Service</credit>
	<credit_URL>http://weather.gov/</credit_URL>
	<image>
		<url>http://weather.gov/images/xml_logo.gif</url>
		<title>NOAA's National Weather Service</title>
		<link>http://weather.gov</link>
	</image>
	<suggested_pickup>15 minutes after the hour</suggested_pickup>
	<suggested_pickup_period>60</suggested_pickup_period>
	<location>St. Johnsbury - Fairbanks, VT</location>
	<station_id>K1V4</station_id>
	<latitude>44.4201</latitude>
	<longitude>-72.0193</longitude>
	<observation_time>Last Updated on Feb 22 2018, 2:54 am EST</observation_time>
        <observation_time_rfc822>Thu, 22 Feb 2018 02:54:00 -0500</observation_time_rfc822>
	<temperature_string>30.0 F (-1.1 C)</temperature_string>
	<temp_f>30.0</temp_f>
	<temp_c>-1.1</temp_c>
	<relative_humidity>64</relative_humidity>
	<pressure_string>1035.6 mb</pressure_string>
	<pressure_mb>1035.6</pressure_mb>
	<pressure_in>30.57</pressure_in>
	<dewpoint_string>19.0 F (-7.2 C)</dewpoint_string>
	<dewpoint_f>19.0</dewpoint_f>
	<dewpoint_c>-7.2</dewpoint_c>
	<two_day_history_url>http://www.weather.gov/data/obhistory/K1V4.html</two_day_history_url>
	<ob_url>http://www.weather.gov/data/METAR/K1V4.1.txt</ob_url>
	<disclaimer_url>http://weather.gov/disclaimer.html</disclaimer_url>
	<copyright_url>http://weather.gov/disclaimer.html</copyright_url>
	<privacy_policy_url>http://weather.gov/notice.html</privacy_policy_url>
</current_observation>
