<?xml version="1.0" encoding="ISO-8859-1"?> 
<?xml-stylesheet href="latest_ob.xsl" type="text/xsl"?>
<current_observation version="1.0"
	 xmlns:xsd="http://www.w3.org/2001/XMLSchema"
	 xmlns:xsi="http://www.w3.org/2001/XMLSchema-instance"
	 xsi:noNamespaceSchemaLocation="http://www.weather.gov/view/current_observation.xsd">
	<credit>NOAA's National Weather Service</credit>
	<credit_URL>http://weather.gov/</credit_URL>
	<image>
		<url>http://weather.gov/images/xml_logo.gif</url>
		<title>NOAA's National Weather Service</title>
		<link>http://weather.gov</link>
	</image>
	<suggested_pickup>15 minutes after the hour</suggested_pickup>
	<suggested_pickup_period>60</suggested_pickup_period>
	<location>Garrett County Airport, MD</location>
	<station_id>K2G4</station_id>
	<latitude>39.5803</latitude>
	<longitude>-79.3394</longitude>
	<observation_time>Last Updated on Feb 22 2018, 4:35 pm EST</observation_time>
        <observation_time_rfc822>Thu, 22 Feb 2018 16:35:00 -0500</observation_time_rfc822>
	<weather>Overcast</weather>
	<temperature_string>34.0 F (1.0 C)</temperature_string>
	<temp_f>34.0</temp_f>
	<temp_c>1.0</temp_c>
	<relative_humidity>100</relative_humidity>
	<wind_string>Southeast at 10.4 MPH (9 KT)</wind_string>
	<wind_dir>Southeast</wind_dir>
	<wind_degrees>120</wind_degrees>
	<wind_mph>10.4</wind_mph>
	<wind_kt>9</wind_kt>
	<pressure_in>30.41</pressure_in>
	<dewpoint_string>33.8 F (1.0 C)</dewpoint_string>
	<dewpoint_f>33.8</dewpoint_f>
	<dewpoint_c>1.0</dewpoint_c>
	<windchill_string>26 F (-3 C)</windchill_string>
      	<windchill_f>26</windchill_f>
      	<windchill_c>-3</windchill_c>
	<visibility_mi>0.15</visibility_mi>
 	<icon_url_base>http://forecast.weather.gov/images/wtf/small/</icon_url_base>
	<two_day_history_url>http://www.weather.gov/data/obhistory/K2G4.html</two_day_history_url>
	<icon_url_name>ovc.png</icon_url_name>
	<ob_url>http://www.weather.gov/data/METAR/K2G4.1.txt</ob_url>
	<disclaimer_url>http://weather.gov/disclaimer.html</disclaimer_url>
	<copyright_url>http://weather.gov/disclaimer.html</copyright_url>
	<privacy_policy_url>http://weather.gov/notice.html</privacy_policy_url>
</current_observation>
