<?xml version="1.0" encoding="ISO-8859-1"?> 
<?xml-stylesheet href="latest_ob.xsl" type="text/xsl"?>
<current_observation version="1.0"
	 xmlns:xsd="http://www.w3.org/2001/XMLSchema"
	 xmlns:xsi="http://www.w3.org/2001/XMLSchema-instance"
	 xsi:noNamespaceSchemaLocation="http://www.weather.gov/view/current_observation.xsd">
	<credit>NOAA's National Weather Service</credit>
	<credit_URL>http://weather.gov/</credit_URL>
	<image>
		<url>http://weather.gov/images/xml_logo.gif</url>
		<title>NOAA's National Weather Service</title>
		<link>http://weather.gov</link>
	</image>
	<suggested_pickup>15 minutes after the hour</suggested_pickup>
	<suggested_pickup_period>60</suggested_pickup_period>
	<location>Walden-Jackson County Airport, CO</location>
	<station_id>K33V</station_id>
	<latitude>40.7454</latitude>
	<longitude>-106.275</longitude>
	<observation_time>Last Updated on Feb 22 2018, 2:55 pm MST</observation_time>
        <observation_time_rfc822>Thu, 22 Feb 2018 14:55:00 -0700</observation_time_rfc822>
	<weather>Mostly Cloudy</weather>
	<temperature_string>25.0 F (-4.0 C)</temperature_string>
	<temp_f>25.0</temp_f>
	<temp_c>-4.0</temp_c>
	<relative_humidity>42</relative_humidity>
	<wind_string>West at 12.7 MPH (11 KT)</wind_string>
	<wind_dir>West</wind_dir>
	<wind_degrees>260</wind_degrees>
	<wind_mph>12.7</wind_mph>
	<wind_kt>11</wind_kt>
	<pressure_in>29.83</pressure_in>
	<dewpoint_string>5.0 F (-15.0 C)</dewpoint_string>
	<dewpoint_f>5.0</dewpoint_f>
	<dewpoint_c>-15.0</dewpoint_c>
	<windchill_string>14 F (-10 C)</windchill_string>
      	<windchill_f>14</windchill_f>
      	<windchill_c>-10</windchill_c>
	<visibility_mi>10.00</visibility_mi>
 	<icon_url_base>http://forecast.weather.gov/images/wtf/small/</icon_url_base>
	<two_day_history_url>http://www.weather.gov/data/obhistory/K33V.html</two_day_history_url>
	<icon_url_name>bkn.png</icon_url_name>
	<ob_url>http://www.weather.gov/data/METAR/K33V.1.txt</ob_url>
	<disclaimer_url>http://weather.gov/disclaimer.html</disclaimer_url>
	<copyright_url>http://weather.gov/disclaimer.html</copyright_url>
	<privacy_policy_url>http://weather.gov/notice.html</privacy_policy_url>
</current_observation>
