<?xml version="1.0" encoding="ISO-8859-1"?> 
<?xml-stylesheet href="latest_ob.xsl" type="text/xsl"?>
<current_observation version="1.0"
	 xmlns:xsd="http://www.w3.org/2001/XMLSchema"
	 xmlns:xsi="http://www.w3.org/2001/XMLSchema-instance"
	 xsi:noNamespaceSchemaLocation="http://www.weather.gov/view/current_observation.xsd">
	<credit>NOAA's National Weather Service</credit>
	<credit_URL>http://weather.gov/</credit_URL>
	<image>
		<url>http://weather.gov/images/xml_logo.gif</url>
		<title>NOAA's National Weather Service</title>
		<link>http://weather.gov</link>
	</image>
	<suggested_pickup>15 minutes after the hour</suggested_pickup>
	<suggested_pickup_period>60</suggested_pickup_period>
	<location>Folsom Field Airport, AL</location>
	<station_id>K3A1</station_id>
	<latitude>34.269</latitude>
	<longitude>-86.858</longitude>
	<observation_time>Last Updated on Jul 1 2013, 4:35 pm CDT</observation_time>
        <observation_time_rfc822>Mon, 01 Jul 2013 16:35:00 -0500</observation_time_rfc822>
	<weather>Partly Cloudy</weather>
	<temperature_string>82.0 F (27.8 C)</temperature_string>
	<temp_f>82.0</temp_f>
	<temp_c>27.8</temp_c>
	<relative_humidity>53</relative_humidity>
	<wind_string>Northwest at 6.9 MPH (6 KT)</wind_string>
	<wind_dir>Northwest</wind_dir>
	<wind_degrees>300</wind_degrees>
	<wind_mph>6.9</wind_mph>
	<wind_kt>6</wind_kt>
	<pressure_in>29.87</pressure_in>
	<dewpoint_string>63.0 F (17.2 C)</dewpoint_string>
	<dewpoint_f>63.0</dewpoint_f>
	<dewpoint_c>17.2</dewpoint_c>
	<heat_index_string>83 F (28 C)</heat_index_string>
      	<heat_index_f>83</heat_index_f>
      	<heat_index_c>28</heat_index_c>
	<visibility_mi>10.00</visibility_mi>
 	<icon_url_base>http://forecast.weather.gov/images/wtf/small/</icon_url_base>
	<two_day_history_url>http://www.weather.gov/data/obhistory/K3A1.html</two_day_history_url>
	<icon_url_name>sct.png</icon_url_name>
	<ob_url>http://www.weather.gov/data/METAR/K3A1.1.txt</ob_url>
	<disclaimer_url>http://weather.gov/disclaimer.html</disclaimer_url>
	<copyright_url>http://weather.gov/disclaimer.html</copyright_url>
	<privacy_policy_url>http://weather.gov/notice.html</privacy_policy_url>
</current_observation>
