<?xml version="1.0" encoding="ISO-8859-1"?> 
<?xml-stylesheet href="latest_ob.xsl" type="text/xsl"?>
<current_observation version="1.0"
	 xmlns:xsd="http://www.w3.org/2001/XMLSchema"
	 xmlns:xsi="http://www.w3.org/2001/XMLSchema-instance"
	 xsi:noNamespaceSchemaLocation="http://www.weather.gov/view/current_observation.xsd">
	<credit>NOAA's National Weather Service</credit>
	<credit_URL>http://weather.gov/</credit_URL>
	<image>
		<url>http://weather.gov/images/xml_logo.gif</url>
		<title>NOAA's National Weather Service</title>
		<link>http://weather.gov</link>
	</image>
	<suggested_pickup>15 minutes after the hour</suggested_pickup>
	<suggested_pickup_period>60</suggested_pickup_period>
	<location>Clayton Lake, ME</location>
	<station_id>K40B</station_id>
	<latitude>46.6167</latitude>
	<longitude>-69.5333</longitude>
	<observation_time>Last Updated on Feb 22 2018, 4:16 pm EST</observation_time>
        <observation_time_rfc822>Thu, 22 Feb 2018 16:16:00 -0500</observation_time_rfc822>
	<temperature_string>24.0 F (-4.3 C)</temperature_string>
	<temp_f>24.0</temp_f>
	<temp_c>-4.3</temp_c>
	<relative_humidity>41</relative_humidity>
	<wind_string>Calm</wind_string>
	<wind_dir>North</wind_dir>
	<wind_degrees>0</wind_degrees>
	<wind_mph>0.0</wind_mph>
	<wind_kt>0</wind_kt>
	<pressure_string>1038.6 mb</pressure_string>
	<pressure_mb>1038.6</pressure_mb>
	<pressure_in>30.57</pressure_in>
	<dewpoint_string>3.6 F (-15.8 C)</dewpoint_string>
	<dewpoint_f>3.6</dewpoint_f>
	<dewpoint_c>-15.8</dewpoint_c>
	<two_day_history_url>http://www.weather.gov/data/obhistory/K40B.html</two_day_history_url>
	<ob_url>http://www.weather.gov/data/METAR/K40B.1.txt</ob_url>
	<disclaimer_url>http://weather.gov/disclaimer.html</disclaimer_url>
	<copyright_url>http://weather.gov/disclaimer.html</copyright_url>
	<privacy_policy_url>http://weather.gov/notice.html</privacy_policy_url>
</current_observation>
