<?xml version="1.0" encoding="ISO-8859-1"?> 
<?xml-stylesheet href="latest_ob.xsl" type="text/xsl"?>
<current_observation version="1.0"
	 xmlns:xsd="http://www.w3.org/2001/XMLSchema"
	 xmlns:xsi="http://www.w3.org/2001/XMLSchema-instance"
	 xsi:noNamespaceSchemaLocation="http://www.weather.gov/view/current_observation.xsd">
	<credit>NOAA's National Weather Service</credit>
	<credit_URL>http://weather.gov/</credit_URL>
	<image>
		<url>http://weather.gov/images/xml_logo.gif</url>
		<title>NOAA's National Weather Service</title>
		<link>http://weather.gov</link>
	</image>
	<suggested_pickup>15 minutes after the hour</suggested_pickup>
	<suggested_pickup_period>60</suggested_pickup_period>
	<location>Perry-Foley, Perry-Foley Airport, FL</location>
	<station_id>K40J</station_id>
	<latitude>30.07194</latitude>
	<longitude>-83.57361</longitude>
	<observation_time>Last Updated on Oct 11 2017, 6:55 pm EDT</observation_time>
        <observation_time_rfc822>Wed, 11 Oct 2017 18:55:00 -0400</observation_time_rfc822>
	<weather>Thunderstorm Heavy Rain</weather>
	<temperature_string>76.0 F (24.5 C)</temperature_string>
	<temp_f>76.0</temp_f>
	<temp_c>24.5</temp_c>
	<relative_humidity>93</relative_humidity>
	<wind_string>Calm</wind_string>
	<wind_dir>North</wind_dir>
	<wind_degrees>0</wind_degrees>
	<wind_mph>0.0</wind_mph>
	<wind_kt>0</wind_kt>
	<pressure_in>30.03</pressure_in>
	<dewpoint_string>73.9 F (23.3 C)</dewpoint_string>
	<dewpoint_f>73.9</dewpoint_f>
	<dewpoint_c>23.3</dewpoint_c>
	<visibility_mi>2.50</visibility_mi>
 	<icon_url_base>http://forecast.weather.gov/images/wtf/small/</icon_url_base>
	<two_day_history_url>http://www.weather.gov/data/obhistory/K40J.html</two_day_history_url>
	<icon_url_name>tsra.png</icon_url_name>
	<ob_url>http://www.weather.gov/data/METAR/K40J.1.txt</ob_url>
	<disclaimer_url>http://weather.gov/disclaimer.html</disclaimer_url>
	<copyright_url>http://weather.gov/disclaimer.html</copyright_url>
	<privacy_policy_url>http://weather.gov/notice.html</privacy_policy_url>
</current_observation>
