<?xml version="1.0" encoding="ISO-8859-1"?> 
<?xml-stylesheet href="latest_ob.xsl" type="text/xsl"?>
<current_observation version="1.0"
	 xmlns:xsd="http://www.w3.org/2001/XMLSchema"
	 xmlns:xsi="http://www.w3.org/2001/XMLSchema-instance"
	 xsi:noNamespaceSchemaLocation="http://www.weather.gov/view/current_observation.xsd">
	<credit>NOAA's National Weather Service</credit>
	<credit_URL>http://weather.gov/</credit_URL>
	<image>
		<url>http://weather.gov/images/xml_logo.gif</url>
		<title>NOAA's National Weather Service</title>
		<link>http://weather.gov</link>
	</image>
	<suggested_pickup>15 minutes after the hour</suggested_pickup>
	<suggested_pickup_period>60</suggested_pickup_period>
	<location>Keystone Airpark, FL</location>
	<station_id>K42J</station_id>
	<latitude>29.84475</latitude>
	<longitude>-82.04753</longitude>
	<observation_time>Last Updated on Oct 17 2017, 1:55 pm EDT</observation_time>
        <observation_time_rfc822>Tue, 17 Oct 2017 13:55:00 -0400</observation_time_rfc822>
	<weather>Overcast</weather>
	<temperature_string>72.0 F (22.0 C)</temperature_string>
	<temp_f>72.0</temp_f>
	<temp_c>22.0</temp_c>
	<relative_humidity>78</relative_humidity>
	<wind_string>from the Northeast at 12.7 gusting to 17.3 MPH (11 gusting to 15 KT)</wind_string>
	<wind_dir>Northeast</wind_dir>
	<wind_degrees>40</wind_degrees>
	<wind_mph>12.7</wind_mph>
	<wind_gust_mph>17.3</wind_gust_mph>
	<wind_kt>11</wind_kt>
	<wind_gust_kt>15</wind_gust_kt>
	<pressure_in>30.14</pressure_in>
	<dewpoint_string>64.4 F (18.0 C)</dewpoint_string>
	<dewpoint_f>64.4</dewpoint_f>
	<dewpoint_c>18.0</dewpoint_c>
	<visibility_mi>8.00</visibility_mi>
 	<icon_url_base>http://forecast.weather.gov/images/wtf/small/</icon_url_base>
	<two_day_history_url>http://www.weather.gov/data/obhistory/K42J.html</two_day_history_url>
	<icon_url_name>ovc.png</icon_url_name>
	<ob_url>http://www.weather.gov/data/METAR/K42J.1.txt</ob_url>
	<disclaimer_url>http://weather.gov/disclaimer.html</disclaimer_url>
	<copyright_url>http://weather.gov/disclaimer.html</copyright_url>
	<privacy_policy_url>http://weather.gov/notice.html</privacy_policy_url>
</current_observation>
