<?xml version="1.0" encoding="ISO-8859-1"?> 
<?xml-stylesheet href="latest_ob.xsl" type="text/xsl"?>
<current_observation version="1.0"
	 xmlns:xsd="http://www.w3.org/2001/XMLSchema"
	 xmlns:xsi="http://www.w3.org/2001/XMLSchema-instance"
	 xsi:noNamespaceSchemaLocation="http://www.weather.gov/view/current_observation.xsd">
	<credit>NOAA's National Weather Service</credit>
	<credit_URL>http://weather.gov/</credit_URL>
	<image>
		<url>http://weather.gov/images/xml_logo.gif</url>
		<title>NOAA's National Weather Service</title>
		<link>http://weather.gov</link>
	</image>
	<suggested_pickup>15 minutes after the hour</suggested_pickup>
	<suggested_pickup_period>60</suggested_pickup_period>
	<location>Fort Payne, Isbell Field Airport, AL</location>
	<station_id>K4A9</station_id>
	<latitude>34.47361</latitude>
	<longitude>-85.72139</longitude>
	<observation_time>Last Updated on Oct 17 2017, 12:35 pm CDT</observation_time>
        <observation_time_rfc822>Tue, 17 Oct 2017 12:35:00 -0500</observation_time_rfc822>
	<weather>Fair</weather>
	<temperature_string>63.0 F (17.0 C)</temperature_string>
	<temp_f>63.0</temp_f>
	<temp_c>17.0</temp_c>
	<relative_humidity>39</relative_humidity>
	<wind_string>East at 4.6 MPH (4 KT)</wind_string>
	<wind_dir>East</wind_dir>
	<wind_degrees>110</wind_degrees>
	<wind_mph>4.6</wind_mph>
	<wind_kt>4</wind_kt>
	<pressure_in>30.31</pressure_in>
	<dewpoint_string>37.4 F (3.0 C)</dewpoint_string>
	<dewpoint_f>37.4</dewpoint_f>
	<dewpoint_c>3.0</dewpoint_c>
	<windchill_string>64 F (18 C)</windchill_string>
      	<windchill_f>64</windchill_f>
      	<windchill_c>18</windchill_c>
	<visibility_mi>10.00</visibility_mi>
 	<icon_url_base>http://forecast.weather.gov/images/wtf/small/</icon_url_base>
	<two_day_history_url>http://www.weather.gov/data/obhistory/K4A9.html</two_day_history_url>
	<icon_url_name>skc.png</icon_url_name>
	<ob_url>http://www.weather.gov/data/METAR/K4A9.1.txt</ob_url>
	<disclaimer_url>http://weather.gov/disclaimer.html</disclaimer_url>
	<copyright_url>http://weather.gov/disclaimer.html</copyright_url>
	<privacy_policy_url>http://weather.gov/notice.html</privacy_policy_url>
</current_observation>
