<?xml version="1.0" encoding="ISO-8859-1"?> 
<?xml-stylesheet href="latest_ob.xsl" type="text/xsl"?>
<current_observation version="1.0"
	 xmlns:xsd="http://www.w3.org/2001/XMLSchema"
	 xmlns:xsi="http://www.w3.org/2001/XMLSchema-instance"
	 xsi:noNamespaceSchemaLocation="http://www.weather.gov/view/current_observation.xsd">
	<credit>NOAA's National Weather Service</credit>
	<credit_URL>http://weather.gov/</credit_URL>
	<image>
		<url>http://weather.gov/images/xml_logo.gif</url>
		<title>NOAA's National Weather Service</title>
		<link>http://weather.gov</link>
	</image>
	<suggested_pickup>15 minutes after the hour</suggested_pickup>
	<suggested_pickup_period>60</suggested_pickup_period>
	<location>Sunlight, CO</location>
	<station_id>K5SM</station_id>
	<latitude>39.42556</latitude>
	<longitude>-107.37917</longitude>
	<observation_time>Last Updated on Oct 17 2017, 11:50 am MDT</observation_time>
        <observation_time_rfc822>Tue, 17 Oct 2017 11:50:00 -0600</observation_time_rfc822>
	<weather>Fair</weather>
	<temperature_string>48.0 F (9.0 C)</temperature_string>
	<temp_f>48.0</temp_f>
	<temp_c>9.0</temp_c>
	<relative_humidity>14</relative_humidity>
	<wind_string>Southwest at 5.8 MPH (5 KT)</wind_string>
	<wind_dir>Southwest</wind_dir>
	<wind_degrees>220</wind_degrees>
	<wind_mph>5.8</wind_mph>
	<wind_kt>5</wind_kt>
	<pressure_in>30.59</pressure_in>
	<dewpoint_string>1.4 F (-17.0 C)</dewpoint_string>
	<dewpoint_f>1.4</dewpoint_f>
	<dewpoint_c>-17.0</dewpoint_c>
	<windchill_string>45 F (7 C)</windchill_string>
      	<windchill_f>45</windchill_f>
      	<windchill_c>7</windchill_c>
	<visibility_mi>10.00</visibility_mi>
 	<icon_url_base>http://forecast.weather.gov/images/wtf/small/</icon_url_base>
	<two_day_history_url>http://www.weather.gov/data/obhistory/K5SM.html</two_day_history_url>
	<icon_url_name>skc.png</icon_url_name>
	<ob_url>http://www.weather.gov/data/METAR/K5SM.1.txt</ob_url>
	<disclaimer_url>http://weather.gov/disclaimer.html</disclaimer_url>
	<copyright_url>http://weather.gov/disclaimer.html</copyright_url>
	<privacy_policy_url>http://weather.gov/notice.html</privacy_policy_url>
</current_observation>
