<?xml version="1.0" encoding="ISO-8859-1"?> 
<?xml-stylesheet href="latest_ob.xsl" type="text/xsl"?>
<current_observation version="1.0"
	 xmlns:xsd="http://www.w3.org/2001/XMLSchema"
	 xmlns:xsi="http://www.w3.org/2001/XMLSchema-instance"
	 xsi:noNamespaceSchemaLocation="http://www.weather.gov/view/current_observation.xsd">
	<credit>NOAA's National Weather Service</credit>
	<credit_URL>http://weather.gov/</credit_URL>
	<image>
		<url>http://weather.gov/images/xml_logo.gif</url>
		<title>NOAA's National Weather Service</title>
		<link>http://weather.gov</link>
	</image>
	<suggested_pickup>15 minutes after the hour</suggested_pickup>
	<suggested_pickup_period>60</suggested_pickup_period>
	<location>Boundary County Airport, ID</location>
	<station_id>K65S</station_id>
	<latitude>48.726</latitude>
	<longitude>-116.2952</longitude>
	<observation_time>Last Updated on Oct 11 2017, 1:35 pm PDT</observation_time>
        <observation_time_rfc822>Wed, 11 Oct 2017 13:35:00 -0700</observation_time_rfc822>
	<weather>Fair</weather>
	<temperature_string>50.0 F (10.0 C)</temperature_string>
	<temp_f>50.0</temp_f>
	<temp_c>10.0</temp_c>
	<relative_humidity>43</relative_humidity>
	<wind_string>from the Southwest at 9.2 gusting to 20.7 MPH (8 gusting to 18 KT)</wind_string>
	<wind_dir>Southwest</wind_dir>
	<wind_degrees>210</wind_degrees>
	<wind_mph>9.2</wind_mph>
	<wind_gust_mph>20.7</wind_gust_mph>
	<wind_kt>8</wind_kt>
	<wind_gust_kt>18</wind_gust_kt>
	<pressure_in>29.88</pressure_in>
	<dewpoint_string>28.4 F (-2.0 C)</dewpoint_string>
	<dewpoint_f>28.4</dewpoint_f>
	<dewpoint_c>-2.0</dewpoint_c>
	<windchill_string>46 F (8 C)</windchill_string>
      	<windchill_f>46</windchill_f>
      	<windchill_c>8</windchill_c>
	<visibility_mi>10.00</visibility_mi>
 	<icon_url_base>http://forecast.weather.gov/images/wtf/small/</icon_url_base>
	<two_day_history_url>http://www.weather.gov/data/obhistory/K65S.html</two_day_history_url>
	<icon_url_name>skc.png</icon_url_name>
	<ob_url>http://www.weather.gov/data/METAR/K65S.1.txt</ob_url>
	<disclaimer_url>http://weather.gov/disclaimer.html</disclaimer_url>
	<copyright_url>http://weather.gov/disclaimer.html</copyright_url>
	<privacy_policy_url>http://weather.gov/notice.html</privacy_policy_url>
</current_observation>
