<?xml version="1.0" encoding="ISO-8859-1"?> 
<?xml-stylesheet href="latest_ob.xsl" type="text/xsl"?>
<current_observation version="1.0"
	 xmlns:xsd="http://www.w3.org/2001/XMLSchema"
	 xmlns:xsi="http://www.w3.org/2001/XMLSchema-instance"
	 xsi:noNamespaceSchemaLocation="http://www.weather.gov/view/current_observation.xsd">
	<credit>NOAA's National Weather Service</credit>
	<credit_URL>http://weather.gov/</credit_URL>
	<image>
		<url>http://weather.gov/images/xml_logo.gif</url>
		<title>NOAA's National Weather Service</title>
		<link>http://weather.gov</link>
	</image>
	<suggested_pickup>15 minutes after the hour</suggested_pickup>
	<suggested_pickup_period>60</suggested_pickup_period>
	<location>Andalusia, Andalusia-Opp Municipal Airport, AL</location>
	<station_id>K79J</station_id>
	<latitude>31.3</latitude>
	<longitude>-86.3833</longitude>
	<observation_time>Last Updated on Feb 22 2018, 2:56 pm CST</observation_time>
        <observation_time_rfc822>Thu, 22 Feb 2018 14:56:00 -0600</observation_time_rfc822>
	<weather>Fair</weather>
	<temperature_string>87.0 F (30.6 C)</temperature_string>
	<temp_f>87.0</temp_f>
	<temp_c>30.6</temp_c>
	<relative_humidity>42</relative_humidity>
	<wind_string>Variable at 4.6 MPH (4 KT)</wind_string>
	<wind_dir>Variable</wind_dir>
	<wind_degrees>999</wind_degrees>
	<wind_mph>4.6</wind_mph>
	<wind_kt>4</wind_kt>
	<pressure_string>1025.5 mb</pressure_string>
	<pressure_mb>1025.5</pressure_mb>
	<pressure_in>30.30</pressure_in>
	<dewpoint_string>61.0 F (16.1 C)</dewpoint_string>
	<dewpoint_f>61.0</dewpoint_f>
	<dewpoint_c>16.1</dewpoint_c>
	<heat_index_string>87 F (31 C)</heat_index_string>
      	<heat_index_f>87</heat_index_f>
      	<heat_index_c>31</heat_index_c>
	<visibility_mi>10.00</visibility_mi>
 	<icon_url_base>http://forecast.weather.gov/images/wtf/small/</icon_url_base>
	<two_day_history_url>http://www.weather.gov/data/obhistory/K79J.html</two_day_history_url>
	<icon_url_name>skc.png</icon_url_name>
	<ob_url>http://www.weather.gov/data/METAR/K79J.1.txt</ob_url>
	<disclaimer_url>http://weather.gov/disclaimer.html</disclaimer_url>
	<copyright_url>http://weather.gov/disclaimer.html</copyright_url>
	<privacy_policy_url>http://weather.gov/notice.html</privacy_policy_url>
</current_observation>
