<?xml version="1.0" encoding="ISO-8859-1"?> 
<?xml-stylesheet href="latest_ob.xsl" type="text/xsl"?>
<current_observation version="1.0"
	 xmlns:xsd="http://www.w3.org/2001/XMLSchema"
	 xmlns:xsi="http://www.w3.org/2001/XMLSchema-instance"
	 xsi:noNamespaceSchemaLocation="http://www.weather.gov/view/current_observation.xsd">
	<credit>NOAA's National Weather Service</credit>
	<credit_URL>http://weather.gov/</credit_URL>
	<image>
		<url>http://weather.gov/images/xml_logo.gif</url>
		<title>NOAA's National Weather Service</title>
		<link>http://weather.gov</link>
	</image>
	<suggested_pickup>15 minutes after the hour</suggested_pickup>
	<suggested_pickup_period>60</suggested_pickup_period>
	<location>Cottonwood Pass, CO</location>
	<station_id>K7BM</station_id>
	<latitude>38.7825</latitude>
	<longitude>-106.218</longitude>
	<observation_time>Last Updated on Feb 22 2018, 2:52 pm MST</observation_time>
        <observation_time_rfc822>Thu, 22 Feb 2018 14:52:00 -0700</observation_time_rfc822>
	<weather>Overcast</weather>
	<temperature_string>27.0 F (-3.0 C)</temperature_string>
	<temp_f>27.0</temp_f>
	<temp_c>-3.0</temp_c>
	<relative_humidity>50</relative_humidity>
	<wind_string>from the Southwest at 17.3 gusting to 26.5 MPH (15 gusting to 23 KT)</wind_string>
	<wind_dir>Southwest</wind_dir>
	<wind_degrees>240</wind_degrees>
	<wind_mph>17.3</wind_mph>
	<wind_gust_mph>26.5</wind_gust_mph>
	<wind_kt>15</wind_kt>
	<wind_gust_kt>23</wind_gust_kt>
	<pressure_in>29.79</pressure_in>
	<dewpoint_string>10.4 F (-12.0 C)</dewpoint_string>
	<dewpoint_f>10.4</dewpoint_f>
	<dewpoint_c>-12.0</dewpoint_c>
	<windchill_string>14 F (-10 C)</windchill_string>
      	<windchill_f>14</windchill_f>
      	<windchill_c>-10</windchill_c>
	<visibility_mi>10.00</visibility_mi>
 	<icon_url_base>http://forecast.weather.gov/images/wtf/small/</icon_url_base>
	<two_day_history_url>http://www.weather.gov/data/obhistory/K7BM.html</two_day_history_url>
	<icon_url_name>ovc.png</icon_url_name>
	<ob_url>http://www.weather.gov/data/METAR/K7BM.1.txt</ob_url>
	<disclaimer_url>http://weather.gov/disclaimer.html</disclaimer_url>
	<copyright_url>http://weather.gov/disclaimer.html</copyright_url>
	<privacy_policy_url>http://weather.gov/notice.html</privacy_policy_url>
</current_observation>
