<?xml version="1.0" encoding="ISO-8859-1"?> 
<?xml-stylesheet href="latest_ob.xsl" type="text/xsl"?>
<current_observation version="1.0"
	 xmlns:xsd="http://www.w3.org/2001/XMLSchema"
	 xmlns:xsi="http://www.w3.org/2001/XMLSchema-instance"
	 xsi:noNamespaceSchemaLocation="http://www.weather.gov/view/current_observation.xsd">
	<credit>NOAA's National Weather Service</credit>
	<credit_URL>http://weather.gov/</credit_URL>
	<image>
		<url>http://weather.gov/images/xml_logo.gif</url>
		<title>NOAA's National Weather Service</title>
		<link>http://weather.gov</link>
	</image>
	<suggested_pickup>15 minutes after the hour</suggested_pickup>
	<suggested_pickup_period>60</suggested_pickup_period>
	<location>Edwards, Edwards Air Force Auxiliary North Base, CA</location>
	<station_id>K9L2</station_id>
	<latitude>34.9833</latitude>
	<longitude>-117.85</longitude>
	<observation_time>Last Updated on Feb 22 2018, 7:58 am PST</observation_time>
        <observation_time_rfc822>Thu, 22 Feb 2018 07:58:00 -0800</observation_time_rfc822>
	<weather>Fair</weather>
	<temperature_string>40.0 F (4.6 C)</temperature_string>
	<temp_f>40.0</temp_f>
	<temp_c>4.6</temp_c>
	<relative_humidity>34</relative_humidity>
	<wind_string>Southwest at 6.9 MPH (6 KT)</wind_string>
	<wind_dir>Southwest</wind_dir>
	<wind_degrees>230</wind_degrees>
	<wind_mph>6.9</wind_mph>
	<wind_kt>6</wind_kt>
	<pressure_string>1020.9 mb</pressure_string>
	<pressure_mb>1020.9</pressure_mb>
	<pressure_in>30.13</pressure_in>
	<dewpoint_string>14.0 F (-10.0 C)</dewpoint_string>
	<dewpoint_f>14.0</dewpoint_f>
	<dewpoint_c>-10.0</dewpoint_c>
	<windchill_string>35 F (2 C)</windchill_string>
      	<windchill_f>35</windchill_f>
      	<windchill_c>2</windchill_c>
	<visibility_mi>10.00</visibility_mi>
 	<icon_url_base>http://forecast.weather.gov/images/wtf/small/</icon_url_base>
	<two_day_history_url>http://www.weather.gov/data/obhistory/K9L2.html</two_day_history_url>
	<icon_url_name>skc.png</icon_url_name>
	<ob_url>http://www.weather.gov/data/METAR/K9L2.1.txt</ob_url>
	<disclaimer_url>http://weather.gov/disclaimer.html</disclaimer_url>
	<copyright_url>http://weather.gov/disclaimer.html</copyright_url>
	<privacy_policy_url>http://weather.gov/notice.html</privacy_policy_url>
</current_observation>
