<?xml version="1.0" encoding="ISO-8859-1"?> 
<?xml-stylesheet href="latest_ob.xsl" type="text/xsl"?>
<current_observation version="1.0"
	 xmlns:xsd="http://www.w3.org/2001/XMLSchema"
	 xmlns:xsi="http://www.w3.org/2001/XMLSchema-instance"
	 xsi:noNamespaceSchemaLocation="http://www.weather.gov/view/current_observation.xsd">
	<credit>NOAA's National Weather Service</credit>
	<credit_URL>http://weather.gov/</credit_URL>
	<image>
		<url>http://weather.gov/images/xml_logo.gif</url>
		<title>NOAA's National Weather Service</title>
		<link>http://weather.gov</link>
	</image>
	<suggested_pickup>15 minutes after the hour</suggested_pickup>
	<suggested_pickup_period>60</suggested_pickup_period>
	<location>Rochester - St. Mary's Hospital Heliport, MN</location>
	<station_id>K9MN</station_id>
	<latitude>44.0206</latitude>
	<longitude>-92.4829</longitude>
	<observation_time>Last Updated on Feb 22 2018, 3:55 pm CST</observation_time>
        <observation_time_rfc822>Thu, 22 Feb 2018 15:55:00 -0600</observation_time_rfc822>
	<weather>Overcast</weather>
	<temperature_string>28.0 F (-2.4 C)</temperature_string>
	<temp_f>28.0</temp_f>
	<temp_c>-2.4</temp_c>
	<relative_humidity>73</relative_humidity>
	<wind_string>from the East at 5.8 gusting to 16.1 MPH (5 gusting to 14 KT)</wind_string>
	<wind_dir>East</wind_dir>
	<wind_degrees>90</wind_degrees>
	<wind_mph>5.8</wind_mph>
	<wind_gust_mph>16.1</wind_gust_mph>
	<wind_kt>5</wind_kt>
	<wind_gust_kt>14</wind_gust_kt>
	<pressure_in>30.41</pressure_in>
	<dewpoint_string>20.1 F (-6.6 C)</dewpoint_string>
	<dewpoint_f>20.1</dewpoint_f>
	<dewpoint_c>-6.6</dewpoint_c>
	<windchill_string>22 F (-6 C)</windchill_string>
      	<windchill_f>22</windchill_f>
      	<windchill_c>-6</windchill_c>
	<visibility_mi>7.00</visibility_mi>
 	<icon_url_base>http://forecast.weather.gov/images/wtf/small/</icon_url_base>
	<two_day_history_url>http://www.weather.gov/data/obhistory/K9MN.html</two_day_history_url>
	<icon_url_name>ovc.png</icon_url_name>
	<ob_url>http://www.weather.gov/data/METAR/K9MN.1.txt</ob_url>
	<disclaimer_url>http://weather.gov/disclaimer.html</disclaimer_url>
	<copyright_url>http://weather.gov/disclaimer.html</copyright_url>
	<privacy_policy_url>http://weather.gov/notice.html</privacy_policy_url>
</current_observation>
