<?xml version="1.0" encoding="ISO-8859-1"?> 
<?xml-stylesheet href="latest_ob.xsl" type="text/xsl"?>
<current_observation version="1.0"
	 xmlns:xsd="http://www.w3.org/2001/XMLSchema"
	 xmlns:xsi="http://www.w3.org/2001/XMLSchema-instance"
	 xsi:noNamespaceSchemaLocation="http://www.weather.gov/view/current_observation.xsd">
	<credit>NOAA's National Weather Service</credit>
	<credit_URL>http://weather.gov/</credit_URL>
	<image>
		<url>http://weather.gov/images/xml_logo.gif</url>
		<title>NOAA's National Weather Service</title>
		<link>http://weather.gov</link>
	</image>
	<suggested_pickup>15 minutes after the hour</suggested_pickup>
	<suggested_pickup_period>60</suggested_pickup_period>
	<location>Alturas, CA</location>
	<station_id>KAAT</station_id>
	<latitude>41.4836</latitude>
	<longitude>-120.561</longitude>
	<observation_time>Last Updated on Feb 22 2018, 1:55 pm PST</observation_time>
        <observation_time_rfc822>Thu, 22 Feb 2018 13:55:00 -0800</observation_time_rfc822>
	<weather>Light Snow</weather>
	<temperature_string>26.0 F (-3.3 C)</temperature_string>
	<temp_f>26.0</temp_f>
	<temp_c>-3.3</temp_c>
	<relative_humidity>75</relative_humidity>
	<wind_string>from the North at 10.4 gusting to 19.6 MPH (9 gusting to 17 KT)</wind_string>
	<wind_dir>North</wind_dir>
	<wind_degrees>350</wind_degrees>
	<wind_mph>10.4</wind_mph>
	<wind_gust_mph>19.6</wind_gust_mph>
	<wind_kt>9</wind_kt>
	<wind_gust_kt>17</wind_gust_kt>
	<pressure_string>1016.1 mb</pressure_string>
	<pressure_mb>1016.1</pressure_mb>
	<pressure_in>29.94</pressure_in>
	<dewpoint_string>19.0 F (-7.2 C)</dewpoint_string>
	<dewpoint_f>19.0</dewpoint_f>
	<dewpoint_c>-7.2</dewpoint_c>
	<windchill_string>16 F (-9 C)</windchill_string>
      	<windchill_f>16</windchill_f>
      	<windchill_c>-9</windchill_c>
	<visibility_mi>1.75</visibility_mi>
 	<icon_url_base>http://forecast.weather.gov/images/wtf/small/</icon_url_base>
	<two_day_history_url>http://www.weather.gov/data/obhistory/KAAT.html</two_day_history_url>
	<icon_url_name>sn.png</icon_url_name>
	<ob_url>http://www.weather.gov/data/METAR/KAAT.1.txt</ob_url>
	<disclaimer_url>http://weather.gov/disclaimer.html</disclaimer_url>
	<copyright_url>http://weather.gov/disclaimer.html</copyright_url>
	<privacy_policy_url>http://weather.gov/notice.html</privacy_policy_url>
</current_observation>
