<?xml version="1.0" encoding="ISO-8859-1"?> 
<?xml-stylesheet href="latest_ob.xsl" type="text/xsl"?>
<current_observation version="1.0"
	 xmlns:xsd="http://www.w3.org/2001/XMLSchema"
	 xmlns:xsi="http://www.w3.org/2001/XMLSchema-instance"
	 xsi:noNamespaceSchemaLocation="http://www.weather.gov/view/current_observation.xsd">
	<credit>NOAA's National Weather Service</credit>
	<credit_URL>http://weather.gov/</credit_URL>
	<image>
		<url>http://weather.gov/images/xml_logo.gif</url>
		<title>NOAA's National Weather Service</title>
		<link>http://weather.gov</link>
	</image>
	<suggested_pickup>15 minutes after the hour</suggested_pickup>
	<suggested_pickup_period>60</suggested_pickup_period>
	<location>Albuquerque, Albuquerque International Airport, NM</location>
	<station_id>KABQ</station_id>
	<latitude>35.0417</latitude>
	<longitude>-106.615</longitude>
	<observation_time>Last Updated on Feb 22 2018, 2:52 pm MST</observation_time>
        <observation_time_rfc822>Thu, 22 Feb 2018 14:52:00 -0700</observation_time_rfc822>
	<weather>A Few Clouds and Breezy</weather>
	<temperature_string>46.0 F (7.8 C)</temperature_string>
	<temp_f>46.0</temp_f>
	<temp_c>7.8</temp_c>
	<relative_humidity>27</relative_humidity>
	<wind_string>from the West at 21.9 gusting to 26.5 MPH (19 gusting to 23 KT)</wind_string>
	<wind_dir>West</wind_dir>
	<wind_degrees>270</wind_degrees>
	<wind_mph>21.9</wind_mph>
	<wind_gust_mph>26.5</wind_gust_mph>
	<wind_kt>19</wind_kt>
	<wind_gust_kt>23</wind_gust_kt>
	<pressure_string>1015.5 mb</pressure_string>
	<pressure_mb>1015.5</pressure_mb>
	<pressure_in>30.02</pressure_in>
	<dewpoint_string>14.0 F (-10.0 C)</dewpoint_string>
	<dewpoint_f>14.0</dewpoint_f>
	<dewpoint_c>-10.0</dewpoint_c>
	<windchill_string>38 F (3 C)</windchill_string>
      	<windchill_f>38</windchill_f>
      	<windchill_c>3</windchill_c>
	<visibility_mi>10.00</visibility_mi>
 	<icon_url_base>http://forecast.weather.gov/images/wtf/small/</icon_url_base>
	<two_day_history_url>http://www.weather.gov/data/obhistory/KABQ.html</two_day_history_url>
	<icon_url_name>few.png</icon_url_name>
	<ob_url>http://www.weather.gov/data/METAR/KABQ.1.txt</ob_url>
	<disclaimer_url>http://weather.gov/disclaimer.html</disclaimer_url>
	<copyright_url>http://weather.gov/disclaimer.html</copyright_url>
	<privacy_policy_url>http://weather.gov/notice.html</privacy_policy_url>
</current_observation>
