<?xml version="1.0" encoding="ISO-8859-1"?> 
<?xml-stylesheet href="latest_ob.xsl" type="text/xsl"?>
<current_observation version="1.0"
	 xmlns:xsd="http://www.w3.org/2001/XMLSchema"
	 xmlns:xsi="http://www.w3.org/2001/XMLSchema-instance"
	 xsi:noNamespaceSchemaLocation="http://www.weather.gov/view/current_observation.xsd">
	<credit>NOAA's National Weather Service</credit>
	<credit_URL>http://weather.gov/</credit_URL>
	<image>
		<url>http://weather.gov/images/xml_logo.gif</url>
		<title>NOAA's National Weather Service</title>
		<link>http://weather.gov</link>
	</image>
	<suggested_pickup>15 minutes after the hour</suggested_pickup>
	<suggested_pickup_period>60</suggested_pickup_period>
	<location>Bellaire, Antrim County Airport, MI</location>
	<station_id>KACB</station_id>
	<latitude>44.9883</latitude>
	<longitude>-85.1983</longitude>
	<observation_time>Last Updated on Feb 22 2018, 4:55 pm EST</observation_time>
        <observation_time_rfc822>Thu, 22 Feb 2018 16:55:00 -0500</observation_time_rfc822>
	<weather>Overcast</weather>
	<temperature_string>34.0 F (1.1 C)</temperature_string>
	<temp_f>34.0</temp_f>
	<temp_c>1.1</temp_c>
	<relative_humidity>63</relative_humidity>
	<wind_string>Southeast at 8.1 MPH (7 KT)</wind_string>
	<wind_dir>Southeast</wind_dir>
	<wind_degrees>120</wind_degrees>
	<wind_mph>8.1</wind_mph>
	<wind_kt>7</wind_kt>
	<pressure_in>30.58</pressure_in>
	<dewpoint_string>22.6 F (-5.2 C)</dewpoint_string>
	<dewpoint_f>22.6</dewpoint_f>
	<dewpoint_c>-5.2</dewpoint_c>
	<windchill_string>27 F (-3 C)</windchill_string>
      	<windchill_f>27</windchill_f>
      	<windchill_c>-3</windchill_c>
	<visibility_mi>10.00</visibility_mi>
 	<icon_url_base>http://forecast.weather.gov/images/wtf/small/</icon_url_base>
	<two_day_history_url>http://www.weather.gov/data/obhistory/KACB.html</two_day_history_url>
	<icon_url_name>ovc.png</icon_url_name>
	<ob_url>http://www.weather.gov/data/METAR/KACB.1.txt</ob_url>
	<disclaimer_url>http://weather.gov/disclaimer.html</disclaimer_url>
	<copyright_url>http://weather.gov/disclaimer.html</copyright_url>
	<privacy_policy_url>http://weather.gov/notice.html</privacy_policy_url>
</current_observation>
