<?xml version="1.0" encoding="ISO-8859-1"?> 
<?xml-stylesheet href="latest_ob.xsl" type="text/xsl"?>
<current_observation version="1.0"
	 xmlns:xsd="http://www.w3.org/2001/XMLSchema"
	 xmlns:xsi="http://www.w3.org/2001/XMLSchema-instance"
	 xsi:noNamespaceSchemaLocation="http://www.weather.gov/view/current_observation.xsd">
	<credit>NOAA's National Weather Service</credit>
	<credit_URL>http://weather.gov/</credit_URL>
	<image>
		<url>http://weather.gov/images/xml_logo.gif</url>
		<title>NOAA's National Weather Service</title>
		<link>http://weather.gov</link>
	</image>
	<suggested_pickup>15 minutes after the hour</suggested_pickup>
	<suggested_pickup_period>60</suggested_pickup_period>
	<location>Americus Souther Field Airport, GA</location>
	<station_id>KACJ</station_id>
	<latitude>32.11081</latitude>
	<longitude>-84.18886</longitude>
	<observation_time>Last Updated on Oct 17 2017, 1:35 pm EDT</observation_time>
        <observation_time_rfc822>Tue, 17 Oct 2017 13:35:00 -0400</observation_time_rfc822>
	<weather>Fair</weather>
	<temperature_string>70.0 F (21.0 C)</temperature_string>
	<temp_f>70.0</temp_f>
	<temp_c>21.0</temp_c>
	<relative_humidity>27</relative_humidity>
	<wind_string>from the East at 8.1 gusting to 21.9 MPH (7 gusting to 19 KT)</wind_string>
	<wind_dir>East</wind_dir>
	<wind_degrees>70</wind_degrees>
	<wind_mph>8.1</wind_mph>
	<wind_gust_mph>21.9</wind_gust_mph>
	<wind_kt>7</wind_kt>
	<wind_gust_kt>19</wind_gust_kt>
	<pressure_in>30.27</pressure_in>
	<dewpoint_string>33.8 F (1.0 C)</dewpoint_string>
	<dewpoint_f>33.8</dewpoint_f>
	<dewpoint_c>1.0</dewpoint_c>
	<visibility_mi>10.00</visibility_mi>
 	<icon_url_base>http://forecast.weather.gov/images/wtf/small/</icon_url_base>
	<two_day_history_url>http://www.weather.gov/data/obhistory/KACJ.html</two_day_history_url>
	<icon_url_name>skc.png</icon_url_name>
	<ob_url>http://www.weather.gov/data/METAR/KACJ.1.txt</ob_url>
	<disclaimer_url>http://weather.gov/disclaimer.html</disclaimer_url>
	<copyright_url>http://weather.gov/disclaimer.html</copyright_url>
	<privacy_policy_url>http://weather.gov/notice.html</privacy_policy_url>
</current_observation>
