<?xml version="1.0" encoding="ISO-8859-1"?> 
<?xml-stylesheet href="latest_ob.xsl" type="text/xsl"?>
<current_observation version="1.0"
	 xmlns:xsd="http://www.w3.org/2001/XMLSchema"
	 xmlns:xsi="http://www.w3.org/2001/XMLSchema-instance"
	 xsi:noNamespaceSchemaLocation="http://www.weather.gov/view/current_observation.xsd">
	<credit>NOAA's National Weather Service</credit>
	<credit_URL>http://weather.gov/</credit_URL>
	<image>
		<url>http://weather.gov/images/xml_logo.gif</url>
		<title>NOAA's National Weather Service</title>
		<link>http://weather.gov</link>
	</image>
	<suggested_pickup>15 minutes after the hour</suggested_pickup>
	<suggested_pickup_period>60</suggested_pickup_period>
	<location>Nantucket, Nantucket Memorial Airport, MA</location>
	<station_id>KACK</station_id>
	<latitude>41.25389</latitude>
	<longitude>-70.05972</longitude>
	<observation_time>Last Updated on Oct 17 2017, 1:53 pm EDT</observation_time>
        <observation_time_rfc822>Tue, 17 Oct 2017 13:53:00 -0400</observation_time_rfc822>
	<weather>Fair</weather>
	<temperature_string>54.0 F (12.2 C)</temperature_string>
	<temp_f>54.0</temp_f>
	<temp_c>12.2</temp_c>
	<relative_humidity>53</relative_humidity>
	<wind_string>from the North at 10.4 gusting to 19.6 MPH (9 gusting to 17 KT)</wind_string>
	<wind_dir>North</wind_dir>
	<wind_degrees>20</wind_degrees>
	<wind_mph>10.4</wind_mph>
	<wind_gust_mph>19.6</wind_gust_mph>
	<wind_kt>9</wind_kt>
	<wind_gust_kt>17</wind_gust_kt>
	<pressure_string>1024.1 mb</pressure_string>
	<pressure_mb>1024.1</pressure_mb>
	<pressure_in>30.25</pressure_in>
	<dewpoint_string>37.0 F (2.8 C)</dewpoint_string>
	<dewpoint_f>37.0</dewpoint_f>
	<dewpoint_c>2.8</dewpoint_c>
	<windchill_string>51 F (11 C)</windchill_string>
      	<windchill_f>51</windchill_f>
      	<windchill_c>11</windchill_c>
	<visibility_mi>10.00</visibility_mi>
 	<icon_url_base>http://forecast.weather.gov/images/wtf/small/</icon_url_base>
	<two_day_history_url>http://www.weather.gov/data/obhistory/KACK.html</two_day_history_url>
	<icon_url_name>skc.png</icon_url_name>
	<ob_url>http://www.weather.gov/data/METAR/KACK.1.txt</ob_url>
	<disclaimer_url>http://weather.gov/disclaimer.html</disclaimer_url>
	<copyright_url>http://weather.gov/disclaimer.html</copyright_url>
	<privacy_policy_url>http://weather.gov/notice.html</privacy_policy_url>
</current_observation>
