<?xml version="1.0" encoding="ISO-8859-1"?> 
<?xml-stylesheet href="latest_ob.xsl" type="text/xsl"?>
<current_observation version="1.0"
	 xmlns:xsd="http://www.w3.org/2001/XMLSchema"
	 xmlns:xsi="http://www.w3.org/2001/XMLSchema-instance"
	 xsi:noNamespaceSchemaLocation="http://www.weather.gov/view/current_observation.xsd">
	<credit>NOAA's National Weather Service</credit>
	<credit_URL>http://weather.gov/</credit_URL>
	<image>
		<url>http://weather.gov/images/xml_logo.gif</url>
		<title>NOAA's National Weather Service</title>
		<link>http://weather.gov</link>
	</image>
	<suggested_pickup>15 minutes after the hour</suggested_pickup>
	<suggested_pickup_period>60</suggested_pickup_period>
	<location>Oakdale, Allen Parish Airport, LA</location>
	<station_id>KACP</station_id>
	<latitude>30.7506</latitude>
	<longitude>-92.6886</longitude>
	<observation_time>Last Updated on Feb 22 2018, 3:35 pm CST</observation_time>
        <observation_time_rfc822>Thu, 22 Feb 2018 15:35:00 -0600</observation_time_rfc822>
	<weather>Partly Cloudy</weather>
	<temperature_string>81.0 F (27.3 C)</temperature_string>
	<temp_f>81.0</temp_f>
	<temp_c>27.3</temp_c>
	<relative_humidity>63</relative_humidity>
	<wind_string>from the South at 10.4 gusting to 19.6 MPH (9 gusting to 17 KT)</wind_string>
	<wind_dir>South</wind_dir>
	<wind_degrees>180</wind_degrees>
	<wind_mph>10.4</wind_mph>
	<wind_gust_mph>19.6</wind_gust_mph>
	<wind_kt>9</wind_kt>
	<wind_gust_kt>17</wind_gust_kt>
	<pressure_in>30.18</pressure_in>
	<dewpoint_string>67.3 F (19.6 C)</dewpoint_string>
	<dewpoint_f>67.3</dewpoint_f>
	<dewpoint_c>19.6</dewpoint_c>
	<heat_index_string>83 F (28 C)</heat_index_string>
      	<heat_index_f>83</heat_index_f>
      	<heat_index_c>28</heat_index_c>
	<visibility_mi>10.00</visibility_mi>
 	<icon_url_base>http://forecast.weather.gov/images/wtf/small/</icon_url_base>
	<two_day_history_url>http://www.weather.gov/data/obhistory/KACP.html</two_day_history_url>
	<icon_url_name>sct.png</icon_url_name>
	<ob_url>http://www.weather.gov/data/METAR/KACP.1.txt</ob_url>
	<disclaimer_url>http://weather.gov/disclaimer.html</disclaimer_url>
	<copyright_url>http://weather.gov/disclaimer.html</copyright_url>
	<privacy_policy_url>http://weather.gov/notice.html</privacy_policy_url>
</current_observation>
