<?xml version="1.0" encoding="ISO-8859-1"?> 
<?xml-stylesheet href="latest_ob.xsl" type="text/xsl"?>
<current_observation version="1.0"
	 xmlns:xsd="http://www.w3.org/2001/XMLSchema"
	 xmlns:xsi="http://www.w3.org/2001/XMLSchema-instance"
	 xsi:noNamespaceSchemaLocation="http://www.weather.gov/view/current_observation.xsd">
	<credit>NOAA's National Weather Service</credit>
	<credit_URL>http://weather.gov/</credit_URL>
	<image>
		<url>http://weather.gov/images/xml_logo.gif</url>
		<title>NOAA's National Weather Service</title>
		<link>http://weather.gov</link>
	</image>
	<suggested_pickup>15 minutes after the hour</suggested_pickup>
	<suggested_pickup_period>60</suggested_pickup_period>
	<location>Arcata / Eureka, Arcata Airport, CA</location>
	<station_id>KACV</station_id>
	<latitude>40.97806</latitude>
	<longitude>-124.10861</longitude>
	<observation_time>Last Updated on Oct 17 2017, 10:53 am PDT</observation_time>
        <observation_time_rfc822>Tue, 17 Oct 2017 10:53:00 -0700</observation_time_rfc822>
	<weather>Overcast</weather>
	<temperature_string>50.0 F (10.0 C)</temperature_string>
	<temp_f>50.0</temp_f>
	<temp_c>10.0</temp_c>
	<relative_humidity>100</relative_humidity>
	<wind_string>West at 3.5 MPH (3 KT)</wind_string>
	<wind_dir>West</wind_dir>
	<wind_degrees>280</wind_degrees>
	<wind_mph>3.5</wind_mph>
	<wind_kt>3</wind_kt>
	<pressure_string>1022.6 mb</pressure_string>
	<pressure_mb>1022.6</pressure_mb>
	<pressure_in>30.18</pressure_in>
	<dewpoint_string>50.0 F (10.0 C)</dewpoint_string>
	<dewpoint_f>50.0</dewpoint_f>
	<dewpoint_c>10.0</dewpoint_c>
	<visibility_mi>9.00</visibility_mi>
 	<icon_url_base>http://forecast.weather.gov/images/wtf/small/</icon_url_base>
	<two_day_history_url>http://www.weather.gov/data/obhistory/KACV.html</two_day_history_url>
	<icon_url_name>ovc.png</icon_url_name>
	<ob_url>http://www.weather.gov/data/METAR/KACV.1.txt</ob_url>
	<disclaimer_url>http://weather.gov/disclaimer.html</disclaimer_url>
	<copyright_url>http://weather.gov/disclaimer.html</copyright_url>
	<privacy_policy_url>http://weather.gov/notice.html</privacy_policy_url>
</current_observation>
