<?xml version="1.0" encoding="ISO-8859-1"?> 
<?xml-stylesheet href="latest_ob.xsl" type="text/xsl"?>
<current_observation version="1.0"
	 xmlns:xsd="http://www.w3.org/2001/XMLSchema"
	 xmlns:xsi="http://www.w3.org/2001/XMLSchema-instance"
	 xsi:noNamespaceSchemaLocation="http://www.weather.gov/view/current_observation.xsd">
	<credit>NOAA's National Weather Service</credit>
	<credit_URL>http://weather.gov/</credit_URL>
	<image>
		<url>http://weather.gov/images/xml_logo.gif</url>
		<title>NOAA's National Weather Service</title>
		<link>http://weather.gov</link>
	</image>
	<suggested_pickup>15 minutes after the hour</suggested_pickup>
	<suggested_pickup_period>60</suggested_pickup_period>
	<location>Adrian, Lenawee County Airport, MI</location>
	<station_id>KADG</station_id>
	<latitude>41.8678</latitude>
	<longitude>-84.0794</longitude>
	<observation_time>Last Updated on Feb 22 2018, 4:53 pm EST</observation_time>
        <observation_time_rfc822>Thu, 22 Feb 2018 16:53:00 -0500</observation_time_rfc822>
	<weather>Overcast</weather>
	<temperature_string>38.0 F (3.3 C)</temperature_string>
	<temp_f>38.0</temp_f>
	<temp_c>3.3</temp_c>
	<relative_humidity>73</relative_humidity>
	<wind_string>East at 12.7 MPH (11 KT)</wind_string>
	<wind_dir>East</wind_dir>
	<wind_degrees>110</wind_degrees>
	<wind_mph>12.7</wind_mph>
	<wind_kt>11</wind_kt>
	<pressure_string>1034.2 mb</pressure_string>
	<pressure_mb>1034.2</pressure_mb>
	<pressure_in>30.51</pressure_in>
	<dewpoint_string>30.0 F (-1.1 C)</dewpoint_string>
	<dewpoint_f>30.0</dewpoint_f>
	<dewpoint_c>-1.1</dewpoint_c>
	<windchill_string>30 F (-1 C)</windchill_string>
      	<windchill_f>30</windchill_f>
      	<windchill_c>-1</windchill_c>
	<visibility_mi>10.00</visibility_mi>
 	<icon_url_base>http://forecast.weather.gov/images/wtf/small/</icon_url_base>
	<two_day_history_url>http://www.weather.gov/data/obhistory/KADG.html</two_day_history_url>
	<icon_url_name>ovc.png</icon_url_name>
	<ob_url>http://www.weather.gov/data/METAR/KADG.1.txt</ob_url>
	<disclaimer_url>http://weather.gov/disclaimer.html</disclaimer_url>
	<copyright_url>http://weather.gov/disclaimer.html</copyright_url>
	<privacy_policy_url>http://weather.gov/notice.html</privacy_policy_url>
</current_observation>
