<?xml version="1.0" encoding="ISO-8859-1"?> 
<?xml-stylesheet href="latest_ob.xsl" type="text/xsl"?>
<current_observation version="1.0"
	 xmlns:xsd="http://www.w3.org/2001/XMLSchema"
	 xmlns:xsi="http://www.w3.org/2001/XMLSchema-instance"
	 xsi:noNamespaceSchemaLocation="http://www.weather.gov/view/current_observation.xsd">
	<credit>NOAA's National Weather Service</credit>
	<credit_URL>http://weather.gov/</credit_URL>
	<image>
		<url>http://weather.gov/images/xml_logo.gif</url>
		<title>NOAA's National Weather Service</title>
		<link>http://weather.gov</link>
	</image>
	<suggested_pickup>15 minutes after the hour</suggested_pickup>
	<suggested_pickup_period>60</suggested_pickup_period>
	<location>Albuquerque, Double Eagle II Airport, NM</location>
	<station_id>KAEG</station_id>
	<latitude>35.145</latitude>
	<longitude>-106.795</longitude>
	<observation_time>Last Updated on Feb 22 2018, 2:47 pm MST</observation_time>
        <observation_time_rfc822>Thu, 22 Feb 2018 14:47:00 -0700</observation_time_rfc822>
	<weather>Partly Cloudy and Windy</weather>
	<temperature_string>43.0 F (6.0 C)</temperature_string>
	<temp_f>43.0</temp_f>
	<temp_c>6.0</temp_c>
	<relative_humidity>31</relative_humidity>
	<wind_string>from the West at 130.0 gusting to 26.5 MPH (113 gusting to 23 KT)</wind_string>
	<wind_dir>West</wind_dir>
	<wind_degrees>250</wind_degrees>
	<wind_mph>130.0</wind_mph>
	<wind_gust_mph>26.5</wind_gust_mph>
	<wind_kt>113</wind_kt>
	<wind_gust_kt>23</wind_gust_kt>
	<pressure_in>30.03</pressure_in>
	<dewpoint_string>14.0 F (-10.0 C)</dewpoint_string>
	<dewpoint_f>14.0</dewpoint_f>
	<dewpoint_c>-10.0</dewpoint_c>
	<windchill_string>25 F (-4 C)</windchill_string>
      	<windchill_f>25</windchill_f>
      	<windchill_c>-4</windchill_c>
	<visibility_mi>10.00</visibility_mi>
 	<icon_url_base>http://forecast.weather.gov/images/wtf/small/</icon_url_base>
	<two_day_history_url>http://www.weather.gov/data/obhistory/KAEG.html</two_day_history_url>
	<icon_url_name>wind.png</icon_url_name>
	<ob_url>http://www.weather.gov/data/METAR/KAEG.1.txt</ob_url>
	<disclaimer_url>http://weather.gov/disclaimer.html</disclaimer_url>
	<copyright_url>http://weather.gov/disclaimer.html</copyright_url>
	<privacy_policy_url>http://weather.gov/notice.html</privacy_policy_url>
</current_observation>
