<?xml version="1.0" encoding="ISO-8859-1"?> 
<?xml-stylesheet href="latest_ob.xsl" type="text/xsl"?>
<current_observation version="1.0"
	 xmlns:xsd="http://www.w3.org/2001/XMLSchema"
	 xmlns:xsi="http://www.w3.org/2001/XMLSchema-instance"
	 xsi:noNamespaceSchemaLocation="http://www.weather.gov/view/current_observation.xsd">
	<credit>NOAA's National Weather Service</credit>
	<credit_URL>http://weather.gov/</credit_URL>
	<image>
		<url>http://weather.gov/images/xml_logo.gif</url>
		<title>NOAA's National Weather Service</title>
		<link>http://weather.gov</link>
	</image>
	<suggested_pickup>15 minutes after the hour</suggested_pickup>
	<suggested_pickup_period>60</suggested_pickup_period>
	<location>Central Colorado Regional Airport, CO</location>
	<station_id>KAEJ</station_id>
	<latitude>38.8142</latitude>
	<longitude>-106.121</longitude>
	<observation_time>Last Updated on Feb 22 2018, 2:55 pm MST</observation_time>
        <observation_time_rfc822>Thu, 22 Feb 2018 14:55:00 -0700</observation_time_rfc822>
	<weather>Partly Cloudy</weather>
	<temperature_string>32.0 F (0.0 C)</temperature_string>
	<temp_f>32.0</temp_f>
	<temp_c>0.0</temp_c>
	<relative_humidity>40</relative_humidity>
	<wind_string>from the West at 12.7 gusting to 19.6 MPH (11 gusting to 17 KT)</wind_string>
	<wind_dir>West</wind_dir>
	<wind_degrees>260</wind_degrees>
	<wind_mph>12.7</wind_mph>
	<wind_gust_mph>19.6</wind_gust_mph>
	<wind_kt>11</wind_kt>
	<wind_gust_kt>17</wind_gust_kt>
	<pressure_in>29.81</pressure_in>
	<dewpoint_string>10.0 F (-12.2 C)</dewpoint_string>
	<dewpoint_f>10.0</dewpoint_f>
	<dewpoint_c>-12.2</dewpoint_c>
	<windchill_string>22 F (-6 C)</windchill_string>
      	<windchill_f>22</windchill_f>
      	<windchill_c>-6</windchill_c>
	<visibility_mi>10.00</visibility_mi>
 	<icon_url_base>http://forecast.weather.gov/images/wtf/small/</icon_url_base>
	<two_day_history_url>http://www.weather.gov/data/obhistory/KAEJ.html</two_day_history_url>
	<icon_url_name>sct.png</icon_url_name>
	<ob_url>http://www.weather.gov/data/METAR/KAEJ.1.txt</ob_url>
	<disclaimer_url>http://weather.gov/disclaimer.html</disclaimer_url>
	<copyright_url>http://weather.gov/disclaimer.html</copyright_url>
	<privacy_policy_url>http://weather.gov/notice.html</privacy_policy_url>
</current_observation>
