<?xml version="1.0" encoding="ISO-8859-1"?> 
<?xml-stylesheet href="latest_ob.xsl" type="text/xsl"?>
<current_observation version="1.0"
	 xmlns:xsd="http://www.w3.org/2001/XMLSchema"
	 xmlns:xsi="http://www.w3.org/2001/XMLSchema-instance"
	 xsi:noNamespaceSchemaLocation="http://www.weather.gov/view/current_observation.xsd">
	<credit>NOAA's National Weather Service</credit>
	<credit_URL>http://weather.gov/</credit_URL>
	<image>
		<url>http://weather.gov/images/xml_logo.gif</url>
		<title>NOAA's National Weather Service</title>
		<link>http://weather.gov</link>
	</image>
	<suggested_pickup>15 minutes after the hour</suggested_pickup>
	<suggested_pickup_period>60</suggested_pickup_period>
	<location>Nebraska City, Nebraska City Municipal Airport, NE</location>
	<station_id>KAFK</station_id>
	<latitude>40.6</latitude>
	<longitude>-95.85</longitude>
	<observation_time>Last Updated on Feb 22 2018, 3:35 pm CST</observation_time>
        <observation_time_rfc822>Thu, 22 Feb 2018 15:35:00 -0600</observation_time_rfc822>
	<weather>Overcast</weather>
	<temperature_string>31.0 F (-0.8 C)</temperature_string>
	<temp_f>31.0</temp_f>
	<temp_c>-0.8</temp_c>
	<relative_humidity>100</relative_humidity>
	<wind_string>Southeast at 6.9 MPH (6 KT)</wind_string>
	<wind_dir>Southeast</wind_dir>
	<wind_degrees>120</wind_degrees>
	<wind_mph>6.9</wind_mph>
	<wind_kt>6</wind_kt>
	<pressure_in>30.21</pressure_in>
	<dewpoint_string>30.6 F (-0.8 C)</dewpoint_string>
	<dewpoint_f>30.6</dewpoint_f>
	<dewpoint_c>-0.8</dewpoint_c>
	<windchill_string>24 F (-4 C)</windchill_string>
      	<windchill_f>24</windchill_f>
      	<windchill_c>-4</windchill_c>
	<visibility_mi>10.00</visibility_mi>
 	<icon_url_base>http://forecast.weather.gov/images/wtf/small/</icon_url_base>
	<two_day_history_url>http://www.weather.gov/data/obhistory/KAFK.html</two_day_history_url>
	<icon_url_name>ovc.png</icon_url_name>
	<ob_url>http://www.weather.gov/data/METAR/KAFK.1.txt</ob_url>
	<disclaimer_url>http://weather.gov/disclaimer.html</disclaimer_url>
	<copyright_url>http://weather.gov/disclaimer.html</copyright_url>
	<privacy_policy_url>http://weather.gov/notice.html</privacy_policy_url>
</current_observation>
