<?xml version="1.0" encoding="ISO-8859-1"?> 
<?xml-stylesheet href="latest_ob.xsl" type="text/xsl"?>
<current_observation version="1.0"
	 xmlns:xsd="http://www.w3.org/2001/XMLSchema"
	 xmlns:xsi="http://www.w3.org/2001/XMLSchema-instance"
	 xsi:noNamespaceSchemaLocation="http://www.weather.gov/view/current_observation.xsd">
	<credit>NOAA's National Weather Service</credit>
	<credit_URL>http://weather.gov/</credit_URL>
	<image>
		<url>http://weather.gov/images/xml_logo.gif</url>
		<title>NOAA's National Weather Service</title>
		<link>http://weather.gov</link>
	</image>
	<suggested_pickup>15 minutes after the hour</suggested_pickup>
	<suggested_pickup_period>60</suggested_pickup_period>
	<location>Anson County Airport, NC</location>
	<station_id>KAFP</station_id>
	<latitude>35.01944</latitude>
	<longitude>-80.07836</longitude>
	<observation_time>Last Updated on Oct 17 2017, 1:45 pm EDT</observation_time>
        <observation_time_rfc822>Tue, 17 Oct 2017 13:45:00 -0400</observation_time_rfc822>
	<weather>Fair</weather>
	<temperature_string>65.0 F (18.4 C)</temperature_string>
	<temp_f>65.0</temp_f>
	<temp_c>18.4</temp_c>
	<relative_humidity>33</relative_humidity>
	<wind_string>from the Northeast at 11.5 gusting to 16.1 MPH (10 gusting to 14 KT)</wind_string>
	<wind_dir>Northeast</wind_dir>
	<wind_degrees>30</wind_degrees>
	<wind_mph>11.5</wind_mph>
	<wind_gust_mph>16.1</wind_gust_mph>
	<wind_kt>10</wind_kt>
	<wind_gust_kt>14</wind_gust_kt>
	<pressure_in>30.32</pressure_in>
	<dewpoint_string>35.2 F (1.8 C)</dewpoint_string>
	<dewpoint_f>35.2</dewpoint_f>
	<dewpoint_c>1.8</dewpoint_c>
	<visibility_mi>7.00</visibility_mi>
 	<icon_url_base>http://forecast.weather.gov/images/wtf/small/</icon_url_base>
	<two_day_history_url>http://www.weather.gov/data/obhistory/KAFP.html</two_day_history_url>
	<icon_url_name>skc.png</icon_url_name>
	<ob_url>http://www.weather.gov/data/METAR/KAFP.1.txt</ob_url>
	<disclaimer_url>http://weather.gov/disclaimer.html</disclaimer_url>
	<copyright_url>http://weather.gov/disclaimer.html</copyright_url>
	<privacy_policy_url>http://weather.gov/notice.html</privacy_policy_url>
</current_observation>
