<?xml version="1.0" encoding="ISO-8859-1"?> 
<?xml-stylesheet href="latest_ob.xsl" type="text/xsl"?>
<current_observation version="1.0"
	 xmlns:xsd="http://www.w3.org/2001/XMLSchema"
	 xmlns:xsi="http://www.w3.org/2001/XMLSchema-instance"
	 xsi:noNamespaceSchemaLocation="http://www.weather.gov/view/current_observation.xsd">
	<credit>NOAA's National Weather Service</credit>
	<credit_URL>http://weather.gov/</credit_URL>
	<image>
		<url>http://weather.gov/images/xml_logo.gif</url>
		<title>NOAA's National Weather Service</title>
		<link>http://weather.gov</link>
	</image>
	<suggested_pickup>15 minutes after the hour</suggested_pickup>
	<suggested_pickup_period>60</suggested_pickup_period>
	<location>Fort Worth, Fort Worth Alliance Airport, TX</location>
	<station_id>KAFW</station_id>
	<latitude>32.9733</latitude>
	<longitude>-97.3181</longitude>
	<observation_time>Last Updated on Feb 22 2018, 3:53 pm CST</observation_time>
        <observation_time_rfc822>Thu, 22 Feb 2018 15:53:00 -0600</observation_time_rfc822>
	<weather>Light Rain Fog/Mist</weather>
	<temperature_string>35.0 F (1.7 C)</temperature_string>
	<temp_f>35.0</temp_f>
	<temp_c>1.7</temp_c>
	<relative_humidity>96</relative_humidity>
	<wind_string>Northwest at 9.2 MPH (8 KT)</wind_string>
	<wind_dir>Northwest</wind_dir>
	<wind_degrees>310</wind_degrees>
	<wind_mph>9.2</wind_mph>
	<wind_kt>8</wind_kt>
	<pressure_string>1024.6 mb</pressure_string>
	<pressure_mb>1024.6</pressure_mb>
	<pressure_in>30.23</pressure_in>
	<dewpoint_string>34.0 F (1.1 C)</dewpoint_string>
	<dewpoint_f>34.0</dewpoint_f>
	<dewpoint_c>1.1</dewpoint_c>
	<windchill_string>28 F (-2 C)</windchill_string>
      	<windchill_f>28</windchill_f>
      	<windchill_c>-2</windchill_c>
	<visibility_mi>3.00</visibility_mi>
 	<icon_url_base>http://forecast.weather.gov/images/wtf/small/</icon_url_base>
	<two_day_history_url>http://www.weather.gov/data/obhistory/KAFW.html</two_day_history_url>
	<icon_url_name>ra.png</icon_url_name>
	<ob_url>http://www.weather.gov/data/METAR/KAFW.1.txt</ob_url>
	<disclaimer_url>http://weather.gov/disclaimer.html</disclaimer_url>
	<copyright_url>http://weather.gov/disclaimer.html</copyright_url>
	<privacy_policy_url>http://weather.gov/notice.html</privacy_policy_url>
</current_observation>
