<?xml version="1.0" encoding="ISO-8859-1"?> 
<?xml-stylesheet href="latest_ob.xsl" type="text/xsl"?>
<current_observation version="1.0"
	 xmlns:xsd="http://www.w3.org/2001/XMLSchema"
	 xmlns:xsi="http://www.w3.org/2001/XMLSchema-instance"
	 xsi:noNamespaceSchemaLocation="http://www.weather.gov/view/current_observation.xsd">
	<credit>NOAA's National Weather Service</credit>
	<credit_URL>http://weather.gov/</credit_URL>
	<image>
		<url>http://weather.gov/images/xml_logo.gif</url>
		<title>NOAA's National Weather Service</title>
		<link>http://weather.gov</link>
	</image>
	<suggested_pickup>15 minutes after the hour</suggested_pickup>
	<suggested_pickup_period>60</suggested_pickup_period>
	<location>Athens, Athens Airport, GA</location>
	<station_id>KAHN</station_id>
	<latitude>33.9508</latitude>
	<longitude>-83.3281</longitude>
	<observation_time>Last Updated on Feb 22 2018, 4:51 pm EST</observation_time>
        <observation_time_rfc822>Thu, 22 Feb 2018 16:51:00 -0500</observation_time_rfc822>
	<weather>Fair</weather>
	<temperature_string>80.0 F (26.7 C)</temperature_string>
	<temp_f>80.0</temp_f>
	<temp_c>26.7</temp_c>
	<relative_humidity>51</relative_humidity>
	<wind_string>Calm</wind_string>
	<wind_dir>North</wind_dir>
	<wind_degrees>0</wind_degrees>
	<wind_mph>0.0</wind_mph>
	<wind_kt>0</wind_kt>
	<pressure_string>1027.9 mb</pressure_string>
	<pressure_mb>1027.9</pressure_mb>
	<pressure_in>30.37</pressure_in>
	<dewpoint_string>60.1 F (15.6 C)</dewpoint_string>
	<dewpoint_f>60.1</dewpoint_f>
	<dewpoint_c>15.6</dewpoint_c>
	<heat_index_string>81 F (27 C)</heat_index_string>
      	<heat_index_f>81</heat_index_f>
      	<heat_index_c>27</heat_index_c>
	<visibility_mi>10.00</visibility_mi>
 	<icon_url_base>http://forecast.weather.gov/images/wtf/small/</icon_url_base>
	<two_day_history_url>http://www.weather.gov/data/obhistory/KAHN.html</two_day_history_url>
	<icon_url_name>skc.png</icon_url_name>
	<ob_url>http://www.weather.gov/data/METAR/KAHN.1.txt</ob_url>
	<disclaimer_url>http://weather.gov/disclaimer.html</disclaimer_url>
	<copyright_url>http://weather.gov/disclaimer.html</copyright_url>
	<privacy_policy_url>http://weather.gov/notice.html</privacy_policy_url>
</current_observation>
