<?xml version="1.0" encoding="ISO-8859-1"?> 
<?xml-stylesheet href="latest_ob.xsl" type="text/xsl"?>
<current_observation version="1.0"
	 xmlns:xsd="http://www.w3.org/2001/XMLSchema"
	 xmlns:xsi="http://www.w3.org/2001/XMLSchema-instance"
	 xsi:noNamespaceSchemaLocation="http://www.weather.gov/view/current_observation.xsd">
	<credit>NOAA's National Weather Service</credit>
	<credit_URL>http://weather.gov/</credit_URL>
	<image>
		<url>http://weather.gov/images/xml_logo.gif</url>
		<title>NOAA's National Weather Service</title>
		<link>http://weather.gov</link>
	</image>
	<suggested_pickup>15 minutes after the hour</suggested_pickup>
	<suggested_pickup_period>60</suggested_pickup_period>
	<location>Corona Airport, CA</location>
	<station_id>KAJO</station_id>
	<latitude>33.8977</latitude>
	<longitude>-117.6024</longitude>
	<observation_time>Last Updated on Oct 17 2017, 10:56 am PDT</observation_time>
        <observation_time_rfc822>Tue, 17 Oct 2017 10:56:00 -0700</observation_time_rfc822>
	<weather>Fair</weather>
	<temperature_string>82.0 F (27.8 C)</temperature_string>
	<temp_f>82.0</temp_f>
	<temp_c>27.8</temp_c>
	<relative_humidity>25</relative_humidity>
	<wind_string>Calm</wind_string>
	<wind_dir>North</wind_dir>
	<wind_degrees>0</wind_degrees>
	<wind_mph>0.0</wind_mph>
	<wind_kt>0</wind_kt>
	<pressure_string>1017.4 mb</pressure_string>
	<pressure_mb>1017.4</pressure_mb>
	<pressure_in>30.03</pressure_in>
	<dewpoint_string>43.0 F (6.1 C)</dewpoint_string>
	<dewpoint_f>43.0</dewpoint_f>
	<dewpoint_c>6.1</dewpoint_c>
	<heat_index_string>80 F (27 C)</heat_index_string>
      	<heat_index_f>80</heat_index_f>
      	<heat_index_c>27</heat_index_c>
	<visibility_mi>10.00</visibility_mi>
 	<icon_url_base>http://forecast.weather.gov/images/wtf/small/</icon_url_base>
	<two_day_history_url>http://www.weather.gov/data/obhistory/KAJO.html</two_day_history_url>
	<icon_url_name>skc.png</icon_url_name>
	<ob_url>http://www.weather.gov/data/METAR/KAJO.1.txt</ob_url>
	<disclaimer_url>http://weather.gov/disclaimer.html</disclaimer_url>
	<copyright_url>http://weather.gov/disclaimer.html</copyright_url>
	<privacy_policy_url>http://weather.gov/notice.html</privacy_policy_url>
</current_observation>
