<?xml version="1.0" encoding="ISO-8859-1"?> 
<?xml-stylesheet href="latest_ob.xsl" type="text/xsl"?>
<current_observation version="1.0"
	 xmlns:xsd="http://www.w3.org/2001/XMLSchema"
	 xmlns:xsi="http://www.w3.org/2001/XMLSchema-instance"
	 xsi:noNamespaceSchemaLocation="http://www.weather.gov/view/current_observation.xsd">
	<credit>NOAA's National Weather Service</credit>
	<credit_URL>http://weather.gov/</credit_URL>
	<image>
		<url>http://weather.gov/images/xml_logo.gif</url>
		<title>NOAA's National Weather Service</title>
		<link>http://weather.gov</link>
	</image>
	<suggested_pickup>15 minutes after the hour</suggested_pickup>
	<suggested_pickup_period>60</suggested_pickup_period>
	<location>Wakefield Municipal Airport, VA</location>
	<station_id>KAKQ</station_id>
	<latitude>36.9827</latitude>
	<longitude>-77.0014</longitude>
	<observation_time>Last Updated on Feb 22 2018, 4:54 pm EST</observation_time>
        <observation_time_rfc822>Thu, 22 Feb 2018 16:54:00 -0500</observation_time_rfc822>
	<weather>Partly Cloudy</weather>
	<temperature_string>76.0 F (24.4 C)</temperature_string>
	<temp_f>76.0</temp_f>
	<temp_c>24.4</temp_c>
	<relative_humidity>62</relative_humidity>
	<wind_string>Southwest at 5.8 MPH (5 KT)</wind_string>
	<wind_dir>Southwest</wind_dir>
	<wind_degrees>220</wind_degrees>
	<wind_mph>5.8</wind_mph>
	<wind_kt>5</wind_kt>
	<pressure_string>1028.0 mb</pressure_string>
	<pressure_mb>1028.0</pressure_mb>
	<pressure_in>30.36</pressure_in>
	<dewpoint_string>62.1 F (16.7 C)</dewpoint_string>
	<dewpoint_f>62.1</dewpoint_f>
	<dewpoint_c>16.7</dewpoint_c>
	<visibility_mi>10.00</visibility_mi>
 	<icon_url_base>http://forecast.weather.gov/images/wtf/small/</icon_url_base>
	<two_day_history_url>http://www.weather.gov/data/obhistory/KAKQ.html</two_day_history_url>
	<icon_url_name>sct.png</icon_url_name>
	<ob_url>http://www.weather.gov/data/METAR/KAKQ.1.txt</ob_url>
	<disclaimer_url>http://weather.gov/disclaimer.html</disclaimer_url>
	<copyright_url>http://weather.gov/disclaimer.html</copyright_url>
	<privacy_policy_url>http://weather.gov/notice.html</privacy_policy_url>
</current_observation>
