<?xml version="1.0" encoding="ISO-8859-1"?> 
<?xml-stylesheet href="latest_ob.xsl" type="text/xsl"?>
<current_observation version="1.0"
	 xmlns:xsd="http://www.w3.org/2001/XMLSchema"
	 xmlns:xsi="http://www.w3.org/2001/XMLSchema-instance"
	 xsi:noNamespaceSchemaLocation="http://www.weather.gov/view/current_observation.xsd">
	<credit>NOAA's National Weather Service</credit>
	<credit_URL>http://weather.gov/</credit_URL>
	<image>
		<url>http://weather.gov/images/xml_logo.gif</url>
		<title>NOAA's National Weather Service</title>
		<link>http://weather.gov</link>
	</image>
	<suggested_pickup>15 minutes after the hour</suggested_pickup>
	<suggested_pickup_period>60</suggested_pickup_period>
	<location>Albany International Airport, NY</location>
	<station_id>KALB</station_id>
	<latitude>42.7472</latitude>
	<longitude>-73.7991</longitude>
	<observation_time>Last Updated on Feb 22 2018, 4:51 pm EST</observation_time>
        <observation_time_rfc822>Thu, 22 Feb 2018 16:51:00 -0500</observation_time_rfc822>
	<weather>Light Snow</weather>
	<temperature_string>30.0 F (-1.1 C)</temperature_string>
	<temp_f>30.0</temp_f>
	<temp_c>-1.1</temp_c>
	<relative_humidity>82</relative_humidity>
	<wind_string>Northeast at 6.9 MPH (6 KT)</wind_string>
	<wind_dir>Northeast</wind_dir>
	<wind_degrees>50</wind_degrees>
	<wind_mph>6.9</wind_mph>
	<wind_kt>6</wind_kt>
	<pressure_string>1039.5 mb</pressure_string>
	<pressure_mb>1039.5</pressure_mb>
	<pressure_in>30.69</pressure_in>
	<dewpoint_string>25.0 F (-3.9 C)</dewpoint_string>
	<dewpoint_f>25.0</dewpoint_f>
	<dewpoint_c>-3.9</dewpoint_c>
	<windchill_string>23 F (-5 C)</windchill_string>
      	<windchill_f>23</windchill_f>
      	<windchill_c>-5</windchill_c>
	<visibility_mi>10.00</visibility_mi>
 	<icon_url_base>http://forecast.weather.gov/images/wtf/small/</icon_url_base>
	<two_day_history_url>http://www.weather.gov/data/obhistory/KALB.html</two_day_history_url>
	<icon_url_name>sn.png</icon_url_name>
	<ob_url>http://www.weather.gov/data/METAR/KALB.1.txt</ob_url>
	<disclaimer_url>http://weather.gov/disclaimer.html</disclaimer_url>
	<copyright_url>http://weather.gov/disclaimer.html</copyright_url>
	<privacy_policy_url>http://weather.gov/notice.html</privacy_policy_url>
</current_observation>
