<?xml version="1.0" encoding="ISO-8859-1"?> 
<?xml-stylesheet href="latest_ob.xsl" type="text/xsl"?>
<current_observation version="1.0"
	 xmlns:xsd="http://www.w3.org/2001/XMLSchema"
	 xmlns:xsi="http://www.w3.org/2001/XMLSchema-instance"
	 xsi:noNamespaceSchemaLocation="http://www.weather.gov/view/current_observation.xsd">
	<credit>NOAA's National Weather Service</credit>
	<credit_URL>http://weather.gov/</credit_URL>
	<image>
		<url>http://weather.gov/images/xml_logo.gif</url>
		<title>NOAA's National Weather Service</title>
		<link>http://weather.gov</link>
	</image>
	<suggested_pickup>15 minutes after the hour</suggested_pickup>
	<suggested_pickup_period>60</suggested_pickup_period>
	<location>Albany International Airport, NY</location>
	<station_id>KALB</station_id>
	<latitude>42.74722</latitude>
	<longitude>-73.79912</longitude>
	<observation_time>Last Updated on Oct 17 2017, 1:51 pm EDT</observation_time>
        <observation_time_rfc822>Tue, 17 Oct 2017 13:51:00 -0400</observation_time_rfc822>
	<weather>Fair</weather>
	<temperature_string>53.0 F (11.7 C)</temperature_string>
	<temp_f>53.0</temp_f>
	<temp_c>11.7</temp_c>
	<relative_humidity>40</relative_humidity>
	<wind_string>South at 4.6 MPH (4 KT)</wind_string>
	<wind_dir>South</wind_dir>
	<wind_degrees>180</wind_degrees>
	<wind_mph>4.6</wind_mph>
	<wind_kt>4</wind_kt>
	<pressure_string>1024.9 mb</pressure_string>
	<pressure_mb>1024.9</pressure_mb>
	<pressure_in>30.26</pressure_in>
	<dewpoint_string>28.9 F (-1.7 C)</dewpoint_string>
	<dewpoint_f>28.9</dewpoint_f>
	<dewpoint_c>-1.7</dewpoint_c>
	<windchill_string>52 F (11 C)</windchill_string>
      	<windchill_f>52</windchill_f>
      	<windchill_c>11</windchill_c>
	<visibility_mi>10.00</visibility_mi>
 	<icon_url_base>http://forecast.weather.gov/images/wtf/small/</icon_url_base>
	<two_day_history_url>http://www.weather.gov/data/obhistory/KALB.html</two_day_history_url>
	<icon_url_name>skc.png</icon_url_name>
	<ob_url>http://www.weather.gov/data/METAR/KALB.1.txt</ob_url>
	<disclaimer_url>http://weather.gov/disclaimer.html</disclaimer_url>
	<copyright_url>http://weather.gov/disclaimer.html</copyright_url>
	<privacy_policy_url>http://weather.gov/notice.html</privacy_policy_url>
</current_observation>
