<?xml version="1.0" encoding="ISO-8859-1"?> 
<?xml-stylesheet href="latest_ob.xsl" type="text/xsl"?>
<current_observation version="1.0"
	 xmlns:xsd="http://www.w3.org/2001/XMLSchema"
	 xmlns:xsi="http://www.w3.org/2001/XMLSchema-instance"
	 xsi:noNamespaceSchemaLocation="http://www.weather.gov/view/current_observation.xsd">
	<credit>NOAA's National Weather Service</credit>
	<credit_URL>http://weather.gov/</credit_URL>
	<image>
		<url>http://weather.gov/images/xml_logo.gif</url>
		<title>NOAA's National Weather Service</title>
		<link>http://weather.gov</link>
	</image>
	<suggested_pickup>15 minutes after the hour</suggested_pickup>
	<suggested_pickup_period>60</suggested_pickup_period>
	<location>Alamogordo-White, NM</location>
	<station_id>KALM</station_id>
	<latitude>32.8351</latitude>
	<longitude>-105.994</longitude>
	<observation_time>Last Updated on Feb 22 2018, 2:55 pm MST</observation_time>
        <observation_time_rfc822>Thu, 22 Feb 2018 14:55:00 -0700</observation_time_rfc822>
	<weather>Fair</weather>
	<temperature_string>57.0 F (14.0 C)</temperature_string>
	<temp_f>57.0</temp_f>
	<temp_c>14.0</temp_c>
	<relative_humidity>20</relative_humidity>
	<wind_string>from the Southwest at 13.8 gusting to 23.0 MPH (12 gusting to 20 KT)</wind_string>
	<wind_dir>Southwest</wind_dir>
	<wind_degrees>240</wind_degrees>
	<wind_mph>13.8</wind_mph>
	<wind_gust_mph>23.0</wind_gust_mph>
	<wind_kt>12</wind_kt>
	<wind_gust_kt>20</wind_gust_kt>
	<pressure_in>30.09</pressure_in>
	<dewpoint_string>15.8 F (-9.0 C)</dewpoint_string>
	<dewpoint_f>15.8</dewpoint_f>
	<dewpoint_c>-9.0</dewpoint_c>
	<windchill_string>54 F (12 C)</windchill_string>
      	<windchill_f>54</windchill_f>
      	<windchill_c>12</windchill_c>
	<visibility_mi>10.00</visibility_mi>
 	<icon_url_base>http://forecast.weather.gov/images/wtf/small/</icon_url_base>
	<two_day_history_url>http://www.weather.gov/data/obhistory/KALM.html</two_day_history_url>
	<icon_url_name>skc.png</icon_url_name>
	<ob_url>http://www.weather.gov/data/METAR/KALM.1.txt</ob_url>
	<disclaimer_url>http://weather.gov/disclaimer.html</disclaimer_url>
	<copyright_url>http://weather.gov/disclaimer.html</copyright_url>
	<privacy_policy_url>http://weather.gov/notice.html</privacy_policy_url>
</current_observation>
