<?xml version="1.0" encoding="ISO-8859-1"?> 
<?xml-stylesheet href="latest_ob.xsl" type="text/xsl"?>
<current_observation version="1.0"
	 xmlns:xsd="http://www.w3.org/2001/XMLSchema"
	 xmlns:xsi="http://www.w3.org/2001/XMLSchema-instance"
	 xsi:noNamespaceSchemaLocation="http://www.weather.gov/view/current_observation.xsd">
	<credit>NOAA's National Weather Service</credit>
	<credit_URL>http://weather.gov/</credit_URL>
	<image>
		<url>http://weather.gov/images/xml_logo.gif</url>
		<title>NOAA's National Weather Service</title>
		<link>http://weather.gov</link>
	</image>
	<suggested_pickup>15 minutes after the hour</suggested_pickup>
	<suggested_pickup_period>60</suggested_pickup_period>
	<location>Waterloo, Waterloo Municipal Airport, IA</location>
	<station_id>KALO</station_id>
	<latitude>42.55444</latitude>
	<longitude>-92.40111</longitude>
	<observation_time>Last Updated on Oct 17 2017, 12:54 pm CDT</observation_time>
        <observation_time_rfc822>Tue, 17 Oct 2017 12:54:00 -0500</observation_time_rfc822>
	<weather>Fair</weather>
	<temperature_string>67.0 F (19.4 C)</temperature_string>
	<temp_f>67.0</temp_f>
	<temp_c>19.4</temp_c>
	<relative_humidity>42</relative_humidity>
	<wind_string>Southwest at 11.5 MPH (10 KT)</wind_string>
	<wind_dir>Southwest</wind_dir>
	<wind_degrees>210</wind_degrees>
	<wind_mph>11.5</wind_mph>
	<wind_kt>10</wind_kt>
	<pressure_string>1018.5 mb</pressure_string>
	<pressure_mb>1018.5</pressure_mb>
	<pressure_in>30.08</pressure_in>
	<dewpoint_string>43.0 F (6.1 C)</dewpoint_string>
	<dewpoint_f>43.0</dewpoint_f>
	<dewpoint_c>6.1</dewpoint_c>
	<visibility_mi>10.00</visibility_mi>
 	<icon_url_base>http://forecast.weather.gov/images/wtf/small/</icon_url_base>
	<two_day_history_url>http://www.weather.gov/data/obhistory/KALO.html</two_day_history_url>
	<icon_url_name>skc.png</icon_url_name>
	<ob_url>http://www.weather.gov/data/METAR/KALO.1.txt</ob_url>
	<disclaimer_url>http://weather.gov/disclaimer.html</disclaimer_url>
	<copyright_url>http://weather.gov/disclaimer.html</copyright_url>
	<privacy_policy_url>http://weather.gov/notice.html</privacy_policy_url>
</current_observation>
