<?xml version="1.0" encoding="ISO-8859-1"?> 
<?xml-stylesheet href="latest_ob.xsl" type="text/xsl"?>
<current_observation version="1.0"
	 xmlns:xsd="http://www.w3.org/2001/XMLSchema"
	 xmlns:xsi="http://www.w3.org/2001/XMLSchema-instance"
	 xsi:noNamespaceSchemaLocation="http://www.weather.gov/view/current_observation.xsd">
	<credit>NOAA's National Weather Service</credit>
	<credit_URL>http://weather.gov/</credit_URL>
	<image>
		<url>http://weather.gov/images/xml_logo.gif</url>
		<title>NOAA's National Weather Service</title>
		<link>http://weather.gov</link>
	</image>
	<suggested_pickup>15 minutes after the hour</suggested_pickup>
	<suggested_pickup_period>60</suggested_pickup_period>
	<location>San Luis Valley Regional Airport, CO</location>
	<station_id>KALS</station_id>
	<latitude>37.4393</latitude>
	<longitude>-105.862</longitude>
	<observation_time>Last Updated on Feb 22 2018, 2:52 pm MST</observation_time>
        <observation_time_rfc822>Thu, 22 Feb 2018 14:52:00 -0700</observation_time_rfc822>
	<weather>A Few Clouds and Windy</weather>
	<temperature_string>34.0 F (1.1 C)</temperature_string>
	<temp_f>34.0</temp_f>
	<temp_c>1.1</temp_c>
	<relative_humidity>35</relative_humidity>
	<wind_string>from the Southwest at 28.8 gusting to 35.7 MPH (25 gusting to 31 KT)</wind_string>
	<wind_dir>Southwest</wind_dir>
	<wind_degrees>210</wind_degrees>
	<wind_mph>28.8</wind_mph>
	<wind_gust_mph>35.7</wind_gust_mph>
	<wind_kt>25</wind_kt>
	<wind_gust_kt>31</wind_gust_kt>
	<pressure_string>1013.8 mb</pressure_string>
	<pressure_mb>1013.8</pressure_mb>
	<pressure_in>29.92</pressure_in>
	<dewpoint_string>9.0 F (-12.8 C)</dewpoint_string>
	<dewpoint_f>9.0</dewpoint_f>
	<dewpoint_c>-12.8</dewpoint_c>
	<windchill_string>21 F (-6 C)</windchill_string>
      	<windchill_f>21</windchill_f>
      	<windchill_c>-6</windchill_c>
	<visibility_mi>10.00</visibility_mi>
 	<icon_url_base>http://forecast.weather.gov/images/wtf/small/</icon_url_base>
	<two_day_history_url>http://www.weather.gov/data/obhistory/KALS.html</two_day_history_url>
	<icon_url_name>wind.png</icon_url_name>
	<ob_url>http://www.weather.gov/data/METAR/KALS.1.txt</ob_url>
	<disclaimer_url>http://weather.gov/disclaimer.html</disclaimer_url>
	<copyright_url>http://weather.gov/disclaimer.html</copyright_url>
	<privacy_policy_url>http://weather.gov/notice.html</privacy_policy_url>
</current_observation>
