<?xml version="1.0" encoding="ISO-8859-1"?> 
<?xml-stylesheet href="latest_ob.xsl" type="text/xsl"?>
<current_observation version="1.0"
	 xmlns:xsd="http://www.w3.org/2001/XMLSchema"
	 xmlns:xsi="http://www.w3.org/2001/XMLSchema-instance"
	 xsi:noNamespaceSchemaLocation="http://www.weather.gov/view/current_observation.xsd">
	<credit>NOAA's National Weather Service</credit>
	<credit_URL>http://weather.gov/</credit_URL>
	<image>
		<url>http://weather.gov/images/xml_logo.gif</url>
		<title>NOAA's National Weather Service</title>
		<link>http://weather.gov</link>
	</image>
	<suggested_pickup>15 minutes after the hour</suggested_pickup>
	<suggested_pickup_period>60</suggested_pickup_period>
	<location>Alma, Gratiot Community Airport, MI</location>
	<station_id>KAMN</station_id>
	<latitude>43.3219</latitude>
	<longitude>-84.6878</longitude>
	<observation_time>Last Updated on Feb 22 2018, 4:39 pm EST</observation_time>
        <observation_time_rfc822>Thu, 22 Feb 2018 16:39:00 -0500</observation_time_rfc822>
	<weather>Mostly Cloudy</weather>
	<temperature_string>35.0 F (1.7 C)</temperature_string>
	<temp_f>35.0</temp_f>
	<temp_c>1.7</temp_c>
	<relative_humidity>73</relative_humidity>
	<wind_string>Northeast at 13.8 MPH (12 KT)</wind_string>
	<wind_dir>Northeast</wind_dir>
	<wind_degrees>50</wind_degrees>
	<wind_mph>13.8</wind_mph>
	<wind_kt>12</wind_kt>
	<pressure_in>30.55</pressure_in>
	<dewpoint_string>27.3 F (-2.6 C)</dewpoint_string>
	<dewpoint_f>27.3</dewpoint_f>
	<dewpoint_c>-2.6</dewpoint_c>
	<windchill_string>26 F (-3 C)</windchill_string>
      	<windchill_f>26</windchill_f>
      	<windchill_c>-3</windchill_c>
	<visibility_mi>10.00</visibility_mi>
 	<icon_url_base>http://forecast.weather.gov/images/wtf/small/</icon_url_base>
	<two_day_history_url>http://www.weather.gov/data/obhistory/KAMN.html</two_day_history_url>
	<icon_url_name>bkn.png</icon_url_name>
	<ob_url>http://www.weather.gov/data/METAR/KAMN.1.txt</ob_url>
	<disclaimer_url>http://weather.gov/disclaimer.html</disclaimer_url>
	<copyright_url>http://weather.gov/disclaimer.html</copyright_url>
	<privacy_policy_url>http://weather.gov/notice.html</privacy_policy_url>
</current_observation>
