<?xml version="1.0" encoding="ISO-8859-1"?> 
<?xml-stylesheet href="latest_ob.xsl" type="text/xsl"?>
<current_observation version="1.0"
	 xmlns:xsd="http://www.w3.org/2001/XMLSchema"
	 xmlns:xsi="http://www.w3.org/2001/XMLSchema-instance"
	 xsi:noNamespaceSchemaLocation="http://www.weather.gov/view/current_observation.xsd">
	<credit>NOAA's National Weather Service</credit>
	<credit_URL>http://weather.gov/</credit_URL>
	<image>
		<url>http://weather.gov/images/xml_logo.gif</url>
		<title>NOAA's National Weather Service</title>
		<link>http://weather.gov</link>
	</image>
	<suggested_pickup>15 minutes after the hour</suggested_pickup>
	<suggested_pickup_period>60</suggested_pickup_period>
	<location>Alma, Gratiot Community Airport, MI</location>
	<station_id>KAMN</station_id>
	<latitude>43.32194</latitude>
	<longitude>-84.68778</longitude>
	<observation_time>Last Updated on Oct 17 2017, 1:54 pm EDT</observation_time>
        <observation_time_rfc822>Tue, 17 Oct 2017 13:54:00 -0400</observation_time_rfc822>
	<weather>Fair and Breezy</weather>
	<temperature_string>67.0 F (19.5 C)</temperature_string>
	<temp_f>67.0</temp_f>
	<temp_c>19.5</temp_c>
	<relative_humidity>41</relative_humidity>
	<wind_string>from the Southwest at 20.7 gusting to 34.5 MPH (18 gusting to 30 KT)</wind_string>
	<wind_dir>Southwest</wind_dir>
	<wind_degrees>240</wind_degrees>
	<wind_mph>20.7</wind_mph>
	<wind_gust_mph>34.5</wind_gust_mph>
	<wind_kt>18</wind_kt>
	<wind_gust_kt>30</wind_gust_kt>
	<pressure_in>30.09</pressure_in>
	<dewpoint_string>42.6 F (5.9 C)</dewpoint_string>
	<dewpoint_f>42.6</dewpoint_f>
	<dewpoint_c>5.9</dewpoint_c>
	<visibility_mi>10.00</visibility_mi>
 	<icon_url_base>http://forecast.weather.gov/images/wtf/small/</icon_url_base>
	<two_day_history_url>http://www.weather.gov/data/obhistory/KAMN.html</two_day_history_url>
	<icon_url_name>skc.png</icon_url_name>
	<ob_url>http://www.weather.gov/data/METAR/KAMN.1.txt</ob_url>
	<disclaimer_url>http://weather.gov/disclaimer.html</disclaimer_url>
	<copyright_url>http://weather.gov/disclaimer.html</copyright_url>
	<privacy_policy_url>http://weather.gov/notice.html</privacy_policy_url>
</current_observation>
