<?xml version="1.0" encoding="ISO-8859-1"?> 
<?xml-stylesheet href="latest_ob.xsl" type="text/xsl"?>
<current_observation version="1.0"
	 xmlns:xsd="http://www.w3.org/2001/XMLSchema"
	 xmlns:xsi="http://www.w3.org/2001/XMLSchema-instance"
	 xsi:noNamespaceSchemaLocation="http://www.weather.gov/view/current_observation.xsd">
	<credit>NOAA's National Weather Service</credit>
	<credit_URL>http://weather.gov/</credit_URL>
	<image>
		<url>http://weather.gov/images/xml_logo.gif</url>
		<title>NOAA's National Weather Service</title>
		<link>http://weather.gov</link>
	</image>
	<suggested_pickup>15 minutes after the hour</suggested_pickup>
	<suggested_pickup_period>60</suggested_pickup_period>
	<location>Ames, Ames Municipal Airport, IA</location>
	<station_id>KAMW</station_id>
	<latitude>41.9906</latitude>
	<longitude>-93.6189</longitude>
	<observation_time>Last Updated on Feb 22 2018, 3:53 pm CST</observation_time>
        <observation_time_rfc822>Thu, 22 Feb 2018 15:53:00 -0600</observation_time_rfc822>
	<weather>Fog/Mist</weather>
	<temperature_string>31.0 F (-0.6 C)</temperature_string>
	<temp_f>31.0</temp_f>
	<temp_c>-0.6</temp_c>
	<relative_humidity>92</relative_humidity>
	<wind_string>Southeast at 8.1 MPH (7 KT)</wind_string>
	<wind_dir>Southeast</wind_dir>
	<wind_degrees>130</wind_degrees>
	<wind_mph>8.1</wind_mph>
	<wind_kt>7</wind_kt>
	<pressure_string>1027.2 mb</pressure_string>
	<pressure_mb>1027.2</pressure_mb>
	<pressure_in>30.30</pressure_in>
	<dewpoint_string>28.9 F (-1.7 C)</dewpoint_string>
	<dewpoint_f>28.9</dewpoint_f>
	<dewpoint_c>-1.7</dewpoint_c>
	<windchill_string>24 F (-4 C)</windchill_string>
      	<windchill_f>24</windchill_f>
      	<windchill_c>-4</windchill_c>
	<visibility_mi>2.00</visibility_mi>
 	<icon_url_base>http://forecast.weather.gov/images/wtf/small/</icon_url_base>
	<two_day_history_url>http://www.weather.gov/data/obhistory/KAMW.html</two_day_history_url>
	<icon_url_name>fg.png</icon_url_name>
	<ob_url>http://www.weather.gov/data/METAR/KAMW.1.txt</ob_url>
	<disclaimer_url>http://weather.gov/disclaimer.html</disclaimer_url>
	<copyright_url>http://weather.gov/disclaimer.html</copyright_url>
	<privacy_policy_url>http://weather.gov/notice.html</privacy_policy_url>
</current_observation>
