<?xml version="1.0" encoding="ISO-8859-1"?> 
<?xml-stylesheet href="latest_ob.xsl" type="text/xsl"?>
<current_observation version="1.0"
	 xmlns:xsd="http://www.w3.org/2001/XMLSchema"
	 xmlns:xsi="http://www.w3.org/2001/XMLSchema-instance"
	 xsi:noNamespaceSchemaLocation="http://www.weather.gov/view/current_observation.xsd">
	<credit>NOAA's National Weather Service</credit>
	<credit_URL>http://weather.gov/</credit_URL>
	<image>
		<url>http://weather.gov/images/xml_logo.gif</url>
		<title>NOAA's National Weather Service</title>
		<link>http://weather.gov</link>
	</image>
	<suggested_pickup>15 minutes after the hour</suggested_pickup>
	<suggested_pickup_period>60</suggested_pickup_period>
	<location>Harriet Alexander Field Airport, CO</location>
	<station_id>KANK</station_id>
	<latitude>38.53828</latitude>
	<longitude>-106.04864</longitude>
	<observation_time>Last Updated on Oct 9 2017, 10:55 pm MDT</observation_time>
        <observation_time_rfc822>Mon, 09 Oct 2017 22:55:00 -0600</observation_time_rfc822>
	<temperature_string>26.0 F (-3.6 C)</temperature_string>
	<temp_f>26.0</temp_f>
	<temp_c>-3.6</temp_c>
	<relative_humidity>82</relative_humidity>
	<wind_string>Calm</wind_string>
	<wind_dir>North</wind_dir>
	<wind_degrees>0</wind_degrees>
	<wind_mph>0.0</wind_mph>
	<wind_kt>0</wind_kt>
	<pressure_in>30.44</pressure_in>
	<dewpoint_string>20.7 F (-6.3 C)</dewpoint_string>
	<dewpoint_f>20.7</dewpoint_f>
	<dewpoint_c>-6.3</dewpoint_c>
	<visibility_mi>10.00</visibility_mi>
	<two_day_history_url>http://www.weather.gov/data/obhistory/KANK.html</two_day_history_url>
	<ob_url>http://www.weather.gov/data/METAR/KANK.1.txt</ob_url>
	<disclaimer_url>http://weather.gov/disclaimer.html</disclaimer_url>
	<copyright_url>http://weather.gov/disclaimer.html</copyright_url>
	<privacy_policy_url>http://weather.gov/notice.html</privacy_policy_url>
</current_observation>
