<?xml version="1.0" encoding="ISO-8859-1"?> 
<?xml-stylesheet href="latest_ob.xsl" type="text/xsl"?>
<current_observation version="1.0"
	 xmlns:xsd="http://www.w3.org/2001/XMLSchema"
	 xmlns:xsi="http://www.w3.org/2001/XMLSchema-instance"
	 xsi:noNamespaceSchemaLocation="http://www.weather.gov/view/current_observation.xsd">
	<credit>NOAA's National Weather Service</credit>
	<credit_URL>http://weather.gov/</credit_URL>
	<image>
		<url>http://weather.gov/images/xml_logo.gif</url>
		<title>NOAA's National Weather Service</title>
		<link>http://weather.gov</link>
	</image>
	<suggested_pickup>15 minutes after the hour</suggested_pickup>
	<suggested_pickup_period>60</suggested_pickup_period>
	<location>Lima, Lima Allen County Airport, OH</location>
	<station_id>KAOH</station_id>
	<latitude>40.7081</latitude>
	<longitude>-84.0214</longitude>
	<observation_time>Last Updated on Feb 22 2018, 4:53 pm EST</observation_time>
        <observation_time_rfc822>Thu, 22 Feb 2018 16:53:00 -0500</observation_time_rfc822>
	<weather>Overcast</weather>
	<temperature_string>37.0 F (2.8 C)</temperature_string>
	<temp_f>37.0</temp_f>
	<temp_c>2.8</temp_c>
	<relative_humidity>100</relative_humidity>
	<wind_string>Northeast at 10.4 MPH (9 KT)</wind_string>
	<wind_dir>Northeast</wind_dir>
	<wind_degrees>60</wind_degrees>
	<wind_mph>10.4</wind_mph>
	<wind_kt>9</wind_kt>
	<pressure_string>1031.2 mb</pressure_string>
	<pressure_mb>1031.2</pressure_mb>
	<pressure_in>30.42</pressure_in>
	<dewpoint_string>37.0 F (2.8 C)</dewpoint_string>
	<dewpoint_f>37.0</dewpoint_f>
	<dewpoint_c>2.8</dewpoint_c>
	<windchill_string>30 F (-1 C)</windchill_string>
      	<windchill_f>30</windchill_f>
      	<windchill_c>-1</windchill_c>
	<visibility_mi>9.00</visibility_mi>
 	<icon_url_base>http://forecast.weather.gov/images/wtf/small/</icon_url_base>
	<two_day_history_url>http://www.weather.gov/data/obhistory/KAOH.html</two_day_history_url>
	<icon_url_name>ovc.png</icon_url_name>
	<ob_url>http://www.weather.gov/data/METAR/KAOH.1.txt</ob_url>
	<disclaimer_url>http://weather.gov/disclaimer.html</disclaimer_url>
	<copyright_url>http://weather.gov/disclaimer.html</copyright_url>
	<privacy_policy_url>http://weather.gov/notice.html</privacy_policy_url>
</current_observation>
