<?xml version="1.0" encoding="ISO-8859-1"?> 
<?xml-stylesheet href="latest_ob.xsl" type="text/xsl"?>
<current_observation version="1.0"
	 xmlns:xsd="http://www.w3.org/2001/XMLSchema"
	 xmlns:xsi="http://www.w3.org/2001/XMLSchema-instance"
	 xsi:noNamespaceSchemaLocation="http://www.weather.gov/view/current_observation.xsd">
	<credit>NOAA's National Weather Service</credit>
	<credit_URL>http://weather.gov/</credit_URL>
	<image>
		<url>http://weather.gov/images/xml_logo.gif</url>
		<title>NOAA's National Weather Service</title>
		<link>http://weather.gov</link>
	</image>
	<suggested_pickup>15 minutes after the hour</suggested_pickup>
	<suggested_pickup_period>60</suggested_pickup_period>
	<location>Altoona - Blair County Airport, PA</location>
	<station_id>KAOO</station_id>
	<latitude>40.29994</latitude>
	<longitude>-78.3168</longitude>
	<observation_time>Last Updated on Oct 17 2017, 1:53 pm EDT</observation_time>
        <observation_time_rfc822>Tue, 17 Oct 2017 13:53:00 -0400</observation_time_rfc822>
	<weather>Fair</weather>
	<temperature_string>59.0 F (15.0 C)</temperature_string>
	<temp_f>59.0</temp_f>
	<temp_c>15.0</temp_c>
	<relative_humidity>41</relative_humidity>
	<wind_string>Variable at 5.8 MPH (5 KT)</wind_string>
	<wind_dir>Variable</wind_dir>
	<wind_degrees>999</wind_degrees>
	<wind_mph>5.8</wind_mph>
	<wind_kt>5</wind_kt>
	<pressure_string>1026.3 mb</pressure_string>
	<pressure_mb>1026.3</pressure_mb>
	<pressure_in>30.29</pressure_in>
	<dewpoint_string>35.1 F (1.7 C)</dewpoint_string>
	<dewpoint_f>35.1</dewpoint_f>
	<dewpoint_c>1.7</dewpoint_c>
	<windchill_string>58 F (14 C)</windchill_string>
      	<windchill_f>58</windchill_f>
      	<windchill_c>14</windchill_c>
	<visibility_mi>10.00</visibility_mi>
 	<icon_url_base>http://forecast.weather.gov/images/wtf/small/</icon_url_base>
	<two_day_history_url>http://www.weather.gov/data/obhistory/KAOO.html</two_day_history_url>
	<icon_url_name>skc.png</icon_url_name>
	<ob_url>http://www.weather.gov/data/METAR/KAOO.1.txt</ob_url>
	<disclaimer_url>http://weather.gov/disclaimer.html</disclaimer_url>
	<copyright_url>http://weather.gov/disclaimer.html</copyright_url>
	<privacy_policy_url>http://weather.gov/notice.html</privacy_policy_url>
</current_observation>
