<?xml version="1.0" encoding="ISO-8859-1"?> 
<?xml-stylesheet href="latest_ob.xsl" type="text/xsl"?>
<current_observation version="1.0"
	 xmlns:xsd="http://www.w3.org/2001/XMLSchema"
	 xmlns:xsi="http://www.w3.org/2001/XMLSchema-instance"
	 xsi:noNamespaceSchemaLocation="http://www.weather.gov/view/current_observation.xsd">
	<credit>NOAA's National Weather Service</credit>
	<credit_URL>http://weather.gov/</credit_URL>
	<image>
		<url>http://weather.gov/images/xml_logo.gif</url>
		<title>NOAA's National Weather Service</title>
		<link>http://weather.gov</link>
	</image>
	<suggested_pickup>15 minutes after the hour</suggested_pickup>
	<suggested_pickup_period>60</suggested_pickup_period>
	<location>Denver - Centennial Airport, CO</location>
	<station_id>KAPA</station_id>
	<latitude>39.5599</latitude>
	<longitude>-104.848</longitude>
	<observation_time>Last Updated on Feb 22 2018, 2:53 pm MST</observation_time>
        <observation_time_rfc822>Thu, 22 Feb 2018 14:53:00 -0700</observation_time_rfc822>
	<weather>Overcast</weather>
	<temperature_string>27.0 F (-2.8 C)</temperature_string>
	<temp_f>27.0</temp_f>
	<temp_c>-2.8</temp_c>
	<relative_humidity>66</relative_humidity>
	<wind_string>North at 10.4 MPH (9 KT)</wind_string>
	<wind_dir>North</wind_dir>
	<wind_degrees>360</wind_degrees>
	<wind_mph>10.4</wind_mph>
	<wind_kt>9</wind_kt>
	<pressure_string>1017.3 mb</pressure_string>
	<pressure_mb>1017.3</pressure_mb>
	<pressure_in>29.88</pressure_in>
	<dewpoint_string>17.1 F (-8.3 C)</dewpoint_string>
	<dewpoint_f>17.1</dewpoint_f>
	<dewpoint_c>-8.3</dewpoint_c>
	<windchill_string>17 F (-8 C)</windchill_string>
      	<windchill_f>17</windchill_f>
      	<windchill_c>-8</windchill_c>
	<visibility_mi>10.00</visibility_mi>
 	<icon_url_base>http://forecast.weather.gov/images/wtf/small/</icon_url_base>
	<two_day_history_url>http://www.weather.gov/data/obhistory/KAPA.html</two_day_history_url>
	<icon_url_name>ovc.png</icon_url_name>
	<ob_url>http://www.weather.gov/data/METAR/KAPA.1.txt</ob_url>
	<disclaimer_url>http://weather.gov/disclaimer.html</disclaimer_url>
	<copyright_url>http://weather.gov/disclaimer.html</copyright_url>
	<privacy_policy_url>http://weather.gov/notice.html</privacy_policy_url>
</current_observation>
