<?xml version="1.0" encoding="ISO-8859-1"?> 
<?xml-stylesheet href="latest_ob.xsl" type="text/xsl"?>
<current_observation version="1.0"
	 xmlns:xsd="http://www.w3.org/2001/XMLSchema"
	 xmlns:xsi="http://www.w3.org/2001/XMLSchema-instance"
	 xsi:noNamespaceSchemaLocation="http://www.weather.gov/view/current_observation.xsd">
	<credit>NOAA's National Weather Service</credit>
	<credit_URL>http://weather.gov/</credit_URL>
	<image>
		<url>http://weather.gov/images/xml_logo.gif</url>
		<title>NOAA's National Weather Service</title>
		<link>http://weather.gov</link>
	</image>
	<suggested_pickup>15 minutes after the hour</suggested_pickup>
	<suggested_pickup_period>60</suggested_pickup_period>
	<location>Napa, Napa County Airport, CA</location>
	<station_id>KAPC</station_id>
	<latitude>38.2075</latitude>
	<longitude>-122.27944</longitude>
	<observation_time>Last Updated on Oct 17 2017, 10:54 am PDT</observation_time>
        <observation_time_rfc822>Tue, 17 Oct 2017 10:54:00 -0700</observation_time_rfc822>
	<weather>Haze Smoke</weather>
	<temperature_string>64.0 F (17.8 C)</temperature_string>
	<temp_f>64.0</temp_f>
	<temp_c>17.8</temp_c>
	<relative_humidity>38</relative_humidity>
	<wind_string>Calm</wind_string>
	<wind_dir>North</wind_dir>
	<wind_degrees>0</wind_degrees>
	<wind_mph>0.0</wind_mph>
	<wind_kt>0</wind_kt>
	<pressure_string>1019.0 mb</pressure_string>
	<pressure_mb>1019.0</pressure_mb>
	<pressure_in>30.12</pressure_in>
	<dewpoint_string>37.9 F (3.3 C)</dewpoint_string>
	<dewpoint_f>37.9</dewpoint_f>
	<dewpoint_c>3.3</dewpoint_c>
	<visibility_mi>3.00</visibility_mi>
	<two_day_history_url>http://www.weather.gov/data/obhistory/KAPC.html</two_day_history_url>
	<ob_url>http://www.weather.gov/data/METAR/KAPC.1.txt</ob_url>
	<disclaimer_url>http://weather.gov/disclaimer.html</disclaimer_url>
	<copyright_url>http://weather.gov/disclaimer.html</copyright_url>
	<privacy_policy_url>http://weather.gov/notice.html</privacy_policy_url>
</current_observation>
